x1,x2,x3,x4
-1.7746831781526975,-2.43870523841054,-1.8240890152490437,0.2287777710742138
1.4937286018892002,-0.3106780664440826,-2.704121046320634,-2.902832677538597
-2.333976421766709,-0.057537014137990374,1.7148603941764589,2.68425609016673
-2.7412432849496122,-2.6395259102570816,-1.1203144268299272,0.9658418497562505
-0.175375685455603,0.06482213206768997,-0.012902557481258644,-0.08465408539511801
-1.2769916384263928,-2.625090582653294,-2.087306758913509,-0.7098932760605035
-0.7386494677131287,-2.6113269329713344,-2.5595210012009013,-1.1524383434708083
-1.7271924881145426,-2.967350750147981,-2.464123632105196,-0.3849745011531637
0.3609964593364293,2.1732552394995377,2.6890230811187883,1.8580073590415473
-0.3521930186449738,-0.22289200727472513,0.11044973121266372,-0.24777066930866062
0.23705695382904718,-0.282071313296574,0.031074053465554845,-0.19827455357015758
-3.1082739893500855,-2.6646192231625947,-0.8246012256257084,1.6217071094926299
0.13784301123081574,-0.032250504343949736,-0.3520758291109235,0.07412651159540735
2.534443347512684,2.012361618638145,0.2059960795554898,-1.7747740090820978
-2.4692790549575103,-0.8976780268648604,1.3871245890319437,2.5959190276964206
-0.48423996721398577,-0.04548336812201623,-0.09912002818800564,-0.04072857592579186
0.1497241785915704,0.07834399361958638,-0.11507154783076551,0.11179814383090875
-0.4992205039806845,-2.050825355897063,-2.9352417867999536,-1.9362834825257218
2.8464115755978736,1.6629221560008254,-0.7798417182355137,-2.3856109618709596
1.6797589560209145,-0.5046809508402857,-2.5856810717699124,-2.938006364226696
-0.08999453464483995,0.2804710660527949,-0.430348880707224,-0.1843888598439183
0.06148664071713509,0.15400370098837343,0.15095943868614417,-0.06399919133264713
1.370563885011393,2.804495883015558,2.3993606773259164,0.7858416212850238
0.13928709910208917,0.36015377703877893,0.007723350058451081,-0.3690444001101225
0.4185472404013768,-0.2900188384737083,0.24280223062158546,0.010214549467901422
1.6207446712823304,2.776042927682027,2.2235022306321404,0.5252764541560991
0.9270605980549765,2.755519346126882,2.847649750203899,1.4929097161132028
-0.28713114370458476,0.4009108102222108,-0.03212686888526975,0.3169057781136943
-0.0889605139577625,0.023076889262905746,-0.31315012153654237,-0.1817761382015335
-0.8023097393824364,1.128525303835587,2.728104327048637,2.407523727752211
-2.828215865524261,-1.3794023549530843,0.6584177126054088,2.277980323129105
0.113005427450308,-0.07919062699500949,0.4697559444944288,0.32990155713485214
-2.9419726723462545,-1.8219633464780827,0.22948468584783588,2.527605018534825
-2.1637450028273517,-0.17410089888491068,2.310377497204111,3.0314800997464184
0.18021883911169811,-0.4182029144964095,0.7077945159906743,-0.18019522403077967
-0.39750834029586574,-0.4730669149962406,0.29044663780269714,0.18787384362861012
-2.359127119193582,-1.0037671913059436,1.3006515463251154,2.6609446596542634
0.0034388650396064316,-0.22609319858981025,0.31073721331419624,-0.05266053060652815
2.4383223512267618,3.367618693863709,2.0484997921014805,-0.1443547815459104
-0.03248840225711623,-2.484452524077643,-3.2261936722312057,-2.5022086498260308
2.2194526321810315,2.801452154246268,1.981766618952558,-0.4016449920470617
0.08732060217893675,-0.054813689843349354,-0.21941447972295738,0.08493744567593528
0.07934218731733891,0.09649743345143068,0.3987381743350395,-0.22800444329674016
0.23928290674882063,-0.15807471651286548,-0.28682207818594596,0.2653386621476472
0.3628206274825044,-1.9402210885104767,-2.9601230085169186,-2.3565081041669678
0.03769329069271066,-0.04812977565418584,0.19525797662066235,-0.30664969742587506
-0.08137830769885664,-0.622993984176456,0.43419515932655683,0.005110362219453621
-0.08125564970720393,-0.036788382201123945,0.21235714667568845,0.2602655089692025
-1.3578426177420597,-2.929149894217683,-2.923643006651176,-1.1934282385769233
2.0919003418800806,-0.4146956377388691,-2.1352096351307295,-2.9378908575440486
0.3815709000744587,-1.973312575002207,-3.605244866550574,-2.7505761661208163
0.3456093058483866,2.5279860846144064,2.844263664595712,1.9005386614767659
-1.5023752945363131,-0.27244353250235764,1.7250498018289115,2.4961772036003596
-2.668838805001452,0.03873285327617565,2.566298854148784,3.331739819790534
0.1375036010288617,2.469570369449055,3.1965049340014953,2.1224426083623977
-2.1790853765774827,0.15352487537832848,2.277124549207548,2.952106385524952
-1.4560167466076628,0.7906809673420705,2.571206629015694,2.9241378944082284
0.4229408912520523,-0.2695507073408547,-0.11352783950891117,0.002953460460561587
0.5686341758623792,-0.0977216296277411,-0.10586127497298006,0.4341096759957454
0.13961552118482673,-0.5370292001967027,-0.14869475860776415,0.0037235640818938987
1.7308605285270577,-0.46567363648937965,-2.13178807294163,-2.761232088111919
-0.20334490956708426,-0.518407980014948,0.23588185294722724,-0.15416375203459232
-3.0075351382456477,-2.7615463068599477,-0.4215032524931649,1.860264557660785
0.17290584590939365,-0.09927892383747955,0.09695289313305182,-0.46859491412600196
-0.2994131695038463,0.09877890490631884,0.016423026226274038,0.29290190864156307
-0.04243102908638735,-0.16367610520961245,-0.22570433478268415,-0.2542613018762521
-2.199905968676864,-0.47367906642244345,1.696813042781544,2.9412986059585444
-0.41038898278037567,0.15954390703921312,-0.27495646648731487,0.19825569581335145
-2.0152828158739142,0.45423888083182734,2.5127057377102426,3.3490209450275716
-2.615064425152505,-0.8812934028424259,1.196167045556141,2.7445388598567355
-2.0540805085746325,0.2479808454169894,2.5624145838260812,3.1054230243061283
0.43507735875219294,-0.2846130738334274,0.20195944729423906,0.2634950031587324
1.7273624645319485,2.756389768061575,1.6309547133414681,0.23795033146841874
-0.2899546873884433,0.3449531568593557,0.10992401950001972,-0.2612739472905919
-0.00905568897183465,0.06427741627887891,-0.20170323082814928,-0.2928942056631678
1.1742861011445682,-1.2313141865892583,-2.4587431390008683,-2.8324796496900384
-0.01904422725017215,0.28310217144903704,-0.3216154578349256,-0.01681063443677409
0.020848449673065504,0.23155107042043152,-0.17028193189197224,0.25372507023638513
0.4420208518257485,0.5451199443300949,-0.22765615048208648,-0.6181555519525932
-2.4233531256392253,-0.42741830604121595,1.6117573499244666,2.822691844477597
-2.8580066086588065,-3.043250529384917,-1.9109842310876992,0.43182175376989107
-3.2920328741818037,-2.966284528006433,-0.4716479677253683,1.2557564026293355
1.31883167049507,3.039776171889244,2.5140298629733575,0.9904486208491796
0.13387107059594047,0.03681319710264165,0.3127308102727602,0.19726912235803523
2.539908941597601,0.7882738116408052,-1.6685788345715804,-3.079433988493526
0.3272159586904526,0.5166557034277286,0.3800865933702619,0.14934688916550656
2.285428114563374,2.946131196112393,1.9100719210401491,-0.20207556990346393
-0.18539780513235224,-0.24788530058018982,0.4616280387421193,0.09466735906690277
0.4570714202157429,-0.1552017151576563,0.16175153040881438,-0.15802098090064343
0.12565653417397407,0.2994083120671051,0.08596825063698137,0.20992412337761424
0.08278624792532746,-2.1454896291447283,-3.2891929473622885,-2.164743215486891
0.1345089206461881,-0.037272204736583534,0.32615763302763523,0.10920127188393128
-0.003565814034673851,-0.5303998672443343,0.01966479644233266,-0.1253832178907067
0.17170452020691138,-0.16754410452061652,0.19216101367293703,0.25895224467731814
2.7711744467157944,2.787119099258578,1.5157814490058439,-1.1364769181031082
-3.0405748382430438,-1.7760155215279778,0.7464200042717729,2.3540192891947074
0.03910153671408734,0.2922726992434512,0.08753735985997847,0.3505758086726347
-0.32052883169795365,0.047271266834150054,-0.2938765754545863,-0.5358271738956898
0.28192166045514877,-1.8183698078613366,-3.2985282869772554,-2.4333513652797842
-3.42760135475388,-2.8020638585692788,-1.2901155438727154,1.2645869874578626
-3.190634283345422,-2.3322053000171272,0.27451034414319087,2.5855430054587454
0.07343822104373446,0.2711390488294144,-0.0015843254040447587,-0.09986383554308137
-1.0369703621248052,1.4581809168767421,2.990728555025043,2.4765761559809505
2.209649277183428,2.9700507763098174,2.1113460892832627,0.0037250911156656227
-0.3078671187159771,-0.21912668259806115,0.1944490185641854,-0.24607966911622625
-0.0770909503053632,-0.36599587625554386,0.16988224058688925,-0.2819419009366813
-0.015126470447495974,-0.23500097526847422,-0.3352219482110598,0.020411185362060068
-0.15111341738864523,-0.5009406461083147,-0.22978035792104823,0.09981639315256362
1.5825261960109989,-0.9562733991922624,-2.5007652534464784,-3.0892738161379807
-0.0957973484778916,-0.07883407944505348,0.3170358410319999,-0.06740542822624267
0.3713404816746341,0.16114511869578113,0.2382489380342393,-0.10144860222281829
-0.4327980949555447,-0.16853226810726793,-0.21766359454952172,0.23852306734736176
0.3705700848514514,0.1752499212963592,-0.02004385224938888,0.24729339303785924
-3.074511146558842,-0.839260914833463,1.5602606454824084,3.1538170670784598
2.3388990049208633,0.12427654973029971,-2.134267444474735,-2.9450604979912236
-2.1723535882969225,-0.21097854077062614,1.9247957666546913,2.8250776981914676
1.703583473292582,-0.6034451789064614,-2.1842030467954716,-2.68527456025811
-0.11308629897759279,-2.145023609125014,-2.616077739838377,-1.5453096422604222
-0.7197126032789762,-2.2278979142442967,-2.4988656764853894,-1.488261094787448
-1.3500708668311476,0.47875377671394326,2.4892143162632285,2.622476077851942
-0.11796850017878001,-0.37903759075184584,-0.21062016160507085,0.13609344970946957
-1.1742182473879188,-2.6593457955142643,-2.7614775546137174,-1.389706643203567
-0.14021498090130294,-0.19117373030387835,-0.36367540907285817,0.4147449159333967
-0.09367798771137194,-0.12720543003517615,0.08128609383449212,-0.4954685431947156
-0.17040649699833416,2.3259073244081327,3.360670651302546,2.2351333003044243
-0.0564484380876745,-0.17549788966353747,-0.16998685978714,0.000968137557281588
2.5911288859101207,3.3062465303634347,1.4758349877508572,-0.8886487610130137
1.6622939972428474,-0.7086652644302018,-3.0295509555295377,-2.7575721171815366
-0.15994710823721195,0.11091687168399748,0.21513234543512108,-0.24312147618090912
-1.9021853101083106,-2.888089210292555,-2.1878067192601267,-0.43612767067034003
-0.16489137172992513,0.20701901753255753,-0.3798112880624714,-0.012498984292872757
0.6307454013139083,-2.289700939399628,-3.3158705707180696,-2.556917872493132
-1.9767768803339425,0.31235725473844356,2.475757066578879,3.1158020103369486
0.21034829166309862,0.16402477743795765,-0.21143206420717942,0.10057653578807435
0.01074691721825505,0.07572048015016432,0.03597646920619234,0.6161595565711914
1.9068008806688792,3.018100058466466,2.5785687834351227,0.7094643994989855
0.010226454883805388,0.4373628037300412,0.16103316082375044,-0.19284623073743246
0.2924400044719113,-0.08633429612189883,-0.001011194401932731,0.040001974958047526
2.5775020188072513,1.1742110245510613,-1.182886764958867,-2.671230573779728
2.5247105931255565,0.35521952467485857,-1.9691739131604447,-3.242879104966593
0.5219319833537012,2.693311186962331,3.3772819571764816,2.02933191531646
-0.2410960966098839,0.18406504100498997,0.02940594821115385,-0.2925496672956933
1.7989203323756735,-0.9550603658697716,-2.6019696415430666,-3.1646783802256495
0.18233645312866828,0.20440918560894758,0.14977785890153708,0.07779128585777731
-0.1316679706497308,0.05141691471436037,0.11610751213577761,-0.12498742628552925
2.9333734731500685,2.2434348270585396,-0.34185054645045815,-2.0697221135794903
2.7778989298111716,2.0245846668360974,0.2689669652918397,-1.5544580927780103
2.8842310277615844,1.7521378837210364,-0.2645504152679906,-2.4034617012407242
0.2669826735532026,0.14588567446765954,0.047214547162301015,0.08182617016362317
2.7358996043013053,1.3257136284408382,-0.784114493662097,-2.7617824429557984
-0.0021863347890537857,0.06925149919887301,-0.49459764569807263,0.41016525630175815
3.3670914025999785,2.6213505636583263,0.09630546554495922,-1.9641474071551528
0.3125743222937093,0.1637721600262027,0.10420174834407525,0.7412007228966943
-0.38709525874617967,0.059705606195880424,0.004832575108360405,-0.4707284384810596
-1.0214684171121335,1.6031194800936261,3.2122644231687616,3.2160687745076815
0.06016132234859815,-0.28130909736611703,-0.2974931379864358,0.24076714722719172
3.176903321338522,1.2330344682501526,-1.2098434658248953,-3.0620792412957676
0.3468969289230125,0.3287048085650167,-0.24141461796382727,-0.10492923744493551
0.43806857429090024,-0.34361983422431497,0.004853070153706229,-0.06540619420089384
-0.49973058665931064,-0.30312114430800485,0.168685410497746,0.3672619201520129
-2.527841042481527,-0.9826796041258047,1.295712167050889,2.9948556562041753
-0.03526195290730636,-0.2719197160392077,-0.21451182368798943,-0.3488195740761672
-0.42609136345485016,0.12183468826322903,0.34548620085129,-0.18235419179995485
1.8515905384017601,-0.012658001512477243,-2.130831048085216,-2.430556441300928
-0.3660416840814547,0.08930040840691106,-0.2977508043375573,0.22010027380867037
0.20216793236640815,-0.26562861366853935,0.3647556447168358,0.15541719207761037
-0.2030862561528923,-0.5014649529744823,-0.13612085360311865,0.06314246513253689
-2.6160871152715224,-3.290643331426553,-1.8899209489770037,0.780578753118265
-0.12602445611120297,-2.2025777576953502,-2.6677925609974125,-1.8916254862323716
-0.37785486976227095,-2.0233474279239947,-2.5162014585336667,-1.486118934985094
0.30333659047668887,2.3305170100471164,2.822668576651303,1.4184102311403575
2.7434500567398366,3.218049724702984,1.9860911747820056,-0.27591714201259177
-0.5000346470422989,-0.4008143968575835,0.0568042163648168,0.3236180183295838
-1.02900019532568,-2.3074127619874276,-2.253933249673218,-0.9265989428101415
-0.33862702275098516,0.12391296038924708,0.25975206199016965,-0.13375568939435092
0.21998143899627243,0.20506615751471605,-0.20136470949951382,-0.15656599303876956
1.1946693009814187,2.7613038559970273,2.3033737748460403,0.9165574427825057
1.9256396424914601,0.17236608755246113,-2.1381121033371193,-3.139830180243617
-0.24766842491132854,0.4642725293141049,0.3235933796921313,-0.10059484951259468
-2.4295174596405715,-0.2686355149629825,1.5139995841460414,2.8776018940987096
2.603833501625048,2.8591440067503378,1.397325545312853,-0.8410446956730843
-0.21704848017636152,-0.08569246537387194,0.19997636083961703,-0.04216937072719189
-0.04029384140440406,0.05783558509521726,0.18253432471601658,-0.26143529904895096
-0.8954635054708713,-2.603804821239632,-3.0607827614619016,-1.4197000251000325
-1.1455644168952848,-2.8082266163368272,-3.002504033945037,-1.0329434623378417
2.4709014869385895,0.48787208923313835,-1.5521493649722464,-2.955748635775784
0.3080622605142819,-0.06356289549582506,-0.35208070916350864,-0.15975810624211845
0.030434987047895875,0.010812284170573555,0.2931248687263339,-0.31000786348995624
-0.007290148055290601,0.05059381989827386,0.034315627131564455,0.18695217149164028
2.939733790305002,2.264798641478644,0.3602106602020169,-1.730213236135187
0.3044684716613678,-0.19529132670718952,0.25403752769928495,0.2061487722538998
0.5347817307451476,0.2335305972920663,-0.07466152962562726,-0.19578899494394358
2.4665907713900883,0.7366243023688662,-1.3867484059223494,-2.737455829995516
0.05165039405349114,-0.4034952662782757,-0.05583246518058356,0.42351572838053286
0.0025262065196357065,-0.043877180878968275,0.18802491646819802,0.020732201843949593
0.2631125327450677,-0.07857441523511817,0.49329850428320876,-0.10382337616756614
-2.5606062631443645,-2.1508327579845177,-0.6115435200538454,1.298451318032319
-0.022379282131143742,-0.08523025725763463,-0.2813467068773858,-0.035065518392705386
0.2596112282279964,-0.034156636705718266,0.4679518310980288,-0.01662400496213918
-0.23890810009390975,-0.2598290038781149,0.29415048154088386,-0.44569282249362513
2.601630275264148,1.2775548340702438,-1.030315563906666,-2.4951042002486417
0.20498563122294558,0.02468128659092816,-0.1890767098132927,0.1140773587662682
-0.10831130891990867,-0.3428838563697288,0.13524219666884854,-0.25083841859730416
-1.8359307620270335,0.3458053531498896,2.570685080180089,3.0385355988558502
0.07501589128351353,0.45169930989474383,-0.24561296931302815,-0.32072627659867486
-0.1759450924102455,-0.20602941663958485,0.13024936481996,0.25546558253022705
2.9542337335572846,1.9122772198964086,-0.20374002666744084,-2.1858888716003912
0.36510431746673816,0.11675097806274279,0.007920440281471612,0.008303247188471691
1.851138839826449,-0.3919041498533123,-2.6022868968887547,-2.902885042096184
-2.581203892151252,-0.5043656595255428,1.9127530006002762,2.982633223633052
0.10718814645487251,-0.2507179695171704,-0.03517268213984669,0.07713756723179781
-2.3876840013565994,-0.8997078504476812,1.1530673115958343,2.850782763464653
1.7514971946191666,3.0175630942752445,2.7644239149567045,0.5091539358478734
-1.7752408516881886,-2.977968914475637,-2.3820123470532106,-0.19762315831519212
2.1212157636741007,2.639068033950862,1.4620835362941833,-0.7674445734584225
2.39938925586031,2.4577553490016686,1.573600871763856,-0.6017783520833555
-1.9556451552399174,0.22267803484824178,2.1749975780650943,3.2014300542984495
-0.1624253830430837,-0.31863166193579295,0.06527340321024155,0.002487963417256429
0.5017268964899317,0.10655116330598721,-0.26260451191668494,0.12519578639865714
0.6589183019204933,2.5295523345759605,3.11918401554143,1.212858101623523
-0.07142913538580875,-0.0690321280132916,0.34779901270721736,-0.3991888359526182
-0.0797590395148802,-0.12245603307648184,0.27125763824172494,-0.23772079920896014
1.779007269142009,2.8533544018183252,2.5048371348119947,0.5296434192235948
0.29736817561922224,-0.06921141854173331,-0.019160583379075915,0.2733837582311118
-1.6242981560482186,0.7428742492049377,2.7898277180124498,3.09966733888195
0.36355144566870706,0.4643678791204757,-0.20157750552350368,0.10014686202745204
0.325331261095936,-0.44835629069769845,-0.13761693324454527,-0.47977394162165643
0.5218182387870247,0.7042181091284688,-0.02239086657311213,0.19855576499288413
-2.3011256541481004,-3.486476147882019,-2.7793101956547073,-0.6789852197201506
0.027904621065670127,-1.8441655541720787,-2.835405234423139,-1.781705428905226
-0.012578996986296786,0.1106368802605831,-0.6398087437072015,-0.029573576082167458
-0.06967752161585285,1.8319443602442003,2.7198881520285294,2.2147466469931434
0.7277961400788192,-1.4463449410718705,-3.374827702617415,-2.6630229209666516
-0.11688569532723957,-0.0781827404608798,0.008451845130695175,-0.024223166223960108
0.05096748013692508,0.2882493939878039,0.17979223850793388,0.13858717861974654
0.16303905949737982,0.34126484969437326,-0.010286019763627136,-0.12764386933861308
0.3254152419707279,0.14266208135886602,-0.3399663842757052,0.6404638961729797
2.73451684251419,0.6810226964805024,-1.1422211932836368,-2.7454542174640517
0.11033877512153395,-0.3669647834493287,0.3308968351437115,-0.09156391885763916
-0.5673624508773589,-0.32196223660208834,-0.3508782183874667,0.08211019987759634
-2.457062135041727,-2.852371825521502,-1.7060982577617887,0.601849708422822
-1.917631112283062,-0.19815332265727525,1.9753948914067607,2.9619619203213623
-2.3184466749710944,-3.1027802997275793,-1.9024649420342057,0.304767777063394
-0.005285516278416866,0.016876050101161746,-0.46220759968023056,-0.20221075985931072
-0.05842088455587912,-0.050305458300119905,-0.31770662626561463,0.40511315133313697
1.2112641451581232,-1.1661323678436597,-2.9749114130046186,-2.9919769146210933
-2.145710719238335,-3.172060738956827,-2.545223445410425,-0.08024403969221383
-0.1888899355932772,-0.04076949386529769,0.21516319352153127,0.0013008892210389234
2.4993186127663085,3.1903842193642045,2.1137438559530874,-0.18001833528519384
-1.0728782337068874,1.5418269686337103,2.5214227236422837,3.0842540073268276
-2.273549581385724,-3.3162957453511566,-2.525448926622424,0.360313660377597
0.12733014410934324,0.1173006339618017,0.3103383085530774,-0.06111038757676038
-0.2729685666201538,1.8774992973119424,2.8264365205473907,2.3351239363723986
-2.085147835344255,-0.09005016814192301,1.744126567765612,3.005324870515926
-2.104495607084998,-0.3652427989426794,1.9158834069587598,3.278003747493046
0.8909612302669024,-0.819323164339803,-2.3216977987173526,-2.3895849576359365
1.1826676245916186,2.3925020875143836,2.438066648334626,1.0945681765371926
-2.2248253188670284,-2.9328044933427266,-2.204122272963058,0.07676573232912576
-0.29116248337681455,-0.08242217041870262,0.10508756577513882,-0.29088782884786984
2.3143228986098956,-0.16936271947443257,-2.3279202476203986,-3.2645019282622045
2.7758491983582014,2.395361523217615,0.3159736800089106,-1.7374562270145633
0.15754104959782397,0.0141957372445205,-0.5014824470006154,0.1124817389134716
0.1270245098360779,-0.17443176857962556,0.27592753325410646,-0.17519628786573443
0.2971537101195546,0.2513923972614411,-0.04068819427799411,0.033234268128725764
-0.3345114193333182,-0.05911944254358459,0.6048260574872096,0.17770797944105907
2.716844281219924,2.667998129310353,0.4453885253981479,-1.562433962714414
-0.0034542490241151334,-0.15631556304180313,0.4861670222415338,0.037605056608541056
-0.23762016856083312,-0.22687807303432503,0.18984983593374863,-0.24015148253096472
-0.02162073085332748,-0.0003168193614235588,-0.18219639900404103,-0.010630782487076383
-1.7043499190782616,-0.3874292641588528,1.5717633746642516,2.631693370710341
-0.04295315954628257,-0.4142810886111828,0.15864343602584105,0.07526321953438471
-2.2647715586851422,-0.20200306191486242,1.941310707631428,3.1255490865308477
2.4360524632864293,2.9721196209113607,1.6124444184245643,-0.5664167744130822
0.3776438736503218,0.1939885490651288,0.37472422137939876,0.06140127499252549
1.879104135674505,2.9282101531294153,1.8906478220932958,-0.008968115018736789
-0.8609229651510332,1.460545149061716,2.5152699485838705,2.526001310029653
-0.6307452225381521,0.32140202646129523,-0.2389092401906257,-0.16703624105693857
0.1494610953359858,0.1167760756891805,0.11723475324576128,0.06578387299691804
3.1079038705090323,2.0511892200149484,-0.06885075002149463,-2.2843399282064385
-2.02054888566919,-2.9859107200099055,-2.4710282655894242,-0.4874770038484686
-0.22008559755054263,-0.30484961673347183,0.03248435477222186,0.20869084044743832
-2.341144446572871,-3.080935240338669,-1.9007606125586705,0.09387497904755321
0.25922432177408006,-0.08867582135838357,0.04621638007893771,-0.19041917546956583
-0.1060695459652168,0.1961579701441721,-0.17800473696678326,0.31475834902747474
-1.635426868292222,-3.189275709024305,-2.5665849229253506,-0.9014980791582429
2.4006815181968824,2.8257669076878207,2.086989388453379,-0.6293487118858727
2.9870586504779566,2.0938506348246992,0.01868100523056114,-2.1503384426298027
2.8936584320846483,2.7436709995021196,0.9617400647345914,-1.4886071841605335
0.6658042618577997,-1.7392708009776168,-2.398504894728476,-2.3369735763131865
-0.09715810580697362,2.29584491662855,3.3134270782316606,2.281697689764356
-2.995920696055257,-2.9524301652877694,-0.9629782247653277,1.2385865163049357
0.23824157682051558,0.3197444088517322,0.15915283717006645,-0.11943959059925677
-2.8118821906696434,-1.1655180727829688,1.0794717149088826,2.8168760643508977
3.193132076796189,2.5771872539930225,1.3564436395152728,-1.2512789169408909
-0.4542443828188078,-3.093191742964517,-3.431135317473281,-1.8422392219891217
0.6040991204557773,0.09591723416783832,-0.25198122849644083,-0.021409664597075426
0.2650011627563808,-0.20494879108301628,0.09917607733650947,0.013669176612190206
2.792092992876182,3.1428569398858506,1.1196653009151623,-0.8528091592232577
1.4877949498233936,-0.6131277454824469,-2.2172683010870906,-2.6017960673872227
-0.1458078030047692,0.041247115364825976,-0.07550761250649347,-0.403825142699698
-0.13333188844847244,-1.8310679595354005,-2.730283959745734,-2.1076520171408544
-2.784619352042113,-3.043055453147008,-1.7970089735630952,0.6209740708119285
0.25970073893346624,-0.5675428739761706,0.385504287370584,0.24766038958065334
-0.008900539219345844,0.08254787651482005,-0.5562342446925098,0.3455719135698172
-2.4876594605925084,-0.7592110341538842,1.6530033912549464,2.8746741512835317
-0.162090979826212,-2.43222196073213,-2.9639431680263004,-2.1096456476156513
-0.0725923299375032,0.03948425286118848,-0.09446458654929665,-0.30537823387236784
-0.6910552980995106,0.02915533085309261,-0.21472910824117397,-0.33047979747496253
-0.012570130364241663,0.32603756238807263,0.1796507931202,0.21156287284562106
-2.958592155458049,-2.7496747538109707,-0.6951452355717682,1.7319466940605832
0.5002361959942261,0.1719479050645505,0.2446745861362842,0.14380110821225406
2.5146561758840136,2.9699611018758123,1.696844689333744,-0.420692426135978
0.2393713780635757,-0.0656078538316219,-0.1692343837234659,0.06404133463159342
-3.2897223539361358,-2.6218016680803733,-0.3017596627523866,1.893813095284931
-0.6472562584908516,1.4289808812484857,2.969461789126978,2.1633779097938337
-2.672651222179474,-2.184538209941193,-0.3658060159235993,1.6464804376913484
-0.3537781117968062,-2.00574847590575,-3.2155154617281974,-2.2048579241859523
0.12660653370113564,0.06626143502120493,-0.11003358302072017,-0.21501775207454113
0.22109878658415602,-0.20872644919891514,0.2291776015689919,0.32417325067935004
-3.090886553499451,-2.307446968313168,-0.5219663481507197,1.8884836240366885
-0.005103129998546854,-0.43076809400160654,0.37520798251740173,0.026060146072365432
-0.1394882077370236,0.1703785301828533,0.443522448380541,0.3026419561105783
1.0152940017019805,-1.3103510585882971,-2.651591358417814,-2.5248630907885485
1.1759037012558047,2.8439289306669755,2.649145727532221,0.9796226563346861
-1.3167613572654673,0.9024514836973733,2.5850377115411614,2.877604138389644
0.025245028161380592,0.1654379335642922,0.5113172815579661,-0.026984097741875858
0.2504015682056761,0.3214955135807463,-0.09255819158809969,0.2517063176338973
-0.25173339567385616,-0.2044327589221473,0.07715415861535925,-0.12822088143632035
-0.28353571118577947,0.03761244375164149,-0.10813274643817684,-0.1704597479094137
-1.088067345689078,1.169727295691825,2.366277186020273,2.6499431139385394
-0.30897243929585744,0.8744873416814294,0.01717343308496908,0.1664848788487032
-0.15521134836800946,0.20190634985579,0.12325927752753899,0.5449148901360559
0.3230601939087677,0.4695429048341291,0.2302464686497813,-0.2540342384492304
0.06523244164037273,2.1879551852689687,2.85176254654524,2.3008683487051833
3.1155050228854675,0.9758750043970589,-1.2497802527253583,-2.8841690757011866
1.4469177499663373,-0.7707744749170119,-2.4698976632638594,-3.0618541021097982
-0.1913606750413695,2.0405420520965647,2.934159354601994,2.4805241882649547
-0.2143717775658156,0.019249988665293604,-0.23669135906043273,0.47302042231830277
1.6386970111533459,-0.6377190752687727,-2.379791935568637,-2.7412131614999793
2.840921862903867,3.014348265655272,1.4114692608059909,-1.2421308012530305
-0.2338540044325499,-0.17075119525437088,0.2183357006544838,0.17915437148857702
-0.16708886985698926,-0.042491141946513475,-0.05674791356975858,0.48436255808153683
2.804861806829067,2.1201688461645256,-0.09912590011939709,-1.6467508937661206
-0.14244898808827575,0.27104789369513405,0.30156937012215745,-0.20651882799459167
-0.03628977792578165,0.4269553694782036,0.18344633742218044,-0.08214473922872226
-1.8009381387311878,0.28401397379581317,2.132942405160792,2.90874254862827
-1.269731773888012,0.5009247220927374,2.530972429686314,2.835028255545157
0.20442837242958967,-0.020189850674241915,0.21016697668496875,-0.18969258432790065
0.4298399541384764,0.3900180741450525,-0.024294795099666366,0.027306380651193524
-0.19852163023397046,-0.19220282688296628,0.12129475116347221,0.013969370068068376
-2.7284416283537567,-1.047117497356197,1.055586918082908,2.5713471409501123
-0.026422706270309515,-0.4056251066003009,0.12866994749204314,0.044876678147981894
-0.1681580486526264,0.23017340196205693,0.3578183414959602,0.12674957931581274
0.32615424389793685,0.2711541124062187,0.4524891021243516,-0.14593984510639046
0.12642672925495893,0.28109670159824846,0.1844846426646161,0.044570588132754586
0.08295072906958527,0.12547850792802756,0.24385484799248147,-0.12860207594200646
0.9823983952068637,2.8607399118398007,2.6178726916669572,1.5046572269204805
-0.046240225170923306,0.8319689574369894,0.3305283807898417,0.4399873686522563
1.2317875957607187,2.3857210885344027,2.5944648674734605,1.0049831037104424
0.3049835187846289,-1.671468730519098,-2.5710666973705045,-1.8131651111395304
-0.33353000655938975,0.1647027362871291,0.10074645474033281,-0.13788730830244533
-2.748037239045378,-2.41530147656007,-1.1843062212821436,1.3112780153763566
0.14932747662389784,2.067315432293254,2.753867936174175,1.6806090222710979
0.2090874129708428,-0.32323504814232623,0.5044536654911422,-0.392464009825355
-0.2263976692625385,0.25734685795814405,-0.03526194801834382,-0.04746756812579379
-0.7805453072998738,-2.6875935121236556,-2.908152516350124,-1.0019596650151348
0.11679366825374392,0.5209877491519584,-0.19071686793491993,0.0010845803170403986
1.1254951527350745,-1.198947287846737,-2.738405609905232,-2.5401916079773237
3.09905865635432,1.3639955623928675,-1.3336663666792665,-2.8131846668679983
0.7314555725863149,-1.7801926504969257,-3.0403323149034076,-2.5237873216186646
-3.2044196594881047,-1.0259576870055405,1.189466635795288,2.9866995247098407
-0.49146113650014417,1.6500397525648731,2.6470979567562947,2.3507392965218825
0.4558171480040133,0.12948939902821419,0.05683515575179289,0.18437864692938244
-2.363626141277656,-2.9211899938639942,-1.8742953579358357,0.3405198343632426
-1.1060694543826162,1.225927677107729,2.560718684795648,2.760554466289222
-0.06057530561612074,0.13772124625915083,-0.0012037440998052256,-0.27391926041384673
2.709976440115697,1.2159876598256283,-1.2049610075923958,-2.822876385635638
2.198647355086492,0.7914217227496695,-1.5175101354820728,-2.8683186448350044
-0.44627507224856344,1.9401050583071082,2.651938503240597,2.3984084886873904
0.17590454416807183,-0.007976415342725642,-0.11707675536423748,-0.05748765899629267
-0.11119012125204192,-0.08689888490654261,-0.0031798389120748,0.2927655373494831
0.5054920996558274,-0.25880567060963283,-0.1241710196440545,0.1295567920234863
2.652379945832851,2.5644914562263503,1.0078756343612352,-0.941888666680516
-0.060928350600754855,-0.2420801400144067,-0.20565598154921938,0.00448668511741382
-2.266692174256643,-0.2147102700211544,1.905413898580902,3.073431838819572
-0.6690601949151411,1.6539739511298026,2.9905402072936798,2.1139565035149532
0.4629144910531181,0.1602167637713554,0.20658563344765715,0.5595450301670783
-2.836320586473162,-1.8526854520683607,0.18213130920036047,2.499993473256964
-0.09734589582937972,-0.1021264009908925,0.06351589900663583,-0.12784748857917416
-0.04563471580796534,0.3171282414674049,-0.21579857845123443,0.47201237507905885
-0.007326976630814244,-0.5909642058828655,-0.3755913284782038,-0.32490790027899363
0.2519367647990434,-0.373330335023829,0.38670863362324576,0.016601947115555373
-2.9157561828880847,-2.2148038045559875,-0.24451371861422191,1.9215072806899993
-2.9106974172063307,-1.0116382703486015,1.7314848086685513,3.2405173094221635
2.476997360790605,0.3696151008831099,-1.9470875260016367,-2.8372771476619114
-0.09588848779868869,0.1994072492862996,0.5086807087285551,0.11894555755660387
-3.3337488423996238,-1.9740960007680042,0.7623746636859197,2.8303418981887813
0.20230082298464813,2.487497639928802,2.9902804754229555,1.5620831865173774
0.08104798939803247,0.46458540889620414,0.3008920573888107,0.19169663976841755
-0.10388129245594534,0.03262216117939062,-0.2877871703566531,0.10613447190147315
-2.4906199423267426,-0.4327097884669513,1.6475887542073884,3.029426740895473
0.07139159346829817,-0.30006207604448615,-0.3634717099245577,0.307047761259985
0.42131752767471786,-1.3908389721434689,-2.4572733685969976,-1.9060862953603919
-0.07914449518208419,-0.3604134176788707,0.16156763011134537,0.3810924942309426
0.1734734058232144,0.1108247567917739,0.20812558010145477,-0.052308186634537096
-2.462301479974185,-0.8268395451102001,1.4388379506984048,3.1043934905297803
0.3955686675329918,2.6403278022192853,3.335044030316384,1.7804375531250867
-2.808769984818136,-1.0248592009797746,1.2925835952208184,3.1256152510106143
0.04451525192561495,2.8286845724369023,3.3001461212576024,2.587033665613988
0.28510682805985305,0.10047122549360296,-0.13897486465128667,0.5943884838043814
-0.27140705532919923,0.2913682931254416,-0.1707502064557113,0.13945814073524118
-0.04766190369853627,-2.4004282737346236,-3.050953763181824,-2.1974165359580446
3.1569820248171405,2.0930067532459047,-0.393299035431914,-2.398182280066522
-0.05364256203977932,0.1982054800024742,-0.40857317631458395,0.2617032806148603
3.2331737903452744,1.1122634712069364,-1.7722217256967414,-3.428380724061245
3.1754652721043515,1.7757561148166168,-0.8592498973970195,-2.7784255127239352
0.2861522517205481,0.14947812643318925,-0.3380901191575527,-0.15828508992457957
-0.1774382376074938,0.3098079387464428,0.0009773026932592937,-0.050856239947293366
-0.21476430531322713,-0.39681784078757654,0.2414408317409713,0.4289400944111347
-2.1785963278689744,-0.18806389667115506,2.0695539090832344,2.9682137764671515
-0.13385783486278335,0.14058461796471147,0.712542008204815,0.11236540952138528
-0.197629108263184,-0.14782174699692827,-0.1943395005661414,0.299016765501603
1.8905247264973468,-0.1933842685955367,-2.047482829808292,-2.938907304187255
-1.347881075686747,-2.566774404799566,-2.510791174720197,-1.2419278268171814
-0.16129747756167234,0.29822565937519574,0.20004714644431526,0.2528465776854142
-0.037716072230788794,-0.0032011479420508203,0.2928305898459778,0.14318215327282255
-0.9863905333362967,-2.6819707444308944,-3.236733272169935,-1.600864350809035
-0.05297823127051748,0.11869893975905711,0.1228809709584281,0.10631812178029663
0.33713969706454516,-1.9295320427696407,-2.877621850668496,-2.6723479863551907
2.8478664755964913,1.7599976448657682,-0.26371796033358474,-2.5888127201560365
-2.023987495223976,-3.1863932118470806,-2.8133889723858534,-0.3646311779390058
0.4474425571577883,2.7386485106645577,3.441552888472881,2.2497903451506907
-0.5065876376896429,-2.660672501401586,-3.0048962539256925,-2.0221049442799965
-0.3218109008368,-2.2153226211775747,-2.6243969876787214,-2.0447776262813706
0.6751435299576822,-1.494804640944603,-2.83515876949085,-2.5428227491205844
-0.8993835679222165,-2.8409972237651995,-2.868965383640432,-1.4600078152504703
0.020405278428036834,-0.08232839756358738,-0.008324838413280149,-0.054861136583487735
-0.2566641995479564,-0.1623508462049592,0.19885554191048924,0.2552983973318946
0.019080923624430045,-0.0005677253597781929,0.07777465935711714,0.21641813516988592
0.12615560817622581,-0.08839911942279578,-0.29284281161909487,-0.07196954188302634
-3.209963761919401,-2.2569106198941395,0.06942414543898817,2.2847804127969598
-1.665178076449037,0.8794902115833748,2.9880975551812186,3.2711071992639997
-0.12294412815915927,0.345543322882893,-0.1746075522807914,0.08073199377335495
0.14717267229303233,0.056268467232676346,0.33331739169761404,0.09747503888946069
-0.4487394917189977,0.30257593066866845,0.009795819901415134,0.1468419346733035
-0.4630644275142665,-2.1981592324901804,-2.7500608623666296,-1.5222018560154362
-2.608687086989149,-1.781591888855323,0.3884729486204416,2.159551883648489
0.5560153294891841,2.1548459518921756,2.1554426752030875,1.1599335735464267
-0.5812857866310703,-2.767403306473278,-3.115828116058278,-1.7339876668888405
-3.1283772461694963,-2.5950007227440053,-0.9762309051158078,1.8385833387721298
-0.17602879883889871,0.431375926371533,0.2719464654231797,0.41038419807003984
0.1557417917102963,-0.27511321389810073,-0.24271540535406128,-0.16752125065367512
0.06638480748131609,0.4498009423808348,-0.28884726892391427,-0.2450687314965764
2.7846046243467866,1.4504377334988563,-0.36493113639668234,-2.3403264151811385
-3.132866156292365,-2.5216729561874955,-0.04430257663735865,2.1424531188347746
0.027876635776908514,0.24825112599972646,-0.1362997347629961,-0.12629348955072395
-1.6488704670715608,0.7502281320946199,2.3515267682825596,2.80687013965919
-2.765388190290729,-2.389963562229147,-0.6110946568955286,1.3190261611806364
-0.0614434455947477,0.0372011955402402,-0.46952068274998265,0.001030586849245977
-1.9796920249942882,-2.9625323013225335,-2.574634944361731,-0.08732061488763843
-0.10943223169864495,-0.09239655866142839,0.3334036218442378,0.3150111943954965
-0.8830964153382821,1.4785898222489866,2.5260500821482545,2.488104252686602
-0.11547660357516026,-0.16679863477186185,-0.1979733435698902,0.1242193628701127
2.482328801726942,2.745295663103857,1.2321585321518624,-0.9602639451563577
2.9015410746387906,2.3611395691836257,0.6769284244972402,-1.7275356092182157
0.08466928718005187,-1.6828978829221322,-2.6034369276753275,-1.9340038081726547
0.0342258186734423,0.319112979292078,0.24214322778844288,0.1628074580293249
-0.43329159227005626,0.005523631282777887,-0.38312988822709126,-0.3112745328451323
0.15529479521343909,-0.1071455966158366,-0.30641740195868017,0.06094487988961484
-0.14012193189184216,0.5872086658111932,-0.21969303733747386,0.21713299486100462
1.2135877951474439,-0.9812184686855151,-2.6024786693832156,-3.1517747867357677
-0.009278913309234204,-0.038396897293588944,0.07668375636071975,-0.06350816638139908
-0.42737792543849307,0.36001828654196577,-0.0398035061525434,-0.14345234756791508
1.6373530851622566,2.809872112156689,2.3321702741344654,0.30680372393962474
0.014404366104935368,-0.04586134736316467,0.008743919334704708,-0.13254239098482698
1.5800589469626733,-0.7673293230616234,-2.482724187557018,-2.908554494239805
-0.057433111018775615,0.20235510512100735,0.009395637038416924,-0.08161496070509743
-0.07965951690928277,-0.06742761728823536,0.024769846256960857,0.2507941230079262
-0.2263053661797276,0.36350143697689935,-0.4756798521895719,-0.36952153496536644
-2.320238182870856,-2.208452465931225,-0.24318641853087464,1.6399621226616183
-1.404946119391377,-2.7000134839718237,-2.6674387694870076,-0.6809247486567097
-0.4393960661734667,-0.22274316979622438,0.12849122010636688,-0.42046979194607975
-0.3070748530925169,0.12805763298924752,-0.04826519756079716,-0.02960679968499746
-1.9780192405751922,-0.08493374461859993,2.0205235515177,2.5259149935241147
-0.30084111192211815,0.18584504816341813,-0.11247791338815273,-0.16786818646791024
3.1515245350105756,1.754815075614501,-0.6090624401363616,-2.894289554354519
2.6488934196904457,0.6019371077273482,-1.8171433987261603,-3.3365674476890876
-0.5190523188215201,-2.623874835352964,-2.8058441013849524,-1.8576982803007873
2.5033143389366836,2.930066200863993,1.6723432679755674,-0.255197841300837
-0.1633664555377359,0.1232741810426313,-0.356842484243062,0.13169735788591944
-1.2498817700216627,1.1807981554128928,2.8420270249794917,3.279818519420448
0.26072463860541895,2.5491601102700585,2.896013666611048,1.9010738676584897
2.807311497343422,1.6312100438433546,-0.575934826814408,-2.644385269079564
2.8257209873325544,3.457999361864623,1.485710505904307,-0.7822587976852197
1.3379158386537802,-0.6906064190662667,-2.5146879692260136,-2.778506502008231
0.4093219122807887,-0.1402587887757741,-0.21522025251064866,0.4855802200808683
2.8417282828766965,2.624443870297994,0.6903780442642126,-1.8092141027868696
-0.05255139305047422,-0.4134146035060725,0.09093363049098452,0.07596424688170059
-0.13537383248843432,0.11501460985215785,0.11423805260991292,-0.3517952084398777
0.1133473731116791,0.1668140669242115,0.5479634876896677,-0.03376888598824362
0.06755685332633515,-0.15447783678615667,0.07210742294165239,0.03092901600954086
2.9755949391599636,1.1763455501719435,-0.9955476307273674,-2.900484740856916
-2.716365438612547,-2.105361439612697,-0.09782226421369553,2.0519061849157745
2.585592956486079,1.616467191666281,-0.09912056572373382,-1.89410980074618
0.14441588430541225,-0.450878644488537,0.04363517115308997,0.17571216110372814
0.09398609782005263,-0.03835530659238125,0.1590680282826365,-0.2171634050030557
-0.846705796361944,1.7297786818276517,2.810039761251979,2.4086131683597807
0.06718496888709627,-0.39739490986650794,-0.11944281771270492,-0.28318654553917244
0.28462257773878924,0.2800954243800917,-0.1898014560038658,0.06021331405859188
0.923222208009941,-1.6838021167718533,-2.7596914455040107,-2.7174231370800994
1.6984868792008398,-0.8411838723618068,-2.695058263678066,-3.2289358748393675
0.3219718524086638,-0.051179851375871874,-0.3052751142163371,0.12598483554640655
2.627819118744901,2.5798498704607864,1.1970372199127466,-0.8047208986897446
0.13653909566837708,0.1933348700992275,0.27094943541430105,-0.0346352442633167
0.3639182699493348,0.2966800290411262,-0.3037322520729892,0.5341932436389969
-0.19262686506101429,-0.12010665286848506,0.2002656226940491,0.20438317270016873
-0.027804240004943827,-0.1501708600341167,-0.06738671363439665,0.37352885469282426
0.21355053799998613,-0.027370238989976266,0.64802426419276,0.08470597857493088
-0.3745104051168022,0.4120337468906424,-0.28536631393788375,-0.14181039834487064
-2.303875257102967,-0.7613247070967604,1.8254104630672692,3.034465324332105
2.1524176758348035,0.6321857543295398,-1.6130383192330984,-2.775811185154564
2.868816657181719,1.8969049726031606,-0.4309092794007983,-1.9982341254978788
-0.056683856785076696,-0.04617536205027056,-0.2019577862539649,0.2003936253854192
-0.868640788348334,1.6650108501791312,3.3180588775239697,2.832473335320892
0.3517387052813614,2.5331724655703063,2.923903577346489,1.9216459601047724
-0.06635046049777031,-0.10632913823020493,-0.25697063078553095,0.1902892102517678
0.0072084199000369146,-0.020954478159542506,-0.5016018805126738,-0.08853454507964043
-1.4302457629381158,-2.9806876898234123,-2.3797462334409945,-0.8028762538812059
-2.3054538420748343,-2.8868499853506298,-1.9077656453476088,0.1866081445085203
2.314747868745166,0.6306581177877628,-1.7707891443463788,-3.165672670454355
-1.7642213901647688,-2.823556749949707,-2.3274134358015868,-0.4861643234199413
-2.9123734790855336,-1.6857168869324077,0.34135543882526687,2.329690842299914
-0.06516185027124313,-0.2239239473098646,-0.2599493653156694,0.2702347134258452
0.14147562191969065,-0.05576812599834511,-0.10835371858353698,-0.25367810031411653
2.6644713466477326,0.9780249792587697,-1.3930811927236273,-2.9911551313485667
0.05570666999611397,-0.24746031074324565,-0.006481250657306883,-0.10313514573832307
1.4618039272273489,2.864878315973869,2.3668232865169077,0.6471592799417305
0.12106755940359738,0.17215291710536082,-0.031376758139126,0.001726225619232948
1.8355731085147304,-0.7379546768933074,-2.5962384871920747,-3.0402040592141155
2.3138595074195183,2.7053607889285103,2.1163783464241903,-0.4445348487144797
0.5736251025479387,-0.07031134736134592,0.22748372899241376,-0.07268359381280827
-0.0776979122283843,-0.00937641226824734,0.24820575116252422,0.3232298417270101
-0.19035424690151864,-0.3984374531722577,-0.3028896528146178,0.1658313444421232
-0.19313826406956225,-0.21382445063181862,0.013612754960124394,0.26308426573342175
1.742468125799156,3.048880642015601,2.6686690498330545,0.7112893420705038
0.13332493692858455,-0.06743835506312955,-0.4210065315276647,-0.022091186560307348
2.636943255005158,0.7474565859228842,-1.312796908470019,-2.7960949032573574
-0.06824105152384227,0.4302470831805121,-0.3596766263476644,-0.2038773357727528
0.2636069137316997,-0.12055760749089636,-0.29186493411108516,0.2065857838216417
2.430682486896774,0.8811437728039028,-1.7816312434587298,-3.2390217388564646
0.2676721060496744,-0.1966619783589368,0.16881839645671617,0.5963131126599813
0.24570388129013473,0.160361473143515,0.5553796463086151,-0.4930917376466241
-2.6389596299488636,-2.392372784717334,-0.6262683978821908,1.3859643949825944
-0.1167686118793133,0.24227465492930303,0.1314657614084918,-0.05528836906606037
-0.005943072777534006,-0.2004238382608082,-0.29230226370608287,0.2782053308935758
0.1428834768154702,0.16064853355928213,0.08284966491978747,-0.36131980138662306
-2.2473775285967204,0.21631865571053888,2.2372409817547476,3.361965978307711
2.4293075001677362,3.1528829090743122,1.928758443622971,-0.14162975444987702
0.05458665309359549,-0.39920133629262594,-0.3704346533771713,-0.5286672954307547
-0.33681658613876225,-0.4044993220215452,-0.08745610150335084,-0.03101162230259667
-3.2640652695282397,-1.1834540118171888,1.0956941701365737,2.92405808201955
-1.7431500436675287,-2.770911091474587,-2.2916519640128454,-0.6577845065777281
-0.3677367249084177,-0.3736590285348116,-0.24012453434251826,-0.244427615787113
0.14852623891726938,0.3304659813566555,-0.2130520430313264,0.019277034339860187
1.9400442836156444,0.33011882573778,-2.357696269377382,-3.0058968906045527
0.005128647263064774,0.3584767469892233,-0.19545604289573806,0.45824926442470587
2.086434721191538,3.3804927049478546,2.467864642010216,0.5626229660235333
0.016353255373404135,-0.09647127821361583,-0.3961866322271196,-0.18528629404680563
-1.188920110547496,0.9805502988688024,2.475142263747201,2.6524639181407346
0.11912930335583412,-0.040878031048843286,0.0945543670315467,0.31078550395418725
0.2494932551838025,-0.1809672691950441,0.1796204515439947,-0.216238182864726
-2.244498818350252,-0.12614856410805042,2.315592499324456,3.0290298879318267
2.7088410885036853,1.429891065254564,-0.9499297099229528,-2.8179024951433265
2.9004122569378192,2.288434989184715,-0.06377714352551485,-1.88172174649088
0.31274107565192966,0.32102624276071773,-0.059019688757200456,0.2159363536753659
-0.17863391494951977,-0.48487989883977606,-0.30832318523821894,-0.04584307630679231
-2.0313391246454984,-0.03274102062887119,2.3359176959452634,3.029851232994751
-0.028749709537436944,-0.008764711614387806,0.09984689153415122,-0.24211340933950398
-0.8077655549493824,-2.573941254462916,-3.248517790433914,-1.6587940435817563
1.4170406654859773,-0.6511368594888762,-2.829121362703282,-3.032056111935827
-0.39447888590491637,-0.1869640265961183,-0.3083286144511207,-0.0671770601032813
2.9153029576822056,2.099180367922478,0.37482489605596714,-2.095354441339624
0.19277015395150088,0.6372429470854518,-0.5891420445400892,0.13932342199337056
-1.6029512298300375,0.9998926017306768,2.886783287396598,3.1760698373035714
-0.0028318481837407605,0.1457808592502157,0.18603270234393576,0.18861844495013266
1.3145488773688618,2.6177190773520502,2.4830479610315903,1.099909943401935
2.872626776415492,2.440386386098687,0.5443178505229735,-1.3157037125071278
0.19015582948283982,-0.010806355419741025,-0.15673111153313635,0.22335040763309907
-0.4415931675984954,0.15383447871402187,0.38793292307192834,0.20821176359458315
0.4074491097301283,0.33245857943970364,-0.3433520001334885,0.06505470996487872
-0.19588003586518576,0.2911633804489166,-0.12687492146489932,-0.06399501450958717
-0.004808705397578696,-0.0873113319161482,-0.06207068370347773,-0.01584183964596842
-1.203512042597629,1.2664120173540654,2.358217925181116,2.51856676713619
-0.16579603251054426,0.04285006871184418,-0.6524133952539833,-0.3361156502102499
2.6909777304646783,3.32771969496521,2.0057321397534578,-0.502335979470415
-0.08436642130687735,-0.030020428705476325,0.01547678518710689,0.354989684196318
0.28245932536537177,-0.25024914927269576,-0.21007163376404814,-0.001484306455335334
-0.5252714184482645,0.25992773965746235,-0.009795081336924874,0.24886670187832954
0.06528523169499376,0.07569150680543761,-0.06985076989434834,0.02729455962814519
0.5322933681146275,-0.21630320615328985,-0.008968845042431117,0.12077062589313001
-0.022964363852070926,0.05263337704555786,-0.5952911057319636,-0.21661794206722812
-2.2574318542144005,0.3206790150605997,2.341431301391784,2.9888713643137597
-0.5072888176542396,-0.1636348710179397,-0.17853070300468676,0.27296364212850627
-0.1643088796639573,-0.19696296831435003,0.41395766340650003,-0.04373380911817861
-1.2010055640620625,-3.1623106500466207,-3.3829582120379587,-1.6745723625585596
0.22572572812058422,-2.337347291159456,-3.4096340317382094,-2.8886150495871
-0.17790744469482975,-0.32510801434693687,-0.31888284896341,-0.2978247183250968
-0.38585573660111877,-0.3550760770124903,-0.12291128186626879,0.12085998077241009
-0.3338247488484315,0.33748974261413367,0.19844984150016126,-0.15112651241337186
-2.071610833680175,0.22433326213882104,2.5430021827967066,2.8723212209156554
0.044020865489535675,0.04966002063167383,0.00523500074397671,0.47629456409041204
-2.1359932043071677,-0.22590032677654892,2.1189027802417018,3.191393770410624
-1.185324730304071,-2.6960846789505464,-2.6143441872391717,-1.015330003306255
-0.09755374030025814,-0.002293737369715145,0.12094526255710206,0.14208108089165636
2.0044800705964887,-0.20872508310628296,-2.4733874778294624,-3.330852516946515
-0.0020449063312913936,-0.08953523182884944,-0.10297618338187187,0.22673509600770986
-0.2540285174661658,0.2688953255437099,-0.34298525778920846,0.36166823355573485
-1.0334890453138528,0.8657308482833628,2.4234295793425775,2.4370708862569743
-0.24721011833503312,-0.5768468568907825,-0.2062448200922266,0.05378687171338168
-0.2238505261726012,0.20368550929518056,0.060930481307240145,0.16250405801315962
1.239012234731501,-0.8899479484272281,-2.5904010217907225,-2.45271349798595
-1.2687720275731293,-3.034067697195006,-2.880700839003183,-1.0937300379840778
-0.8473216395249354,1.0535951191334614,2.4080167573882374,2.4319179775267252
2.5147490783031516,2.440266870247664,1.0493749378251724,-1.1529595306289888
-0.2033487660970577,-2.2254431257897207,-3.422730432835906,-2.4550514049748555
-1.9548192500151125,-0.15805256940897575,2.4667878824395255,2.9334729748421653
-0.4979221306231532,0.07965915217609515,0.24096049992838778,0.3425878684380013
-2.3542198168886044,-0.7436875910250444,1.2566938777151,2.559873610672297
-2.8547440504617034,-1.9679047524007214,0.1493197823054511,2.4542280423453664
-3.513554461715076,-2.423666064706751,-0.40718721752674203,1.8423228931078588
0.11951725776657382,0.010001321498579204,-0.17659608932132873,-0.3233829120934321
-0.6028475285729457,-0.3550647633385703,-0.34892307820687,-0.14867390948720782
-0.3525028159453721,0.035384168769209516,0.27901007355287405,-0.0110515399051475
2.315632661803404,3.043411118879537,1.6501344034764605,-0.18862589313456862
-2.6838750657991572,-2.692398370094933,-1.1698317513669836,1.2572605428855412
1.5278422052359353,-1.1865311226175264,-2.6364969241250664,-2.9389340490055473
-0.11616422785289397,-0.6582526134039067,0.3546840151634979,0.13764558308901506
-2.1118928419679266,0.25441359551550713,2.328285423590088,2.9551344778785067
-0.5774097755577257,1.9562081875902333,3.001676907020063,2.382585350772352
-0.16433098626418216,0.07864993262037723,-0.18591915874522025,0.07251431478335489
0.35457755016906867,-0.21155165053927227,-0.10875200263596957,0.004188554816895711
0.0971186483662948,-0.08986001563250667,-0.16326844264046816,-0.13774568708930732
3.0552582817116547,2.5595408959498616,0.5601970164421987,-1.7123920387708724
0.3423764752510245,0.3437057361878908,0.41418978205072915,0.0004373578428241287
-0.10822110383908067,0.13270700756084983,0.002458074206127285,0.14942622958850355
-1.735683772489001,0.5423850074927774,2.5827005416070508,2.9880924798397723
0.03777414411791437,-0.2585998659465941,-0.07351904358966421,0.07727853982197568
0.38701461961420475,-1.8585508782860791,-2.883727788565934,-2.3239353654182584
-0.19158472218474737,0.35901610651686067,0.08630151467371482,-0.22343747851968535
-0.3287596267315865,0.10825601630171848,-0.2892798721126521,-0.022419899468055768
0.4473686161250906,-0.0013931177736898393,-0.40241739124145126,0.4610684302140453
0.13482177448424434,-0.04072386989900614,0.19932573579234422,-0.05488121170450673
3.1069236078991587,2.6035784512267113,0.6709458334086034,-1.5948213338855972
-2.2696017063828635,-2.9816777694819416,-1.9135859439436165,0.12089138231704705
-0.08511675886335357,0.016555020308742587,-0.13444896682241742,0.1390328928931076
0.052585848935210115,0.11826333531946656,0.25483551615782,0.19129726017755708
0.3916297383874058,-0.19011643810088047,-0.4105249680144617,-0.31722436726012915
-0.4342039101266431,-1.9587016895711535,-2.375764797090126,-1.6803329319807598
-1.1305749082914263,1.0678890455592638,2.9749728174800296,2.9195115184592098
-0.16898601845857372,0.06335815799389209,0.22438288289244662,-0.12437826306498927
-0.15784859295971246,-0.4368207648805169,-0.21645792798716076,0.3708491761954707
1.4119918552287627,-0.42236624308751974,-2.359662544291773,-2.562194355051601
1.0476935940683012,-1.3602554440135726,-3.003661618359158,-3.2083115206770887
0.07672178161963107,-0.020407122986715643,0.08140716007990594,-0.10494542885893271
-2.529228898755961,-3.197646215400583,-1.6971898211653276,0.7155104464213577
0.18863254923683448,-0.1737040054284777,0.35750516734929005,0.3003868409621857
-2.0788260886024266,0.5730873579878679,2.7468319192647734,3.2912041716015645
-0.25716534740342367,-0.1528610215802648,0.25111478058093245,-0.374860106298045
-0.6535281338602981,1.7052059953573346,3.0216963202297804,2.4936197153471373
-0.7192425149575569,-2.637537999000294,-3.1220752085014865,-1.9033019441134609
-0.28291150624295436,0.13447749789789526,0.2379186330743366,-0.08733858742254752
-0.1527463443791178,-0.10790772694713179,0.03972979997156561,0.30949025544986264
-2.349464654392213,-2.8913456586727286,-2.10195225751474,0.3814727432956653
-0.6668310353486635,1.3227025181215022,2.9095241523035495,2.3530933888980154
-0.08681726415308232,-0.11471781701836363,0.3820464032909703,0.3675625230705387
-0.3210207446454833,-0.2652244627185324,-0.2619922079558142,-0.2189760959397768
0.10088513079687261,-0.34164010027337993,0.06983502216693051,0.28638103090230227
-1.9468990030385829,0.7377149197936046,2.4764644861805616,3.060870127370107
-0.16092290632995096,-0.09825834260849839,0.28578717723742025,-0.44709100401910146
-0.2700437411090563,-0.0689342639003798,-0.18192319933863538,-0.22387163252712658
-3.142812372189843,-1.6245581317941205,0.9704298081333044,2.8036150539954914
1.5023126156862772,-0.7982107472029233,-2.6546920727080536,-3.235583211833906
-1.5146083604577596,0.3925432903322001,2.320789502096827,2.8529682584951153
-2.851013621746446,-1.3465974479617533,0.9664744071404681,2.5657334636668145
0.15925203094935045,0.5378154966918874,0.02973506580670904,0.09977223612060068
-0.02943822292434457,-0.512531654127075,0.27821067261724036,-0.31477380496391766
-0.26168207309065306,0.07046105815998926,0.03999862025007201,0.04412889505669682
-0.23225618378263543,0.24051835265882723,0.13842705846506279,-0.27737295673812207
0.2634070480258575,0.21528538716380152,-0.3651122338737758,-0.32217945874392545
2.9497173288663405,2.8746412865413324,1.3391021796209528,-0.8837229049483577
0.2360298066825952,-0.005408832650473728,-0.1121237591823385,0.07162068971581034
2.188344001390316,2.6851957127284587,1.5294470300574954,-0.49613373703129554
-0.34241128530075154,-0.26543488016875877,-0.39405783677924827,-0.017736350781374775
-0.07694711225841079,0.2462917473923906,-0.2069393717070829,0.1068567922633205
2.112698621016159,0.4489288701816251,-1.7791140464374566,-2.5532516438389554
-0.09525072140758717,-0.6002344475015925,0.4255565384778463,-0.35433560040245266
-0.22341013929855896,0.3062967099946757,-0.047450172978558504,-0.28388978563208783
1.1062858425621391,2.7021642471203626,3.289593471471352,1.7842284405433604
-3.1903289839754545,-1.5337299749094873,0.734096011692836,2.70206904281475
0.5441169091090489,-1.7478199404971007,-3.0807912194511404,-2.510442850904569
2.3608987930747056,2.8887126494204307,1.7733524894524533,-0.2908420789118094
0.12241369937363239,2.203202182267176,3.3125314072175978,2.052210294561869
-0.04613006711126988,-0.14206161061791076,-0.2925791848183206,-0.36108195765571677
-0.2098958551104513,-0.26146182801983237,-0.06646417365102646,-0.06976852203129653
-2.6618373672591256,-0.949043344443101,1.2109325631632126,2.68025222760244
-1.894890913366694,-2.972145467769164,-1.9136460458336364,-0.440266666517121
0.5632860418793645,-1.5986859571663745,-2.9322835600630106,-2.412603613314434
0.5035033834247845,0.06359308865566285,-0.2473635319321103,0.19165130274341016
0.16128722043864047,0.37093729054715535,-0.18026574118700883,-0.07425626909330939
-0.2878397912008566,-0.004442059097245062,0.2138281048827184,-0.3572323223852058
0.5264206742774469,-0.4831010369032329,-0.025314512175325227,-0.35248910540065864
-0.09843809031469873,-0.28593297740740764,0.282689670241531,0.3950024603942108
0.31674283398695147,0.13463121245878704,-0.13880481194454422,0.2354096047306847
-0.31193146530661225,-0.05744231017995693,-0.0651953333761433,0.1905962278051255
-0.16383932465774345,-0.39257913996762395,-0.325565077661482,0.22459228099213482
-1.3955254579764225,0.5322625915944436,1.914938794660706,2.527939404782017
-0.26078995667659016,-0.014336839335090579,-0.3021598963027352,0.02057726097011678
-0.04286698563140861,0.5353764272097551,0.003907686606943244,0.18927046983033244
-1.4565826011157674,-3.227088639046543,-2.745246969385349,-0.6473198474017833
0.20673259752577816,-0.11082507397918141,0.07202417259402502,0.12465021838613072
0.19124011829449977,0.22856599061646332,-0.14961539801162657,0.01695825115963028
-2.297051774632773,-3.020961554313351,-2.6582889943211043,-0.3864288524051189
-1.5521080335055277,1.1554846596977457,2.635860584147841,3.377755798260786
-0.9929748877126677,0.9069450712550045,2.751151792150739,2.6119144644337857
0.19659216224115514,0.2882940846664774,-0.2710787232196729,0.15143868730328
-3.029034352826671,-1.9269444545033594,0.17218280375198824,2.385736821324515
0.0978093286523442,0.03183372506172764,-0.23597654898285578,0.0320913885524356
0.2458031859014736,-2.0162332337460764,-2.661027985762757,-2.2132149437562645
-0.9250823633556202,-2.524242594792841,-2.73684137543143,-1.2338498935720323
-1.6420669284567295,-3.191620128626428,-2.9661752602915934,-0.4029205827145831
2.5768112169648782,-0.1362194884859474,-2.187342079304481,-3.381800786062816
0.10944660565861236,0.34715482955818694,-0.21836166815534444,-0.30716538924600745
0.7131153040906937,2.062871144439395,2.3957258939600097,1.4948108533447277
0.24494944374177688,0.16517132734724987,0.22488505624870786,0.02890474697544009
-0.1611251286448406,-0.2517342975628905,-0.06143759611309517,0.044542126801710144
2.5541517977990207,2.1383285452707543,0.47316013551468616,-1.4247452672064274
0.04994990307292543,-0.2952203370371225,0.09984377651543756,-0.3417547430085998
-0.33783451688048155,-0.027508659359001167,-0.22920628279341282,-0.016044939629642468
0.13275981884723403,-0.18555675990257725,0.039137071550220906,-0.5634454146382808
0.5077914066114375,-0.28497879891264966,0.0310188853524633,-0.2684896706520123
0.06291541927002996,-0.53466712781313,-0.08247811080445842,0.13855477864888405
0.6703154722487112,-1.7269485876482025,-3.1415622421549094,-2.458211135561328
-0.2414704514921819,-0.09608377180081562,0.2828273377472664,0.14254979540205892
-1.697530140034783,0.2163185054165851,2.5042930350127786,2.7410367854419992
0.36495518948760236,0.2317919156175184,0.426394976714739,0.06247491439166372
0.024372539839433174,-0.5484940009879297,-0.015500229919003383,0.20189488765647182
0.5191117745253708,2.0950754048359275,2.528217223749021,1.3443316894924895
-0.005087723532089828,0.43127263761954215,0.2920823284174299,0.38410195432190225
2.710978282001832,1.1400412555227941,-1.4030478286662271,-2.9583445284591874
0.17748983075071764,0.02850696398308692,0.06006661320750247,0.17095418267182372
-0.0730306455586033,0.1342307343767108,-0.18741760173099858,-0.12790508120313432
-0.37189391331248334,-0.44765826638614753,-0.1824410714102051,-0.27072471019547945
0.26807576100502395,-0.27580166451988125,-0.21136194190736382,0.03856381270312705
1.1740232005522393,-0.943132542640096,-2.6725100871904877,-2.5631449924928758
2.33837058288315,2.62310815937502,1.1815630995096358,-0.5758622242428887
-0.5396635735548294,0.4563315044339305,0.30852278305913816,0.04599540054333933
0.5618181865598715,-0.0549253934097945,-0.049187836400585556,0.03348747998990253
0.256870251074709,2.341612976514688,2.8956372328741105,2.009691389644252
-0.04991105706324461,0.3017508092766889,0.27612162426427717,0.4873616606830537
-0.08772205002760317,0.01620077321994655,-0.25174275908545535,-0.1631213808626838
-0.25173077416288103,-0.6594081191234612,-0.1625207049713732,0.2813444407650863
0.11525004447546615,0.08588708689430322,0.060764489283819945,0.3115202826856069
-1.797950324501597,0.33106956553411804,1.8257419417821825,2.7670406157984697
-1.8625531915610951,0.05749857944431386,2.277670283847713,2.6132281610177714
-0.014633633387949188,0.053581036403719695,-0.024196575574521897,-0.0034716723543667207
0.22782900386554644,-0.14181013815697957,-0.05629937954510677,0.3847403450763151
2.856597443547301,1.9504858817628405,-0.303393392306126,-2.1598362163176716
0.018589143025544035,-0.36871527240447066,-0.14015313791020956,-0.5690468649111332
0.05410158068901679,0.36488614606531383,-0.02861028264833925,0.18103888383419486
0.25129051454191986,-0.0352791306210221,-0.2598904120650882,0.3190723409195025
0.08257450046891705,-0.44383184974179,-0.2663129318696471,-0.042271756644214516
-2.2450859035013853,-0.435005164688422,1.7556243695241927,2.6320152079981045
-2.727287014715511,-1.2992027027452193,0.8121595249926843,2.8024096866600074
1.4571806523238522,2.8314479654258475,2.4417930994071404,1.062340778747806
0.23616450346079804,0.20765226560594122,0.06371132302861365,0.41874449893280996
-0.1916744595229457,-0.2355615138972621,0.05538609911917439,0.081796437020291
-0.2799442994506532,-0.25877356696120085,0.06217628349236663,0.48110725052595965
-2.3034314905779047,-0.7741041275109606,1.1587884204047743,2.2756235432716467
0.4042683065650454,-0.04961393084870666,-0.4301708724472372,0.0782833685517396
3.048708752435171,2.8156095162721146,1.0340468118222343,-1.5868624250692014
0.19872171372310013,-0.08033543624914094,0.006041035893226231,0.2945979579892517
-0.22674680301010816,0.373318104654468,-0.08202882151648375,0.0789426754743452
-0.7840237472828108,-2.682882492879731,-3.0683117274187017,-1.274672254409417
-0.22504243395855697,-0.20603642051058157,0.017005523901923173,-0.05541712445743655
-0.3149216794524045,-0.016533065091242045,-0.061165301906732625,-0.1570246915668639
0.02676488830983223,-0.38828156095588184,0.21450095670631084,0.6916415452330011
-2.0710536254660394,-0.181904460107155,1.8187011833188929,2.795820974050804
-0.4058609271657296,0.5899517547085212,-0.21969264890876097,-0.1957132315839809
-1.7197184987662324,0.19114688084342613,2.3741812125617967,3.1468193752301756
0.022329442434785646,-0.02379001579295869,-0.05369892811496275,-0.14761381528218062
0.32351955663043463,-0.2621726923400232,0.22127764646703305,0.07510188107622215
-2.7288401783905276,-2.7193140680635057,-1.7038177906071155,0.5478695320130268
-2.401089420839188,-1.9787266473896783,-0.30718276311531095,1.8901626658285249
-2.836661716012985,-3.402486545578546,-2.1048950048843857,0.15813745130778772
-0.10385238958927885,-0.20505764482324884,0.5072784604154198,0.4523670311663514
-2.2630401752012688,-2.715732242010291,-1.8431323659491783,0.46848487050014
-2.712936633924553,-2.7685816677574016,-0.869619985727122,1.5547604153406924
-2.7101126137629943,-1.8268243970607516,0.0546237931789352,1.8759348857638125
0.007066054082284803,-0.1440775397286008,0.017245802793079634,0.002367874307793239
-0.9914981903742619,-2.5767652518836774,-2.615847039635381,-1.1909106934534022
0.06615522839682772,0.11599032018325803,0.22788316811885256,-0.20009852476883794
-2.551306203718224,-3.0202965856148816,-1.6491443313572478,0.464768611056453
-0.10007092895217959,0.18944363287033028,0.26809860406236974,0.21088778560115937
1.5270359118604306,-0.7265407173667812,-2.5911470194683877,-3.047472597751476
0.06229706644040679,-0.194494053726033,0.14461749549585273,-0.10620100906658983
0.37101741345414563,2.4695798006995067,3.253597688114998,1.9283880739036856
-0.16162123144398685,0.08061328798180376,0.2954971934712292,0.573727743197296
0.8035828946321766,2.4821040599328765,2.6131235900729664,1.7126614899712405
-2.221877977567549,-2.6787211285462447,-1.8427156766703443,-0.04943482472444101
2.1569557439055225,3.151376773080261,1.8724554287068433,-0.2617549698635087
0.1949702314761033,0.5928255443466346,0.44249307277580147,0.3532099160686409
1.427066981732519,-0.6888842513949076,-2.4909033869617665,-2.6039325168726912
-1.5810330183407868,0.7342554816298295,2.400951069128294,2.8797179201177254
-2.2118995201265608,-2.7160780987792768,-1.7728308516824507,0.5461267910269544
0.3417539672613952,2.117778427801996,2.976034452566979,2.1473829530221704
0.39253710159572197,0.15330568220616914,-0.2026536535597958,0.10030097571704537
-0.030570428069948124,0.13730064674324038,0.38750961891236635,-0.22737554679712002
0.605766420785922,-1.7885197484977802,-2.866640943451911,-2.7017698259848943
0.5327904217766158,-0.35268237655032875,-0.1359755698517027,0.11770545975500384
0.15586600930312985,0.1787975854647034,-0.01532035113202865,0.11921692870668989
0.45480000678287763,-0.4466809683753639,-0.12703288489671674,0.18678445042862524
0.13551609569847253,0.08430531124880247,-0.47216610191931097,0.2922204849461681
0.0665555079018919,0.09868845048003329,0.20382697297772046,0.3500879740433231
-1.1164666849482099,1.4777611549937224,2.7202613729362106,2.8083549682299815
-0.06117697694159622,-0.2669700484924688,0.33623922063795525,-0.2578596546997578
-2.6668489536681497,-3.1424808854502677,-1.8184195626472814,0.24304244711313272
-0.23939636061999517,-0.1504410020607183,-0.0030024429542498576,-0.02696407499009796
0.4777297044996221,-0.4307922499853594,-0.032725021255439926,-0.42909004404928636
-2.863296413469095,-1.047636227178704,1.3754905965445303,3.0835390085383727
-0.17815683590124773,0.3111851238756505,0.2010804563066726,0.21987936232059235
-0.332606075052096,0.5230033241389537,0.15683467028241796,-0.13916477791621715
-0.6633454628236405,1.568192833739145,2.7976364042590856,2.7683963751271934
1.937548119519384,-0.4449372482018536,-2.523895361748442,-3.0302449657941786
0.007495868886392684,-0.13086506069391207,0.2640516230415847,-0.34883369861344626
0.008897549429887274,-0.02431436989881413,-0.30001076007763,-0.6690729566861843
1.4294037963690744,3.0001353122145207,2.7788444645369323,0.8624094651831243
-2.7938274483134355,-1.4401889327136346,0.751763913614822,2.478269241689811
-1.8947005380783557,-3.2919107079495493,-2.880990814938724,-0.8609705734790059
0.259336943658224,-0.07498616316690741,0.09062938290817077,-0.5186786156867979
-0.12692645402830321,0.06262233489605777,-0.3129053424596052,-0.22886937789110304
0.06890780726254611,-2.2267456262292633,-2.93506827003582,-2.2721835096737477
0.1209174956065022,0.14010504804355114,-0.24091243419096942,0.3520109762993323
-0.18463489809367817,0.18838797364346846,-0.04010606360242607,-0.13316154411280792
-0.8132234968581424,1.178034481953343,2.806167082772904,2.7185138770092765
1.3028454316800384,-0.7275003961226674,-2.570315007780332,-2.486416445889822
0.4894784439683371,-0.31231010268264864,-0.021432123460538268,-0.039087443574246095
-0.13159669200588833,0.007691958077413706,-0.05232379891085616,-0.4735274752896198
-0.21797874958408578,-0.38432144776251664,0.32754022189024795,0.07259050714486272
-0.20263580497706807,-0.42855533907518056,-0.1780061094802365,0.07480997977922497
0.15694831946960466,-0.23283269338830218,-0.47248464034080767,-0.1004265127850807
2.871072784969337,2.707386709439382,0.921521316342401,-1.1003969340306736
1.0864204138532683,2.815719909529054,2.6545448119265753,1.4192781939250518
1.8064526218414407,-1.1261988795480238,-2.8665770743895918,-2.941559332919783
-0.15962245941786857,-0.09609626603489457,0.0039019001372559772,0.4775730268868618
2.7284196529934035,2.5037394300158318,0.6134764221451824,-1.3652778704252797
-0.47190517760715744,2.0984516437507432,3.1890348437342566,2.5831865742680495
-0.23026964823203133,0.07106234306113013,0.08646176097262273,0.07753161643191205
0.5988694707559888,-1.4979524005726101,-3.168740811481325,-2.5523961439041094
0.1594193713548582,0.3141303582170214,0.2039004318256276,-0.16816624294632174
-0.06669937922177736,0.1503052229053584,0.2340118467670895,0.6198386509394193
-0.011795374198126367,0.23296722073696285,0.3822075650219399,-0.22604840551018687
2.370573679889209,0.29577222509003714,-2.2691493729895957,-3.090224988822469
1.5561854019099628,-0.48072854199078957,-2.5195449690870624,-2.955287600509371
0.16748827652626497,-0.23831789807213283,-0.5010404713060391,-0.3902628971050051
-0.0726623184933289,-0.009463246909887528,-0.0442743381833694,-0.26194727639333715
0.2946525584649469,0.05055106943567216,0.48397710416712625,0.173334208041271
0.2014192799658231,-0.46462674175848406,-0.09636352595126461,-0.33602726794624616
-0.35515249339779165,0.28861931444434047,-0.12354811744914214,-0.2362662875808449
-0.02113608367776581,0.4325166407135435,0.159019700445671,-0.2459088055713413
-0.7943275504873852,1.6319606937119433,3.16875390554474,2.3791002184578587
0.1225119724836475,-0.17590152308471382,0.3265390193478098,-0.007770019239178603
0.47626712116689496,-0.121815088342335,-0.05283989987141394,0.0683493152165448
0.014184300281411485,-0.02967663011917694,0.07737772601256755,-0.34375571843269914
-3.438915654840986,-1.536306503734325,1.0595800063846594,2.9467789278370433
0.30466664384152264,0.2333911724902765,-0.041144068312007544,0.2009268329625993
-0.22258807345156265,-0.13737898891993372,-0.14242862167916534,0.3610049028660424
1.4565961314404259,2.921215687198288,2.623256053047688,0.9075961289549915
2.115343629728159,3.0278742481640855,2.029850867839924,-0.4441255695428966
-0.2061988470048278,-0.2393852599435274,0.21193996672387586,0.0351678673432339
0.09704475374766855,0.20818357796087023,0.07424614948306581,0.06274264577203517
-1.7803614350467423,0.04875175125919551,1.8815368111952737,2.3845794113531618
0.17708604820799131,-0.16652130398041165,0.0615295949569816,0.5772241234137201
0.27959566495527366,-0.11796470181254741,0.3479254929301271,0.2142766973730171
-0.036745085465657516,0.11713057630906372,0.05077928540285102,-0.3881167031580173
-0.1608745050470174,0.4816782948613978,0.13142637876235339,-0.551418831431166
0.09782958932564247,-0.2994880414070286,0.20529134003825922,-0.5132057969003987
-1.7441043783384373,-3.062544196604546,-2.280106582338852,-0.22472509196960938
-1.9948402797200708,0.4307572024524402,2.1971165696498876,2.8463391766320343
0.07986734152952815,-0.25218482411628157,-0.06321932903884434,0.2659907861462549
2.4062375868651107,1.2699547702272862,-0.43824915495628647,-2.0724415205509836
-2.628342760391368,-2.3615997563657096,-0.36262880329048786,1.7170079878478466
-0.2631716507499994,0.7421951653140337,-0.4676923335525608,-0.1921779000046143
-2.1791786782032885,-0.4529634677326422,1.8678684378637944,3.0064799899530352
2.1940841192606166,0.19007051124970104,-1.9576916735640504,-2.754858081081059
-0.06712456666456734,0.024107286306056082,-0.077576228837169,-0.23029227517808837
0.15538302494357767,0.12538022112451822,0.05915462923342146,0.392163711543998
2.2021687162614403,-0.5484389841916031,-2.7778305472423694,-3.625771164613257
-0.07310418800408429,-0.7154119013078011,0.1459313945970111,-0.17178877656458863
2.2773187920570632,0.14478082397793474,-1.760316785102198,-2.8265156605051733
1.3177762149305174,-1.2218887401816267,-2.7978069339426295,-2.66845139624254
-0.1983707341925429,0.15924812619402343,0.17694756127749095,-0.37380986869029864
-2.0868743885409957,-2.6598931157271166,-1.2472010308109929,0.744970744641772
0.7910650777583462,2.6756539346199433,3.1701718517282362,1.8268492264656764
2.5272279638601836,-0.11500950340911056,-2.3973304740375023,-3.6064617911960406
0.17335949165968373,-0.18586233961254509,-0.25313081282211913,-0.09817761627302052
0.009486631359309737,-0.04141088290106378,0.4266933949750828,0.1759519312404015
-3.223964824400809,-2.106543408547903,0.3572607739682026,2.560494232251731
0.7601166622076306,0.024271145710802838,0.18872211749833304,0.3577010385715302
-2.8018901472236286,-3.1018918202705956,-1.849968422912222,0.5262655522008407
0.3646630200847762,0.08822782760060967,-0.163872034029224,0.18774074592959386
-0.001130023229851597,-0.23458349394568104,0.4750579241692515,0.11663518150435394
-0.4866289502227492,-2.4157972169530315,-2.8219133373951726,-1.885311955810712
2.817078084967884,3.559362911212335,1.2927812780863037,-0.9013738136901632
-2.384441381323131,-3.103762923808791,-2.181314098629177,0.37855011910243114
0.4836098846486281,0.033516808493236065,-0.42719651909893125,0.2656211407008854
0.1258989732699594,0.128726076095825,-0.14490208458244386,-0.01945601290428881
3.2183384120029404,2.633247406688035,0.8885897086764714,-1.42134314257672
0.15910799085533325,0.2609038524939471,-0.19378998213211907,0.6448435846248238
0.8873837557441239,-1.284993348249905,-2.5839237610015338,-2.6100963775715877
1.7919860481560033,0.2792592690577547,-2.058026894420374,-2.40263229707641
0.003979333257278427,0.4085459375077136,-0.37718592003085966,-0.15352359355357198
-2.7922559763748565,-1.4854145476890621,0.6858183540563723,2.3684458269980424
0.3461061489135172,0.048843384440120985,-0.07623234759119155,-0.1675760407211671
3.305124715756447,2.061332721374604,-0.3389480222878187,-2.038592643959608
3.059660730782218,2.4097644761992227,0.6055875969604647,-1.6882268736109018
0.4244314811963608,-0.08357367272239324,0.5065778980283122,0.27069162410627146
0.13845723521604486,2.1223707563024323,3.572735270784526,2.133621381841254
-1.8042324223293407,0.40457740330411995,2.557164297811141,2.9897989941513643
0.5369712660954322,0.05980440883459613,0.018736816174456182,-0.21820011666028571
0.16800690227640397,0.05431345744544408,-0.1762866022458339,0.042222460564149696
2.5256064339203586,3.183429959514719,1.7433129418903244,-0.990808350724592
2.3669252676066805,0.2813815073628909,-1.8302439454394173,-3.105251881041291
-0.22046009327399993,-0.21281239399337912,0.006325751433469885,0.03748883532603332
-0.3382654908276594,0.11323409237416708,0.2432204908714563,0.024470526911220567
-0.07078073771451443,0.35637251658918084,-0.09700969207644365,0.02210965789172742
2.839708824570139,2.2252648824267256,0.6622058490600592,-1.3619855677544122
2.8439742608703202,2.895995966955511,0.8867196269896715,-1.0955783580068046
-0.07685399670494751,0.2563488645716546,0.24253978937269519,0.11039531298577517
1.4840903901744644,-0.4889187322837421,-2.5687989868655694,-2.965341827745524
0.1360226802888596,0.13263415864955624,0.278180721406912,0.3426499860072338
0.3572086630636128,0.173715984127023,-0.34469390889227597,-0.13244251330693102
2.227661959136144,2.9222141792653518,2.0489253407975245,-0.32975945146609326
-1.7498789137434507,0.6547371724733627,2.936118103225961,2.9983284115234143
0.3389291460714342,-1.8933144609409687,-3.2427866851097873,-2.512867087557462
2.5090025815530175,2.866859272324286,1.6110923683376444,-0.1103031710294397
-0.24354827495050368,-0.4855309028604652,0.2554220903764102,0.03912211119883231
-1.3308708750638882,-2.7484699410695144,-2.461929803820291,-0.8264505310684924
-2.163244169732261,-0.1454503278540516,1.9937245415111564,3.0863269874540613
0.7390350460416865,2.4377482197509215,3.06594874201294,1.310321254562729
-0.11138983304317167,-0.02614127922574681,-0.19231633871382445,-0.09852872085679278
0.42412031778934656,0.49877891464035606,0.25477719709095037,-0.12435069289956324
0.4900600616071532,2.1627427044939522,2.8764111318703947,1.8907557967329138
0.4316916257927822,2.794097867929195,3.3442802158306026,1.9532907185241977
-2.716627460648953,-0.7858963524749861,1.6763927117447124,2.8758505414516082
0.11426982117214313,-0.11697450324980993,0.09659106686736793,0.02101826354387374
-0.35932955202669753,2.149902879435292,3.208948579920563,2.6504824296047826
-0.17740282030032506,0.018351624552041944,0.38023787064869075,-0.599547582280453
0.07429524325857167,-0.4556471375621753,0.03111531760162837,0.16108198670888485
0.6170152445449674,2.086328462721892,2.911802608832843,1.8737088618035527
-0.08174166158880108,-0.18587376515003437,-0.18617753561641948,0.15989601021367617
2.085083630986716,-0.2443001794839254,-2.6943612742171883,-3.2435677627806068
1.5198787009485026,-0.6515268195556477,-2.366133625150134,-2.613782742100128
0.061876247582820565,0.04672307759794019,-0.044071826224454776,0.0660339975297571
-0.24305262817827386,-0.06188181335438749,0.10013644293132462,0.41247226121793373
0.12934726165587926,-0.3076143357913196,-0.27157433890912697,-0.5265650576854483
0.30457317824022584,-0.07821819509881041,0.17571635560853585,0.4034648141920023
-0.23586445943965545,-0.1983738637328076,-0.009741833950553537,0.17259555613905073
2.9180102490333675,2.3806070277302482,0.7365707963572576,-1.4163800202949897
-0.8355377013902295,-2.6614317537313155,-3.2340250942161166,-1.5590504328807862
2.8175228387579674,2.0243425728416717,0.45264468885040243,-1.924457128569039
2.3952315665755837,1.0144581355610187,-1.2068184420421388,-2.2070001659765577
0.025158939748374517,-0.005667295488203513,-0.0007325259983145073,0.15296833680890762
-0.21236466090862274,-0.22432837998597843,-0.2651239396880434,0.022964897479199563
-1.4115934996750048,0.971046223066019,2.6580091585038685,2.7032536968616725
-0.15336442465745906,-0.05528600655299634,-0.8507605965851496,0.17502209266718596
0.1744683796723099,-0.24187321576203846,0.4452412014971077,0.28779082864189226
-2.906825004604586,-2.5144267502964817,-0.42778559590469395,1.7115516685537606
0.23063135775999236,1.9309937528325933,2.928123692126119,2.2028072666592537
-0.001858611704410189,-0.09642036485118839,-0.05872079694237807,-0.003975946225403384
0.3780856948560522,0.16551586161593146,0.014251168632042689,-0.1498026011881241
-2.9259228668793362,-1.1139733475083298,1.067084741092287,2.980283084981281
2.023192169546981,2.9389190003795598,2.2457985328156846,0.1829949806896928
-1.8732019843231658,-3.4414872099005507,-2.8154620608548897,-0.8255390764229456
-0.4574502122458763,-0.1755892760463687,0.12957840770929632,-0.19660032746579068
-0.9053514031213735,-2.4678215585272203,-2.2901519246191127,-1.0024612945034457
0.4719841754127784,0.22904838107785047,-0.2838272263926362,-0.12676446298676727
-0.15042300534495995,0.10298987240984267,0.2498338747405373,-0.11153046257858014
3.2100841311298236,2.133511087209046,-0.24718037783848615,-2.424328882181264
0.8671348739771276,-1.0957878134659416,-2.599209906153446,-2.8558494355367903
0.4376033728011232,-0.08871262925295273,-0.026065858883856076,0.4146787014965856
-0.47645990621310197,-0.03846677206030383,-0.3204862109086935,0.525028587409753
1.72942625060269,3.0391065271288293,2.475848510105109,0.5354902634641053
0.20356211748448352,-0.08469120532572122,0.05644627084884188,0.3157053462969081
0.3531574569859059,0.3307117701128745,0.35167572619509024,0.1932001519035063
3.319718063811118,2.0382473703803856,-0.3227560596203264,-2.675388429339318
-0.016979561050304307,-0.25351504786995566,0.17219049903571357,-0.18642520429435175
0.19613525952289837,0.20541532219910616,-0.25369219255193143,-0.12274752955436641
-0.009382435181437514,-0.445682874951912,-0.07110876714181019,-0.31334381677397277
-0.9479532556709277,1.6894549347341605,3.0241467275355487,3.102288422227995
2.3658436652245287,0.5651534902404698,-1.9048261484753863,-3.11637460959454
0.19408121141619597,-0.15018180531206182,-0.10824963468928564,0.265811113086032
-2.5364221288486553,-3.3216908896989543,-2.1126258599021654,0.3969356190629809
2.43578839330027,2.394502500578866,0.6121851896937922,-1.7268660086125047
0.7815378609470562,-0.24643012064389,-0.24103522509737807,-0.05022755434816146
1.0226612689337553,3.1502803575510607,2.7768476573815675,1.121849191444773
-0.15891436786161864,0.29717419002120954,-0.002719782171476059,-0.24898349806578463
0.2975431011855208,-0.19618219667251913,-0.0339425086726412,-0.17518279495825526
-0.16388721528069,-0.2896198861807785,0.44868759690187326,0.17690839047519882
0.4601266074172938,0.29332938448337254,0.02157653078621229,-0.38244892407208286
-2.4322582593204687,-3.288605814643968,-2.318821339892404,-0.018095817140199616
3.0198691175989456,1.9402630278825101,-0.544719081234978,-2.4370583999267126
2.1578977345702763,2.8513693226714487,1.9699464941242169,0.001078349759729591
2.228625848740056,3.1442689621837783,1.5902626485969868,-0.5267653592247741
-0.06579375022066963,-0.12382986105392128,-0.03773654616928033,0.15809473047341366
-0.10933152314659354,-0.1376416630048853,-0.031172540563522085,0.10870547524051996
-0.09605933258241776,-0.017240291821286897,0.40681409689103326,-0.0696645777945463
2.1323597158334073,3.1667545300895235,2.037954593959635,0.023526877599554453
-2.3632213092050804,-3.117900667645205,-1.8563223209291757,0.16337609544797405
-0.23146525498189183,-0.006162195932922527,-0.22433602477700695,0.11371313381449483
-3.0697978925372578,-2.2102805310160774,-0.4176880036657944,1.6595834841342212
-0.057906941058396805,-0.36266846134864544,-0.35627109653524164,0.43145727591095673
-1.7240150480388368,-2.906709936104495,-2.379188324764472,-0.5745644327274327
0.2672500718401272,0.38894116789868544,-0.01799855783118649,-0.22958625019025575
2.6933531181528676,0.8353813970392434,-1.8219936268136605,-3.3051118633611467
0.3986756899228659,-0.10673135610711537,-0.1566944036268473,-0.20664361635674275
0.49371996496363557,-0.6231883604345161,-0.1638038777610379,0.5872496410782506
0.23894661033967116,0.05624502858089525,0.09378509136120636,0.024063752489675322
0.47907882874858176,-0.387584105196544,0.4320590666259883,-0.05674210694339314
-0.15557720394097052,1.9582525424060953,3.155889783272593,2.334000591070145
0.14504159562732297,-0.020784931239541914,-0.09318733973416198,0.08524984492621848
-3.0669484032699375,-2.526849933475359,-0.1953812047591087,1.9193715623047563
2.0823454263395194,2.428272517095357,1.72098355950573,-0.14961952455687716
-0.4044160667091503,0.19961961030618944,-0.2524587971713063,0.2117573318060268
0.14878423573639044,-0.007983238111050709,-0.40229190552068633,0.2105316524554488
2.6909710773257904,1.2363489407227448,-0.7144817491600441,-2.6429769755306056
-0.06275907957997934,2.2402749797135275,3.383360566723435,2.347903201580979
-3.1393325163537873,-1.7555265983663413,0.36332946052464354,2.2632777410230265
-3.013086582457677,-2.577186944543238,-0.6452951278004633,1.4318642784909523
0.030922039136840933,0.3360803957370758,0.3792712125959699,0.21822886088238072
2.89656626101537,2.8759436561962164,1.2018710915660094,-1.1891318361780194
-1.9411063529537318,0.25646292719976804,2.2991967815574474,3.0815492238143865
2.848754862540437,2.6080503569880533,0.9436989223605236,-1.1757164539941212
0.18953991582056257,0.1384420814704855,0.10064768179589234,0.05897504583109053
2.422151509765607,0.7175049969507019,-1.7876059262099468,-2.592411619920454
0.2878466493151339,-0.26011015916264085,-0.34567624882665227,-0.09156454915074055
-0.22714653168281462,-0.011069671272977009,-0.033845344499855885,0.08759917038093247
-0.3815762593435425,0.23834426585175347,-0.10209750016388051,-0.20627196274211188
-2.4721675542642108,-3.048500887459613,-1.923361568250192,0.2291232304720364
-0.12479619138795439,-0.2265075762465678,0.08701211173691899,-0.19914021808048726
-3.6724155556041063,-1.582210913064652,0.9736962657166136,3.327578595027131
-0.740908337713835,1.4836880056486246,2.81050716497384,2.607849854400539
-0.16985893490189735,-0.0331939617105656,-0.34276245303061026,0.04774938360825637
0.09360088593087955,0.015045303490569043,-0.05358487931609938,0.3278103617179166
-0.137881644438256,0.19645284113238456,-0.09992799320258498,-0.049837998458209944
-2.962490109165806,-2.748658581354707,-1.0478645552152426,1.3302162725744215
2.6860419088050866,2.5692927160376486,0.5738785591045282,-1.547594972894738
-0.33511626276602946,-0.5222776576074751,0.25984074340668617,0.8403980462165439
-0.4052072869433504,0.10950013060873875,-0.11301763223620236,-0.06018574224994776
-1.1220856557612398,1.0075881547090764,2.5379899749355674,2.1474811910787817
0.09626509345543204,0.07710835091788722,-0.19474131682402382,-0.15218534659147023
-0.32864936433350306,-0.06256927662943897,-0.4590937683039399,0.013587855151354338
0.037039502332757136,0.038563539717994325,0.021846576204691853,-0.33636265974514545
3.023060448637957,1.5934279593479688,-0.806763861100132,-2.8448943110466676
-0.12639015000273718,-0.2572603046047074,-0.18675249362802543,0.1577500333976444
0.20069538860624359,2.6345123785599736,3.106326873085563,2.1758159189620843
3.1149275082178054,2.6212144013731424,0.6567308668718506,-1.7553920237960265
-0.24199863296647103,0.09752414271812006,-0.20087766898348483,-0.24324298288897886
-0.3696839209336648,-0.24163969854187092,-0.17101077624584354,-0.008924330066063947
2.5191787068147167,0.6023292782125353,-1.5142049803921378,-2.7903248415019632
-1.7319395393811228,0.3152070965571808,2.5449656486400394,3.4583574859601605
1.1978658795952262,2.9359113350427064,2.652197993523467,0.7882265038731655
1.9947286531377544,2.364034278916089,0.9424483347036473,-0.8303120631195737
-3.286187756596769,-2.4691693402266752,-0.21702194319482246,2.004352592943011
0.3744952383374997,-0.23784241880501375,-0.20080024964743784,0.11635182461445497
1.9823523366876277,-0.01914234157076696,-2.276271514266245,-3.0579893119306187
0.2378899789192692,0.03852381780761999,0.3126551926769472,0.06955037671085555
-2.594377833708133,-3.131016166917348,-2.3456654025455506,0.24755954042689743
0.20685034252591664,-0.005165894397355882,0.3217484654155158,0.12099392251821765
-1.3797400182594686,0.32844896070541263,2.352815424966562,2.574795026770955
0.6884645531888168,-2.0632063685193813,-3.0713360642676717,-2.6796809563726063
0.3029778697489539,-0.011130146828148082,0.1887210060661349,-0.03973229154734498
-0.1644386212870813,-0.7867719435493415,-0.20343011816592213,0.0693826492860337
-0.34970497651767923,-0.08724055922510128,0.21733675531453692,-0.26569124075311806
-0.3828419282764832,0.26447769227527446,0.048824389223824496,0.1712759557161386
1.5718082052058535,-0.8316018383241237,-2.1338629997111145,-2.1222217093024964
0.08553793941967236,0.002513745516115321,0.044280376982042624,0.10829527521072084
-2.7450473949198204,-2.9042740981655384,-1.4436832176167664,0.8151695857076229
-0.31554033096098405,-0.5383971277263528,-0.01848636702480438,-0.627522938425611
0.4617519365291198,0.03511797997023102,-0.12208666317382373,0.47893880004606876
-0.43268135780373096,-0.03309705008690444,-0.11322118936015509,-0.20169785419123681
0.8219716359601521,-0.14697709132257955,-0.23385849779756007,-0.5347296797733376
2.629187595167281,2.1302981361241224,0.07080833913934372,-1.9757577683043297
-0.1807529408481388,-0.046886993184641845,-0.10838254943762086,-0.22875259285902924
1.867633528308948,2.717606219266671,2.1983129586923402,0.24740692088442723
-0.9477162411690809,1.735459663843671,3.3016656675225944,2.639303526769423
-0.09081438705272159,-0.15255042538445837,-0.09452850055498811,0.22620543336282514
-0.14036036646633135,-0.04249349997152856,-0.29910689874574664,0.07563862064048886
-2.696156981914602,-2.450599213250271,-1.0809391048367663,1.25723969130734
1.9691879921734852,-0.3386404586756586,-1.95242706625955,-3.055173463637408
0.19524266542404603,0.176908693559632,0.2162597184815836,0.15505175205097196
-0.030717499701537317,0.167384201920818,-0.15460173703365332,0.14488866747252613
0.015741209727458332,-0.17867166050759048,0.1905247048103218,0.05578453857005582
-0.18391717352265435,-0.417423661270272,0.06180817104806992,0.15488156590956106
-0.2978895223281498,-0.1786361330291384,0.12124201081775786,-0.0015271443654174732
-0.26800228165532336,-0.05318253642367484,-0.05714574556582197,0.09001834528227305
-2.802067332443968,-2.1362782591757985,-0.889090237241903,1.311537823169602
0.20835127488928834,0.08590914019064784,-0.09739058958967324,-0.017271988704376618
0.3906282506177907,0.058765743884830135,0.012859235378067982,0.007016916982620986
-2.9458134060271415,-1.7615979862830076,0.38130997115824006,2.1115969431421275
2.8269343322104974,2.5266665807217117,0.9523551788686953,-1.6597599858824936
-0.033869260724779866,-0.0480524606786733,-0.23561481378391833,-0.4985771546012059
-2.6333036104237215,-2.867817805324777,-1.3107266118614422,1.0035677021653584
0.19961781356490882,2.408962244499149,3.069764018954555,1.8026532653672345
0.16097490403975132,-0.055910553185629,0.14697563171608508,0.03143572517164303
-0.2063600754504757,2.10565641093365,2.9082159955619216,2.202952311574631
-2.376684656753841,-3.555982370667515,-2.2578958152347126,0.10081995248463882
0.3429846430286208,-0.23765323777371478,-0.021624406706155022,-0.14109864412598144
2.5657848487325703,2.018480218542178,-0.10133797172645946,-2.187524272086305
-2.626276677759523,-2.3019536874467086,-0.4454897462203072,1.6548936908468919
2.614363623884525,0.29370710509459763,-1.9582025201846498,-2.909741824519086
-1.7195319541144434,1.1708958657712063,2.5490556524117984,2.9320345542666244
-0.6759778117213917,-2.6172575612950304,-3.0679394297374607,-1.8208278179649962
-0.00975272249509505,-0.18922709001870278,-0.12988036908357592,0.012313323516812375
-0.10246197294498702,0.009673552750822241,0.39963975823521153,-0.2557236030725302
-1.5476720723468564,-2.977836956925545,-2.310256805609262,-0.7815675499300954
-0.1143906618248195,0.04818004617999722,0.41062008350861656,0.09710610506482736
-0.36866411371721663,-0.06923555323604429,0.1021117350779938,0.16577741710732374
-2.858170157902738,-1.611217296026111,0.5679796012022214,2.685233901977947
-0.08224448348508827,0.2095183172956695,0.277780694104588,-0.19191899368358073
-2.227152420537213,-0.05275461896203691,2.208903489971077,3.2166242204102056
-2.3156772324028014,-0.1995536998204851,1.931303118560926,3.093603738595413
-2.895814517870586,-1.3279439770007924,0.7027734174209546,2.739258454780239
-0.16231694648098002,-0.2552867656657235,-0.165380753293672,-0.3615993806113978
0.5768752661798074,0.07801466905702653,0.3791510938361587,0.13694063127490383
2.930653214777942,3.0111634813715464,1.6152369135419908,-0.8511977758195088
-2.3726735006314885,-3.2549294173544463,-1.8015398818857733,0.4230785345983373
-1.1497823520591455,1.673644783611556,2.9952699308061517,2.54855801266262
2.714697871932985,1.1576483125590729,-1.4458317153037987,-2.665589880852592
-0.5573521278127708,0.23701162755708752,-0.2315758261925909,-0.3254735922407721
1.7720705878233662,2.648415288552725,2.0270174651675044,0.3330427305723499
2.457534819168422,0.7900669417792753,-1.062433894549727,-2.5768709196339827
-2.1996988612354973,-0.3409761630571505,2.123883281772547,3.001623340059904
0.8273069214494342,-1.557417616780297,-3.1501653003245744,-2.5935444970946855
2.1547146021660084,3.218497513046815,2.199776144038458,0.2158450441192599
0.09842964584308687,0.1279862894992117,0.1901501892325057,0.18796688669526002
-0.09576272220808693,0.14438353191301595,0.03036676281001331,-0.45330981912115575
-0.6977070847992128,-2.5730654111384457,-2.833378234309415,-1.230115513396224
2.900885725207903,2.1062027071057963,0.287630282677293,-1.5411992743365792
-0.8772515803042094,-2.2841517401506923,-2.248184287411996,-1.2505657477358127
-1.5863274099765041,0.6202340150157651,2.556498857785074,2.6596203538286374
-2.844724220194463,-2.515242857021841,-0.6783133111961999,1.585441137961341
2.628034794964028,2.2436873421693386,0.2740532862818837,-1.6985918700261373
0.04867047578233457,0.38780397936817795,-0.13816870722327776,0.2912562807529011
0.11585356447112494,-0.5560906174380423,-0.28220117472202444,-0.21942159763085345
-2.866570663755477,-2.4012094945914755,-0.6134008678802616,1.500324930652966
-2.6972221908347698,-2.4621219151059317,-0.8255034884061868,1.2057842684648528
1.9949671602794623,3.1700956221146646,2.637860741036789,0.4473357551301986
-2.679800255691348,-1.812894824185192,0.24978763868719445,2.082804882768101
0.009697130332616408,0.020823558009689186,0.17037735724982547,-0.6166125222973292
-0.10760557004823545,0.11884065729654616,0.08415476346063068,-0.24769062819950993
-0.25616392746039457,2.438287435605903,3.2720928726357843,2.4037622159148775
2.5709141160996594,0.5700379681379972,-1.5380624628906006,-2.8241140694147915
0.17363747758554218,-0.06432836568837653,0.009733348078500787,-0.14452469046683414
-0.06684616567559144,-0.04368413896691979,0.21488196404161047,0.47343454933492946
2.8439707299787895,2.9366742925914866,1.2827706482684293,-1.1839063062194188
-1.2381569970390702,-2.57558469325883,-3.0830214091656702,-1.0587097703275177
-2.003996381974283,-3.639422829152547,-2.4556890049697055,-0.17556988523803502
-0.043339062285156084,-0.07816142429329846,0.011576502815499693,0.418686008335911
-0.8715757203197819,-2.585796090243311,-2.621185627586152,-1.2241845875133985
-0.18749984778123266,0.014507804781602279,0.354919400102516,0.17092433594778136
0.2970568157119072,-0.20217440470882114,-0.36789541722368174,0.28164063378128
-1.911647995130612,-0.27662427350991353,1.9949683700189076,2.8570188908502465
3.157574105145927,2.88101990698879,1.4995969013432981,-0.8343862006325985
0.047192952200977266,-0.07922191824087295,0.3992325248344147,0.10633276898122664
3.49294383964453,2.6809194215684085,0.5338034268786671,-2.3463205002674985
1.6966126653711746,0.17920026567742903,-2.181778029096542,-2.631444441427961
-0.07730941399796962,-0.2823716948930782,0.09076980764505499,0.09790121798621551
-0.39552660966012765,1.7806961547737783,3.018267140785088,2.369047991329494
-1.4419231031541333,0.89693235606328,2.889713665762766,2.8658624133304835
-2.8889152472762967,-1.8638468550686673,0.3106832181678553,2.0312123426415165
-0.11034954839452213,-0.10984836474007093,-0.019697919220925834,-0.027382467211037282
-1.8892152967580562,-3.376696852756763,-2.340277328578014,-0.24862752736773036
1.0876075649914996,-1.7183209002424065,-3.0906804430379906,-2.4965668275677495
0.12829433424913705,2.059316617827622,2.6037132887268837,1.6519108757150969
-0.5976105800517877,-0.10051241991962755,0.41826177566456746,-0.32882850433167643
-0.05609561637956511,0.2080507655694587,0.1400379270934862,-0.09499255061172734
-0.00367483723530593,0.1180057311127331,-0.10729271017683904,-0.1055740995805327
-0.06871729323168876,0.3851699838629107,0.20070274082952855,-0.19374211802380492
3.2354857596816218,1.8379245224034713,-0.8782455671885436,-2.7596363340813763
-0.07447064991157823,-0.15962362958333964,0.050451341246581974,0.4400389416716941
-0.0089221379291223,-0.12136714375169812,-0.011370797885102361,0.002718698291941469
0.05381113132004772,1.0187983921096224,-0.1286748608495532,0.26456905131515723
-2.855480057684986,-2.2101889635179766,-0.16222082881602873,1.8695197073654468
0.2864056532242988,-0.16648066434895317,0.10377569432173403,-0.2632721169278239
0.5790053687689416,-0.09609972866194075,0.11842182979901024,0.03303791042348397
-2.632737227542331,-1.9503214768151942,-0.46560303760609756,1.5308173209949076
-0.13420660366388487,-2.4750426381465482,-3.201530430276504,-2.397995434392431
-0.13086463451544905,-0.5309081326850851,0.0052622257833363035,0.03808767032821856
0.05486601739527541,0.42929674536981194,0.5416051039721239,-0.25432360705280754
-2.5075204665396473,-0.20776723487426932,1.985181237502996,3.0877643689500833
-1.540851283203775,-3.000025020862807,-2.343366398868556,-0.8236631115888489
-0.12456834669371927,0.07121972932912293,0.06781098410739804,-0.03969569393381264
-0.1834975992951689,-0.13509689463919083,0.3133605652939529,-0.05175604642992641
-0.0635960970635307,-0.515758706775372,0.15995772328595526,0.24511526654508253
-1.9921051928732643,-3.033668780596056,-1.7638819509614951,-0.20416275238987464
0.17253093732325891,-0.20157033015564024,0.16508902401042286,0.24410873392917184
0.33260499813850475,2.216467360008125,2.791404186212195,1.8418663483102184
-1.2833089981315497,-2.739042810901454,-2.487286753483746,-0.65566462487234
0.44411816877326293,2.004939939639928,2.470252391383163,1.1682076895071953
-0.012619058092128281,0.4827851957912704,-0.18788957445841564,0.1663625167783187
-0.07518033204580807,-0.24301733630564942,-0.32237674176303277,0.41403901386019076
-1.7502626397513623,-3.0908830480826537,-2.419889233039302,-0.45015574482415455
0.08073052718825548,-0.0930605014324284,0.2557335897997733,-0.10390940659225047
-2.852102266271334,-2.369702981344787,-0.3440429955404658,1.8353678042594688
3.1038703334346542,2.507402396308527,0.9672447898411161,-1.1924261031949006
-0.030159722527068753,0.1752466785742253,-0.24009929268770394,-0.1713548290439127
-2.518233977892335,-2.89118629154033,-1.6297980536381238,0.4562698502377498
-1.9444585561240089,-3.0529789692590037,-2.031547811309801,-0.06386864194820115
-2.5903670666621137,-1.702564126215401,0.6244971663079273,2.136711726573478
-1.1563627493182889,1.3642311137417784,2.9299331793559884,3.0557519268831967
0.6864742601970112,-1.780928060903983,-3.022938340014992,-2.294148502478153
-0.04677071350986325,0.18750139666335264,-0.2877128921107127,0.45705776179192675
2.7685156449103587,1.0575551602368543,-1.4103898571541973,-2.931604311564059
0.3527555809995262,0.21307050681422787,0.27346346829304774,0.12824929959745673
-0.20338385353419464,0.3308515154899771,0.2077870098886014,-0.014192246407321935
-1.9576003430809994,-3.0785656946399396,-1.7401230270851415,0.17268258029569797
-0.05937780341056611,-0.10858362524513913,-0.13933075343519302,-0.016229161428838818
0.08446820797936673,-0.3417767767426465,0.19603039706850797,-0.09626264340424803
-0.18356305468237244,-0.12478950534744863,-0.04850586902141161,-0.30299958785152614
-2.653729294834378,-2.1135085065123467,-0.21149471990070073,1.7321852989484026
0.4785118696641897,-0.02709622171208241,-0.03078419272677034,0.04297546228084803
-2.5988569195513533,-0.6260605643382824,1.7798146307391518,2.8752450100976086
0.6640725008237299,-1.4617316938243428,-2.831381674149482,-2.4268060998714875
0.05545182068521974,0.2771171333214676,0.3975822011547946,0.12292172804625814
-0.18155322062498375,-0.056249343593467574,0.15216589274050177,-0.3488102304980027
0.18718259650257726,-0.19269083059772976,-0.3558088109187588,0.1692734344213991
2.5971931858440764,0.981729312924171,-1.086092207374665,-2.816408328577251
0.10206160410035459,-0.5342797948300297,-0.057155628950985214,-0.0789748897061621
1.3219052348612568,3.102902558206174,2.6546661881716727,0.9966415473376268
3.018555688689076,1.202303830380568,-1.2705905015818038,-3.076247357975281
0.1440547931935678,0.41721042312652334,-0.21042258484724305,0.23307201266072522
0.296587646472089,-0.3528524555818052,0.22934007982864502,0.22288355358126508
0.07741388747382194,-0.1735964564927507,-0.026741575550526274,0.09038611852147858
0.03600689751012159,0.01816109102848376,-0.20031832828984195,-0.16768739828107224
1.7039310598175368,-0.5299776943635454,-2.4749420491514225,-2.7158759230860143
1.7702113440430218,-0.554098965798591,-2.2549785123890542,-2.8401637837074527
-0.22766095984505913,-0.2782121134959233,0.30374161322071247,-0.03754945130500126
0.12391013737412264,0.05253989171466197,-0.2828851497624351,-0.07099089357690488
2.754059443426033,2.655197010045353,0.8871054942839346,-1.0085625643340717
-0.2077087122452495,0.400522967054163,0.18434237380753699,0.37700553233974793
-0.1864918432276964,-0.016191426668404542,0.19218484192125526,-0.08955439237910849
-0.05351605806640347,0.5608390639552775,0.2985771259282472,0.4181052259795948
-0.2311553626559008,0.2596489018396505,0.21623450282692652,0.1404270155054305
-3.014239267743159,-2.7515967098468512,-0.5761532655043026,1.7489704104978916
-2.758967706139996,-1.1137401444801034,1.2902129903870196,2.578909183681135
2.690411567949978,1.238687375785894,-0.9682178909882501,-2.7343229147251797
-2.4355064836826408,-3.032371471462099,-1.7032557424451713,0.2147019812327279
-2.1908548115622035,-3.1700778429308007,-2.014356743151101,0.18768828313419444
0.3943487015067977,1.9462427393755817,2.5140395785373677,1.4807302108899072
-0.05416340616485191,0.39663240519452625,-0.11205550221558992,-0.4260616162620699
-0.3852157837303613,-0.30862717968839204,0.15334579084441372,-0.13003489423689776
0.884565488327485,2.7698390418743934,3.3843772436345243,1.503277970176592
0.07454809604974849,0.3528923845131836,-0.42108892481371263,0.07545062055835164
-0.5402609466136556,1.6991817892704888,2.4743000287511685,2.095088177038316
-2.844885473638411,-2.2667518355347385,-0.5343791374142456,1.4840407509987465
-0.04740575273610004,0.24928522721272248,0.12266439057551097,-0.3260064000903478
-0.21409749635309216,-0.16975361251787016,0.1066251753184906,0.040846427133213827
-0.03536302150083392,-0.03660298986879497,0.09832075251211966,-0.722875622000942
3.2505796426507936,2.5238320819679188,0.2929616362209682,-1.9519138315874243
-0.6495850350423977,-2.6140687453705524,-3.258249276208437,-1.5231300422335452
-0.2420057661252753,0.005659343591811032,-0.22646757928460232,-0.18901102623308333
0.15674155129088152,0.17635749730923445,0.10742806618429493,0.3742532223771416
-0.40418058395407563,-0.28799147113185714,0.13776419974789927,-0.4580181286922361
-2.5576712767611065,-1.5298381810433141,0.8115147052870775,2.4940202272091154
-0.24880436165570877,-2.2480178666548953,-2.7885663690172695,-1.793913576833854
3.0820071861493474,2.3564745397877664,0.5214236082555305,-1.4264387657370248
-2.6554879622874905,-0.5868416014916307,1.8355517032862105,3.177590322896318
0.24442528669288052,0.05517654448515047,0.334413580315203,-0.17557976619286889
0.04640197947826867,0.14058635860098012,0.03544580331464156,0.11157518845722568
0.0792431515642988,0.4099612946706491,-0.14095072938454242,-0.1238041923883702
1.9569354832590233,-0.2692211405765978,-2.6071332685662827,-3.1942255912999413
-0.4303092237989501,0.08154610534151206,-0.0022056278948639476,-0.03329231016592556
2.657916681881246,3.306752641325274,1.6112796071929505,-0.7400927260153218
-0.4745010610037767,-0.2416510237870417,0.12687977095157585,-0.2589350939150112
-1.2514251935069354,0.8105158058180981,2.7615057823980473,2.6426123907510535
0.19326552817757067,-0.031626310207711596,-0.3920508329058012,-0.14282642127991818
-0.039122947945374464,0.07828167427266852,0.07574455095237466,0.12271806146776036
-0.10352929742431277,-0.09945291004166879,-0.14613093862737134,0.2762528779773434
1.27505054644798,-1.2617782991497575,-2.9766552293164,-3.079039387139417
-0.09391878887290907,-0.04128254896133353,0.4098525364119938,0.23601989814936558
0.032424506418904604,-0.26413535121929393,0.03069214764704553,0.12867599454106476
-2.480517687189521,-0.9468208513484022,1.2358812720183157,2.4735655326389705
0.31061077193901293,2.758037292561296,3.3783161326617375,1.9211183126812923
-2.98211515709783,-1.1514604098919359,1.2521872229126028,2.541787840710023
-1.605169863295037,-3.2014099850543736,-2.9359177637876273,-1.4233491900552206
1.074752465224032,-1.081643801470621,-2.4442871906924717,-2.38944385884982
-2.7854228493569315,-0.8034331285600795,1.754093062679829,2.8787670668120553
-0.1127074263415111,0.06681695437348026,-0.15051515563267928,0.2925286467838241
0.10514030119945968,-0.26491201207284765,0.43548805729806755,-0.23976007608467167
1.9132310894509925,3.2022983060509813,2.1334489949576687,0.3610015867007195
0.24998725821980314,-0.18098670135740408,0.04718009381297806,-0.03930976385525869
0.3662772402136669,-0.0925580077748696,-0.2382966644913591,-0.02703591139963624
-2.149799822801092,-2.719328186504991,-1.9455529653772359,0.19881740727438835
-2.6122254189713305,-3.0291814502044274,-1.961755589688562,0.3872427615042603
-2.7666522583926816,-2.707127846180933,-0.9534008301443287,1.320703339823464
2.070308169394051,-0.06647198723335565,-2.401931937798368,-2.943893780875604
-2.877242865880092,-2.743117672290509,-1.1800162474994509,0.9430832083504211
3.0904378360097047,0.9247804222862335,-1.2106056987417892,-2.892604444513754
-0.41043276113942634,-0.8925925570459642,0.35463529038820285,0.0259873331449479
-3.478183523929104,-2.510522779859294,-0.32747750127085706,1.8827956808901627
2.7851808772039175,2.6310670936320957,1.118775081092187,-1.1923705802823912
-0.1984553688273365,0.10074847908063524,-0.2840539424803267,0.0805575037333165
0.3391046268167709,-0.02878369182627187,0.44805565337124276,-0.197514374573802
-2.7305321487898855,-0.5091721848549267,1.7916020925990086,2.9140535191820676
0.021057357444362313,0.11250691226287186,-0.016986029662941916,0.024146753517873053
0.5544098174121684,-0.46604310267396515,-0.26449317568762076,-0.04636749982669034
0.2186510436423005,-0.4704533136210499,0.18286331059935457,-0.5716700838105974
2.4044384754333685,0.7510624766054887,-1.8420186785698465,-2.994319259882365
0.03775270893980322,-0.1355580550443165,0.10332825334236051,-0.4455300203563195
0.22487185526997944,0.19037118324450167,0.12826519862761124,0.15729259976776508
-2.4008981671394323,-2.041452976295934,0.05948809515130436,1.6190703566441653
-0.026893655611144523,0.4457423670189675,0.3774331356357989,-0.3098167033868887
0.5955271442905842,-1.3123773073573808,-2.920523141057069,-2.682205838174288
-0.14637637533813488,-0.1898066713837464,-0.018355169760057265,-0.2541130871645775
0.17182041225700165,0.4625116855778114,0.058627559187177804,0.10644565986541223
-0.5109921204820597,0.47345446541470143,-0.3363733862826247,-0.4131605182337316
0.18046399775875555,0.23556404273496603,0.10498489616891771,0.20250781737353357
0.05995286722892225,0.19398717525038836,-0.013184655350875464,0.17479555231165764
-0.10079682299647176,-0.5059895680654868,0.28913852753801417,-0.15091590908310243
-2.6177251998338806,-2.752277000482596,-1.5925602511953878,0.9881615220683498
0.3230520086006912,0.029724955817756464,0.7093686211452679,0.5169523677280885
0.06757504339511199,0.06418628396413179,0.3825394651823348,-0.09927703831996118
-2.3670098572028535,-3.1236551320675647,-2.28435689468803,-0.08630205758925173
2.682479831108047,2.7084190488689224,1.1644847092881765,-0.9148488584806805
0.3069604456595897,-0.13284925773453737,0.12195575164998884,0.12023933718705342
1.4641689574490677,2.983435877070555,2.8258567200516107,1.254597883530206
-0.2497176288550375,0.10341742869719793,0.10980070572533158,0.41613106398238664
-0.027075336326090955,0.15980381416867248,-0.2365175219046942,-0.06593949696901251
-0.19762405774392142,0.008574613594200224,0.08599801568707295,-0.1497428591297427
-0.3038042244713554,-0.09133685085810304,-0.5958012840819071,0.5025939583278242
-0.9766523182968772,-2.7397543020548536,-3.0622797311230587,-1.4305624610285816
0.3411549404236067,-0.06396837662905143,-0.554828167486667,0.0037923768549889356
-0.033590763629970447,-2.5369206788927054,-3.1699005828860805,-2.2444531325201136
-0.261610599739845,-0.21944794997588363,-0.1255557457532458,-0.1736619409814818
2.5904798816052543,1.454530304486854,-0.6516082519252525,-2.591919824772437
-0.47018466149941546,1.7352691410044057,3.1053265001438,2.6226182360485706
-0.305251376088536,0.039044436193934655,-0.16097207328262975,-0.07255494037030366
0.258682018322516,0.04674508252274963,0.4645486845115146,-0.07278761900317642
-0.08529238647919991,0.05863244803205336,0.053145972856088186,-0.0011010747432227456
0.19081593167445685,0.03998683902789219,-0.21313156316981172,0.07318158365770337
-0.18538555896370806,-0.0688695752529871,0.09608573594975434,0.17809702341934575
2.4189677339438,0.5237377999202129,-1.747601550159306,-2.6763408031698734
-0.4838141445242669,0.22078159586995785,0.2200814736274304,-0.40730447809885717
-3.1284174949518566,-2.5545241602804034,-0.34331350322836807,2.2238105676958915
0.4972638634568049,-0.21238527790746634,-0.07701842624084955,-0.07219112051796173
-2.7286839858138094,-2.8514166497917484,-1.032794260965124,0.9113481487889178
0.3513610683405172,-0.3451479258726468,-0.018890191442885892,0.4103824487094557
1.8037730408905857,-0.3785633431495296,-2.8097654598564077,-2.9888286382993017
3.4730459754835015,1.9257148251861635,-0.3204578407642243,-2.7750967959287998
0.023057594594329295,0.1295352612777407,-0.5750840719414623,-0.11792577644518472
-1.8993679648363346,0.6135096754099765,2.492077448184411,2.9872411390593308
-0.8916427789821951,1.2211895627694647,2.18616393775669,2.2593050664294068
3.092844680677012,1.5737700921449262,-1.0291760002190298,-3.004401530120626
0.09249973064808122,-0.38883386794621916,0.22942054222641367,-0.015833023741833853
-0.019880124050752762,2.1919016627032297,2.7487064146446945,1.6260953363668513
-0.09502363085884875,-0.767696208473307,-0.3293929612775449,0.24541879468317518
1.499477529812986,2.5835068880040675,2.269663552673152,0.5291017789053728
-0.3841469935943044,-0.2405901483685141,0.0013412773127651652,0.26047002737901165
1.084214347424796,-0.9184906083474597,-2.7315448130776545,-2.6619639484918776
0.07815449034265695,0.10684801379453567,-0.019100509791960003,-0.6350671438599673
0.05666532303707602,-0.2819408975386476,-0.29010163763456376,0.47322934725402943
0.7251651554538145,2.9979862983321692,3.119307888545347,1.2037336955044988
0.5651062402720889,2.110352968036729,2.3923439771879833,1.5897609052990263
-0.14924000952128932,0.08956154439259391,0.024998059902357782,-0.25751297561400893
-1.3112595760389807,-2.728393643544766,-3.2790276161742673,-1.0794572920714904
-0.4977306813603859,-0.09824495734455427,0.005440004886473114,0.3311843173162375
-0.19823850712841526,0.132386980200096,-0.06782414183165243,0.10464837051114018
0.23102697094243407,0.2243657904322465,-0.0858079679043022,0.3563556542792353
-0.6330752736169384,-0.023578270838065907,0.34552320708973405,0.15130532061224755
-0.4835637068992293,-0.3442668829168198,0.270619934508059,0.19900042034836396
-2.7600741779956586,-2.21802619636114,-0.14471996647233493,1.7145084144054419
-0.18805938947169978,0.0720094401550634,-0.06705051557642484,-0.24134398126019788
-1.6748399169643733,0.7167605093155822,3.089566351667971,3.3450995533491015
-1.8782819463521954,0.7033959022366767,2.6486970725336842,3.2041372991872255
0.44032057942738395,0.00010337029524752998,-0.33719413811419424,-2.837609932617588e-05
0.168099138874195,-0.3010080566169313,-0.3397542442378342,-0.14880528573708038
2.146447159085606,3.2687733382973554,1.996875889541797,-0.3330323957345783
0.11485097098478562,-0.31893972802335685,-0.6382240948865263,-0.4724367028562017
0.21232927596111614,0.16886510529958854,0.10946802530363244,-0.20520758048754584
-0.27107533777275505,0.03377426604784456,-0.26114991794455156,0.2869261011140989
-3.144037734749462,-1.3438937413210077,1.1463997540672541,3.315632558693663
-0.0399864392479042,0.21119148193129295,0.10774709723383083,0.17970508889306802
-0.01806271849107417,0.2129704545881546,0.08303387611835006,0.13395969941317748
0.45518448192319333,0.07252547539042857,-0.4564066976708414,-0.11758398399566958
-2.2381665052224102,0.3198525365430692,1.9131230867140874,3.207236055793786
-2.4651616006514714,-2.971918048618682,-2.0775740574432717,0.5442226279367948
2.953533588040635,1.24655016334081,-0.8382637164842249,-2.354320402263462
0.1417911280167631,0.07582530725088701,0.22648072994868867,0.4174277735064408
0.1346759919142441,-0.031978357098493275,0.3115666939408539,0.23484411814722345
0.32019891582074067,2.205615265136936,3.2431730256396842,1.8457110050676977
0.005828723485631179,0.14294429317575527,0.4216747480042332,0.09193629405487454
-0.6329088329005043,1.7104884027350848,2.830561563169775,2.2918750728914086
0.9346055822293045,-0.9856989487147984,-2.8547311196667358,-3.083258441767624
0.21992969998864173,0.26439019025667504,-0.38447929529523134,0.35748251014597815
0.14570391272035943,-0.21502753984878842,-0.0837068183376836,0.0009674184416784103
0.646372204921669,-1.2098623103000563,-2.571409423091493,-2.342799198415467
-2.7210511711690955,-0.44075841089328893,1.696030487569943,3.4152129752470617
3.2029641094877497,2.037091699131808,-0.20189762427149555,-2.5941197274898475
0.9823976742454522,2.421328477932197,2.4961545334369992,1.4662761263538195
-2.1327605159860643,-3.4028787099786424,-2.0570701686078388,0.07475745789147532
1.4871550597601468,-1.0551784863495437,-3.0171749570864965,-3.1495361706802925
-0.1476406591139235,-0.3905857202111104,-0.07794649737341988,-0.21383006034226937
-1.8179371415410215,-0.05644095676084885,1.868706624840314,2.9896276337124124
-1.6875031636695612,-2.996868191628407,-2.52767042521156,-0.731602835812633
0.47510416451955695,-0.18607373163908136,-0.03476519926234353,0.24406533010911885
3.0154913170001114,2.456308202989552,0.934193376422992,-1.4362635090246394
1.2391280865329743,2.7558030715721373,3.017525475137718,1.470310702859859
-2.0313203051012114,-3.304859126883445,-2.4574826054794725,-0.17241547644207048
0.02153299613063377,0.2053493208836955,0.026465869273987357,0.2001040326599619
-0.2539234531396,-0.16827895925739378,-0.3701561004201093,-0.10325276493055115
-3.0836721369781896,-1.664744231064495,0.5967755138416967,2.3981594183828285
2.95040416709675,1.2969543114888595,-1.1242288016822697,-2.7887556609752626
0.27430271248586247,-0.02180123839144403,0.30981456830206644,0.28359617071465365
-3.1180881298408085,-2.9672567864280217,-0.8980407567180178,1.488465872526048
0.17519018889547516,-0.25477780991628274,0.019201675982559768,-0.1888161590327413
2.873908169466604,2.587898000574574,0.8488336029052532,-1.5686305680060493
0.3906760674549772,-0.2739716542584201,0.0516529082546158,-0.470293320176274
0.2735150915384665,-0.0517314917527693,-0.3235014262971057,0.06042148992491305
-0.29433075808762926,0.4145185075547905,0.2898202981280941,0.2965319862915767
-2.44485067693741,0.12671638175504085,2.023382283164063,3.2119780670155103
0.2935285783088572,0.03181438579029337,0.1778662187965506,-0.17289104020363086
0.08953570659724534,0.06118550307079488,0.028590042412465818,0.2838274186571009
-1.7593889471401092,0.6115653393526883,2.3365959786438197,3.0027956294455174
0.09986541945609854,0.4388515056686334,0.2609306335540922,0.05178555279108716
-0.43339506888495705,0.41056314201828004,-0.1685092638742639,0.13414011727717756
-3.11910604423776,-2.2443964445938556,-0.2574065443142396,1.7874592529015323
-2.454267831697278,-0.6751248755670675,1.806570914936657,2.8320604467595505
-2.5007125261420433,-0.6563915024830584,1.6012895097421453,2.883432426764439
-3.105584996016146,-1.8431875943153329,0.425756578254302,2.3179982203052205
-1.7615747908855532,-3.050067523358641,-2.4210572309490326,-0.4560626084133239
2.418303901095578,2.397774736624936,1.1869692686379356,-0.9087564047406115
0.33534216709726167,-0.1464146357708359,0.0029183113949364623,0.2675464662814301
0.14959244779565822,2.1148156932967206,3.136399068064775,2.0586541173273045
0.10863391285263256,-0.06758344776233592,-0.024399653307635875,-0.08183978246665104
2.558589106775717,2.9969072874269127,1.348624340462608,-1.0115664402256235
-2.7720960425062247,-2.7824922013118454,-1.2158553256542701,1.142451808051746
-0.7067590174723197,-2.7362286654710597,-3.076563527614517,-1.7222111499376251
0.32076457499959693,0.4554593357859985,-0.20931367645024218,0.046359384889428895
2.8816749409960885,1.9537908760511415,-0.544167043146275,-2.457822285770695
0.7753303712142701,2.50095568121201,2.7384674537182794,1.7605161365398518
1.2369244543313411,-1.1536799844832355,-2.5799465195394475,-2.930298178595434
-2.5091950135858996,-2.748346075046115,-1.2151954122444912,0.7839374675408216
-2.913072093600225,-2.987692162447001,-1.5809216580357741,0.9160605201317796
-0.03239477592539389,-0.2455196681672453,-0.00031626413710089614,-0.4399314312073903
1.4138027655776377,2.723514261304934,2.437792550915468,0.9394274599439679
1.1214663450448175,2.64513735318317,2.438551624099899,1.302529300539275
0.525645966293421,2.126358197802689,2.8115179864217126,1.4443486764424396
0.21076346577186061,1.958962041744963,2.7782138094239173,1.8166612854356388
0.2034240503393065,0.14180365093142203,-0.014748739937248857,0.09477551924950571
1.3672018737652192,-0.9356745415304714,-2.798044294631949,-3.00082432349646
1.226040586213959,2.795472669420333,2.7767514538056806,1.0706319142225182
-0.022427761157808333,-0.341171508504174,0.1751707926573789,-0.027919547744356406
-0.2544400594616018,0.1729384383160907,0.2317860196999674,-0.2554423933738997
-1.0694376167100357,-2.58810795896653,-2.7640103421937696,-1.1831135619684467
-0.5673864045807855,1.76749920678305,2.733655987399019,2.2515117512184633
-1.6650404303291442,0.8827755970225968,2.6614487462255,3.1052914715375532
0.5465634740680662,2.310787687100749,2.8727389780732566,1.8842778404871965
0.02198110528754428,-0.29610063539550213,0.0195132542662913,-0.155330877739654
2.8907678378243196,2.209343542028387,0.2717143121552945,-1.9635986539391763
-0.025660545684535595,-0.12890886932095136,-0.10866559066291587,-0.12116913412983615
-2.762919540433917,-2.7798957886484397,-1.3318382984143593,0.6692283635258377
-2.720548608723992,-2.995741267859049,-1.408028998238217,0.9552034699280996
0.5277386571375151,2.439629133988646,2.840625605153261,1.5365231951171467
-0.007795308392648559,-0.37805223450806547,-0.08082505792860396,-0.10418393606780424
-0.41483090398158035,-0.20883861805207088,-0.13682014164633138,0.0206503831885297
0.05061264343066482,0.1902764569792964,0.03651086865517805,-0.015370983191118417
-0.13345393960545945,-0.1777762815438003,-0.31233046556109956,-0.046827495032471085
0.2446839864042515,0.5709420893530436,-0.43933241163997633,0.32719501442664883
-2.664344576480143,-1.1674941831348604,1.2083888503583449,2.7516894094509396
-2.187871349625204,-2.6808602901887277,-1.7934155040119577,0.19902778573375246
-0.18686754293510832,-0.22095594979340694,0.20274395370571482,-0.4654587887576327
-3.209640126807178,-2.1489414218864304,-0.3542092977610286,1.9740553954198015
-3.1716426543186955,-2.4488138224224603,-0.2823036389803559,1.8368882081708822
3.0044998933124742,1.657235397771436,-0.9378739283464046,-2.5593451330727524
-0.10462507608554285,0.16193143526254875,-0.3183007561455603,-0.09228469939987925
-2.6376996267795727,-0.9805090830408477,1.3832689415209602,2.64274907355761
1.2446171443094929,2.654060455305648,2.6526537218717845,0.9881115292641403
-3.274355551082344,-1.7370702907941658,0.5984470531165124,2.5722023263105376
-0.35239503693552016,-0.2804797368471023,0.31198256572615823,0.03562283518149237
1.4498848647525202,3.1806819404301567,2.993547775966559,0.9034580135345102
-0.2247644979384108,0.319936866392006,0.10483893041999943,-0.1788000364156893
0.3777139917168663,-0.21315443014891927,-0.6736313932314807,-0.0433498161404572
-2.9086155713454778,-2.3775164239939297,-0.10975043532194786,1.7044549904850568
0.17077315651670338,-0.4614971387943185,0.15670134661491084,0.33278942886117724
1.3250530071853979,-1.117802361290131,-2.486850986381207,-2.704557384212408
0.06091619435417708,-0.07099699108381155,0.09901018374903416,0.20610125736248947
0.5639298791490683,0.048502084338028495,0.14474223707323475,0.047251968473555075
-0.3666377899775821,-0.025536063266370777,0.08237783009440151,0.12840451475719042
0.4700871910058645,-1.8071296887287975,-2.6761335910791453,-2.078053282272006
0.13380422739548323,0.1923749302087492,-0.150590896057617,0.0742794126986916
-2.4161995701587204,-2.6337240228057888,-1.8608823551125189,0.3487673466625939
0.20590959274249954,2.29748112465507,2.9398435658559787,1.8260799164387227
-2.8854052491455056,-2.843401359036829,-1.0252680729039634,1.2985306198956208
-0.3127022752022845,-2.309755918990309,-3.2852778672129657,-2.1170734977759356
-0.32178732065815974,-0.25743870105465183,0.12626347110456623,-0.5197751189474488
2.9747191641629507,1.6040886215757544,0.052280142353506004,-1.9910667226323169
-2.833316399734958,-2.2934578180466625,-0.702977832522315,1.4975875144263917
0.20542933640062502,0.1276203310716129,0.5332975438352567,0.6665932340957349
-0.07025372084453979,0.11293525352722592,-0.4192715252158558,-0.10962551340467855
0.21934002151708606,0.048041556879182185,0.11572456704679754,-0.35590761337710525
2.76313403604422,1.7844820254778704,-0.33750025260722544,-2.538280724171855
1.806928238604795,2.6747146017155075,1.8800867240770227,0.35800303947733125
-2.4722003792557428,-1.2020385482472555,1.2832742801783912,2.650232555107595
-0.0419234220247814,0.07603461810328976,0.2727640983332161,-0.12395116372443943
-3.0159002643311403,-1.3573880136772634,1.0339991248308458,2.6762133002913844
2.3882190722709282,0.025322320303747203,-2.3208184286359312,-3.3258289100343137
-3.2390739920961718,-2.2612938173558446,0.08627572773347668,2.5216890121481024
-0.029357235346425842,2.2300637312259277,3.2337853186219814,2.329353357011432
2.5002408249454664,2.492903366629335,0.5496491180656679,-1.3564261992100337
3.03376089839536,2.8135129671005945,0.633627238969924,-1.5610541592617564
0.18516646031683484,-0.14525785825223614,-0.00987377101818094,0.05730524932761787
-2.61154409853894,-2.280575273499549,-0.5575131214716996,1.6188827409611823
-1.0501933420023946,1.3690741157940556,3.076035850575712,3.0171704002548903
-0.34239845629880117,-0.37995622611048785,0.12783155162515467,-0.2901180497460584
-2.6229948112292094,-0.8167562960137793,1.294577581695744,2.8257872862774778
-0.16199358103625305,0.13140059386780376,-0.15098269477280232,0.20297776344091778
-0.10853343699310418,0.1792036916013288,-0.08031354106671078,-0.12126421649608995
-3.037195040140677,-2.224788546558996,0.1247546104392042,2.431275889915713
-0.2595839189115853,-0.43778389923865674,0.3732349716972213,-0.18963128963499434
3.015084243982162,2.9332065955569826,1.1713997768774937,-1.2212958835141885
-0.05119476764355962,-0.3008897954195434,0.23257438745859813,0.3911948569947121
1.4656389078702474,-0.9231766162031328,-2.895442760265101,-3.282090879904284
0.8479126564288306,2.534373410860345,3.0074488136525726,1.3022909897973989
0.10224563646076215,0.602523323575525,0.6480119386306963,-0.06890664640270738
-2.9593394988115453,-2.5451863335681324,-0.9474058305893148,1.608780697774248
-1.7097149810067838,-2.644301074956273,-2.2141783498337544,-0.28687107366850584
-0.23511712324150777,-0.18362120530273754,0.07275056495862516,-0.1718443051829924
-0.09150346787722625,0.060022392510009404,0.08916632813734515,-0.13722001864855043
2.5022151966103694,2.952765433053359,1.2698218295697044,-1.3593081489573897
0.02659520106408617,-2.3135668318287297,-3.1145287199029474,-2.3040787364208626
0.33597240904057585,0.27349428526417524,-0.19721973212366417,-0.0791190378274238
0.21684850994630947,0.1678610836764355,0.008098931942136662,0.04746729218395333
3.088949014102172,2.506814138784721,0.4119722293049415,-1.697431908480426
-1.7079008359697379,-3.1416129613432786,-2.723506925126823,-0.904176189772748
-1.066605377238248,1.4593982877279301,2.6754757086222747,2.7865986665637568
2.5761073490903583,2.521956208694413,1.2275029108420554,-1.111103782715814
-2.9112477751987016,-1.2916782193681682,0.9596154087260323,3.0097961784416247
-1.1170544989299838,1.4156276232462632,2.8976205662910552,2.5992782718401672
0.14233541422308577,-0.5525194488317346,-0.16628084467446594,0.11722097204292607
2.9335798131766655,1.043042317895712,-1.648775688014666,-3.216250314528616
-0.39085552749825214,0.3377630702461215,-0.18306860719785922,-0.1547682296328267
0.09435243420153001,-0.020692666357506564,-0.1857483414051259,0.567800799453782
0.05023157205566232,-0.15892695646838703,0.17216270139249631,-0.5727250471906739
0.18538668170043648,0.01350212988116814,0.15930029056825212,-0.1880713269143661
-0.09364539297352836,0.00304284677933979,-0.15760165486537933,0.018267150300646757
0.1379885698478651,0.02824425141923699,-0.29421495484245913,-0.34227552520478577
0.31019144481432853,-2.1421490264059155,-3.093141731071746,-2.3690813108019833
0.5109533347160315,-0.3500177192239175,0.11773923100399067,-0.19681261829087207
-2.654492560392625,-2.600867123781561,-0.9341413475261972,1.176232702563333
0.21420545825759446,-2.2043990807018012,-2.8962565695024116,-2.0522365577002604
-2.619503041846488,-3.0404439117172735,-1.4489400542162234,0.47202841927170314
0.7792752661912249,-1.5772891498568087,-2.9010437249290018,-2.6446793998428038
0.4597670879093286,0.02931843241831228,0.1793544189340138,-0.27278823520415796
0.06071035389818835,-0.2561963628375157,-0.12951346304199096,0.254028592414398
-2.676799327857545,-0.8483645877902699,1.762618841744934,3.0960701218687947
2.7619594732182273,3.162897808896064,1.907268434556873,-0.3911747148206854
-0.034950968478191735,0.24694995469727765,-0.3228936110115124,0.4666048833717707
0.14121294052342281,0.3725303643927952,-0.2380531905792449,-0.17292938045560557
-2.4407806746231673,-3.467606686639585,-2.2295027399027334,0.17369691425241246
-0.3407532710014513,-0.08917469765352824,0.5462218675179581,-0.28026490539308674
-1.4819331171819163,-3.011769937148313,-2.8355859857204955,-1.1588744931930735
-1.539116186587605,-3.177005013801867,-2.9508617506760593,-0.7463151714968441
0.22001410138152805,0.2210265354637805,0.17640228487371648,-0.11997848397539242
-0.22852903962112864,1.7535206634506881,3.2098733128505015,2.202852744242957
-0.7353377978781777,-2.3672874002660333,-2.971775549878241,-1.5030858265372458
-0.2119718030575668,-0.005174371948729468,0.4206696223721911,-0.35950146056613796
0.19176595210052746,0.26361645246470417,0.04361357621073564,-0.06585634206581809
-0.48475798635311684,0.18315394431899423,-0.10574011761951382,-0.18940739910037022
-0.2776049499300589,-0.29695627735624697,0.10544700578997901,0.4527168268584269
-0.3701779121502521,-0.16245025900020924,0.24450196237755384,0.007631454835120991
2.793275206685701,1.7712173732554026,-0.150970308734257,-2.2669022303283866
-3.0318813869873478,-1.7361104068293056,0.700798823887271,2.776250087102535
0.09414011694332237,0.3081182462789273,-0.411173288254418,0.051704992958215026
0.08163622874041611,2.453746421874673,3.157214402939671,2.1271389218013628
-0.09012503003191126,-0.1593211505893173,0.6472883246713256,-0.35141283299368636
-2.3321955803311276,-3.23665811904303,-2.311186814039028,0.16575049817530604
-0.21864189823654415,0.12786390905207293,-0.5292373943445068,-0.05371017906460773
0.28466089546592616,0.30203082205213644,0.10024807576423625,0.055129093106219086
0.043221372398825855,-0.39985817423860365,-0.0746533447796208,0.1289936023048405
2.477330842666377,0.11484458038524101,-1.7859273245481597,-3.08853146480913
-2.7075770124354244,-2.2631101148739647,-0.6826517933730211,1.5348015614276405
0.24419864658992915,0.11545754156978497,0.48373513525256795,-0.10503556366719685
1.3464636519416469,2.6574240581262436,2.3096153858251194,0.9504059007200774
0.05992951382600321,-0.11941385150844733,-0.5275960431999367,0.28538991094830085
3.1321917997213795,2.7566207587706604,0.42887810300047613,-1.9291974213366285
2.722847563037236,2.568315000173536,0.8596272955515705,-1.3654555933304595
-0.22252280995247622,-0.23808350133344644,-0.162319530597993,-0.1512817282618286
1.8903525912851644,2.8669501238883273,1.8639143188737077,0.07246292674636022
2.869139798693255,2.8119639021530083,1.2338475724928673,-1.0806746475986058
0.236874971514073,-0.09874906839934534,-0.17081324715896823,0.1243800476451197
0.44712923546478434,0.20971278816595446,0.07229753316566771,-0.06904308639455305
-0.20424930034046063,0.040587954456524,0.5001624905749177,0.09914883536470752
0.09267698919607885,2.2687733447607257,2.9698203901470266,2.1524081954843868
-2.6461253217294884,-2.420006368399855,-0.5776443329852048,1.6934854682790415
0.14317656766345674,-2.044957950326296,-2.8586400688052476,-2.2472675807919265
-3.335777545288919,-1.9793709888921056,0.3976636696368382,2.3565384532633433
-0.04193217881805221,-0.48277899804041724,0.47340930597039854,0.1442596147951721
4.11012143072478e-05,0.16232514633631423,-0.13432198688126093,0.04377269067583265
2.8569278306572565,2.45461991104181,0.38929404577299365,-1.9385957278572699
-2.2636736698813205,-0.1983817929332265,2.096014710139627,3.0025419740458097
-0.9551374900390077,0.10844897486961358,0.2013705723875118,0.06965853098228737
-1.099418509118158,-2.5994228675825064,-2.500590738726942,-0.8754740463422196
2.897160256806322,2.166450949755556,-0.4653046786636084,-2.251312199374934
-0.001986865108230698,-0.04165043435905446,0.08492276188132195,0.20273014745565612
-2.9856231781046696,-1.2666653745780854,1.4414729654169778,3.0405687705736923
2.6439316794049623,1.234765464162852,-1.1616876909083063,-2.680720641047489
-0.08373265270385882,-0.10619349883722856,-0.033939765248274884,-0.3405334498026345
-0.2751916828156378,-0.15806908439773426,-0.3595492110982816,0.02755694243566908
0.3826788430493738,2.5212276168638272,3.2709133783348054,2.018415104437506
-0.058763014341142304,0.0868267221072951,-0.06399779425621324,-0.3812865545821988
3.1649798032806116,2.5448807729129044,1.1172330338412908,-1.65256676832176
1.1272772146535737,2.37980924799128,2.4936382408833313,0.9656259473869077
3.253037230325567,1.3010270693688868,-1.398771473070329,-3.4404724274082854
0.032849158173854545,0.30737547025147766,-0.016666283243151378,-0.19083103461441936
0.3700878909774026,-0.4031485334896603,0.21251736047548794,0.18177120136581765
-0.44830969538763304,1.6953239624628358,2.855778051055667,2.5290626802796172
-2.0684110637695228,0.07881530939917804,2.1142823531111548,3.212039895552653
-0.4584456846525716,0.28506126429572043,0.117958838580157,-0.07141075676135948
0.20999500478997718,0.1217523551102999,-0.2362123622051789,0.012622009948011508
1.9834996817147168,2.812179112869633,1.5545490494315564,-0.22618774166055544
-0.23774817719357377,-0.36976305818903027,-0.15023846618942222,-0.48074709962851303
-0.004563861048597147,-0.2940163182296265,0.17864746188527955,0.01678698741529639
0.17755922585191408,-2.086365594269574,-3.0150370652630034,-2.045150433249272
-0.13645301262250598,0.36762649212644394,-0.3178863210426359,0.029922074204733577
0.007556165481317767,0.32560835622567097,0.5318949218380086,-0.3550757690171289
-0.15782473580417014,-0.04853363622054455,0.1130049798611745,-0.2876133887288684
1.925845779838463,-0.43382146257820114,-2.237535152083245,-3.0725261925175187
0.3716275244726376,-0.30620596421488244,-0.0606827073160588,-0.05519966469068123
-0.003200753937182839,-0.19676121090313564,-0.07839767827140387,-0.08761837515767794
0.09657016724451079,0.05189793285646052,-0.2224548003798935,0.023974215597933304
-2.611178598253072,-3.06983765304438,-1.7735037619084224,0.5842529556138919
-3.1643777293062354,-1.8195586189851352,0.10039856630598779,2.6242290650088966
-2.311248368769288,-0.17372083700534083,2.2614574909509013,3.2530039775746884
0.5504458858070138,-1.0555579995073516,-2.3665111429729806,-2.4441500229047413
-0.337379396627774,0.03113770111749317,0.1557882479674335,-0.02942498146695016
-0.21013307347691607,0.2719508503640835,-0.26652995813502195,0.30306285055314736
-3.2738051881856687,-3.607176014237513,-2.1090259275694154,1.0744630888037028
-1.9776026509036027,-2.906946299515756,-2.0553401560826434,-0.2085736217714898
-0.4132176294806768,-0.4015000036973158,0.2820676049645941,-0.409346019797157
-0.2754033942664806,0.11760816599640361,-0.36462748112707855,0.1543144916229276
-0.012941112135884935,-0.08271773691555048,0.479786110479452,-0.05509604538581987
0.030145204350126936,-0.37015021363266,0.14439383686231044,0.20512854352477317
-0.6976180658816304,1.4885419223866416,2.613684054803572,2.4785504790362594
0.13921980396903263,-2.2718475204680524,-3.1111434599418537,-1.906328981416108
3.000420159770483,1.6136434033333018,-0.8127996043541673,-2.7017319391743015
1.6261369648559205,0.06903406939481835,-1.6048473113455592,-2.7441927596524858
1.0457321680644642,2.796615663379384,2.753985550457274,1.3056306486636529
0.13973402256532227,-0.30477186465426326,0.4066493870661696,-0.10631025017826432
-0.13037571595252528,0.24752508108470267,0.270607026995521,0.2374847798531435
1.5192865644835907,3.3751497568695688,3.1256253057818535,0.8849774569621572
3.2579051511977917,2.2904801399209447,-0.13936342951674588,-2.2606265373401797
0.0008155163261468507,0.34110905087343946,-0.3637239470150386,0.30496900756374024
0.11454940081344121,0.2665496517254276,0.4016468430104704,0.2492517687925864
-0.3354256178927736,-0.6606761141687794,-0.06754363898941093,-0.11916544255072647
-0.15788532860546933,0.059752562730055754,-0.03119078346463157,0.28005442095571165
1.9987659908253401,0.134496894451665,-1.7758684312062434,-2.746677634080415
-2.347071415228669,-0.710227018164336,1.1455944180589013,2.880358555747781
0.14311680133249116,0.31292662542501765,0.20071559861074745,0.00976217080804686
-0.09574138896993656,0.325645840739994,0.34402260335757007,-0.14113264021237765
-0.03473886447027512,0.17919497432302045,-0.07925506732203134,0.14937872343036893
-0.28391342668789366,0.316704107575757,0.19090862323861113,-0.08709370179028358
-0.61913326883165,-2.509474890687625,-3.139814749697511,-1.6176118795333674
-0.0008407081265233855,-0.24935002265507702,0.08815338881512418,0.0503831989446858
-0.03070814854662984,-0.20511174145984631,-0.07225844400307027,-0.22838964069184114
0.2883956960628217,-0.3283802012519019,-0.10779616990489548,-0.16393073902159794
0.08153658959157198,0.32302898961178506,0.28474070357614006,0.04753644818420377
0.1050385831874202,-0.001981271166767958,-0.4311054168099264,-0.1314850410057022
0.22431646225992202,0.17462577441167718,0.1660936605530098,0.2284083116404551
2.892932490568939,1.0662945401470239,-1.2094979181609358,-2.6962560873130816
-2.053483318628367,-3.1211500999433137,-2.478601413435807,-0.2971683715818131
0.4034949548981859,0.061081313681360265,-0.1304610234980006,0.08395885538331711
1.839261918173934,-0.37816162936504194,-2.6399135812260246,-3.0481249604546727
-0.1337006986146433,-0.3733486616469874,0.18884026083737737,0.11640275707076173
-0.06979383536219315,-0.26592242791597204,-0.1514961772435857,0.04071924951036949
2.255336131956779,0.14734500927910538,-1.8263968161653377,-2.970922758800642
1.1743060753872168,-1.1220228809620703,-2.5331347634438037,-2.537171422066878
1.5714251830328105,2.881374150708352,2.0191956795580923,0.5376664599084258
0.269824115539511,0.18727216355301865,0.13655593766056384,0.4056016820903542
-0.10834769461279949,0.1647961822478991,-0.21044174644142896,-0.20917213205485963
-1.7428092066000613,0.48184836796416,2.1398756389040687,2.7358215633153313
-0.046262665550331254,3.579630219785087e-05,-0.2264041839968034,0.4175967259798187
-0.0420627073234706,-0.3666611455287086,0.03678618078120379,0.05049163549392988
-0.3710285357330925,-0.004953111191361637,-0.08630290027381429,0.3301812037213324
1.631488963918773,2.6240956851773496,2.3970138554076423,0.3991002143954916
-0.2732493723997632,0.4706646295143094,0.12234365140242211,0.2592649330364067
0.42653474436400124,-0.032042924859258685,-0.031028686955411198,0.02186493028666508
0.05940158950028228,-0.035953993629666184,-0.06636793617983065,0.12517435080273615
3.1169710871421152,1.9899962262036088,-0.27726932757304823,-2.6714740595050737
-0.927441254272778,1.0508700268565123,2.9470986341808585,2.7077069435510723
2.996496578591792,1.00270923537819,-1.3994164686172363,-2.964585377182629
-0.6515406171999043,-2.188231786172523,-2.989984013523274,-1.703430183999889
-1.5275366086322155,0.39140066165694987,2.2696009856826778,2.9012970399463827
0.03574824526032323,-0.11235305895858604,-0.09071654235274426,-0.22030528022614745
-2.4641337468936033,-2.957871639526119,-1.7901711000827023,0.5798530843872404
-1.1717272134616954,1.404770849569832,3.0477405458269597,3.2162905546444
-0.31459716523050146,0.3942752989903069,0.33943077106686287,-0.25388983189042885
0.04116661369964414,0.0797906622875038,0.1824949444062775,-0.10618568888860458
1.1416390609300486,2.6504483094784583,2.985476506648972,1.37666821665943
-1.8376951569412132,-2.217135193939008,-1.5682870002611424,-0.1787288369153597
-0.05360565617445672,0.1450797044286706,0.04746739142768988,0.28070593578559583
-1.6274403005268507,-2.876465022335738,-2.5989030380731744,-0.7146466482386772
-1.996376537676142,-0.527916566070804,1.8727057662799462,2.947350137910066
-0.04233604490969174,0.3657535796645948,-0.35761558162515406,0.13655006181529325
-0.06034457852009821,-0.05470273880743807,0.22400234407364916,-0.1037737492396979
-1.1395078079879497,-2.136782912154958,-2.282930674925159,-0.8833186846637072
-2.9495419596103734,-2.6451263486526675,-0.37268405598797033,1.7452734096230271
-1.9248793451871706,-3.066924787278503,-2.417555297258144,-0.2942887304702241
0.15346220062180208,0.3699377661443244,-0.4929795289897061,-0.031360709367331485
2.2855548751029824,-0.2745552468656639,-2.0710449900815293,-3.055684601101962
2.4066321342536887,0.7990194188660553,-1.3669777536021896,-2.8054579918108735
-2.571299974564771,-3.1033448370093026,-1.4275978050677582,0.9367287576244225
0.7620441137488551,-1.4080797229638902,-2.8379072222337016,-2.5480126433189296
-1.4814102947444214,0.3242188379386493,2.4023325345979782,2.990022700592319
3.3497040994862375,1.5221468697241114,-0.9447217291998465,-3.0958144797558775
-0.297991524504027,0.13471247806604222,-0.01155445662756735,-0.1794964218274525
0.1765384386243833,0.18043004605924484,-0.05502343662276253,-0.026119932647720185
-0.07302568568390773,0.029019614944277093,0.08542316783069587,0.4678689281054193
0.30429216716411933,2.07324450600608,2.6700346687633925,1.4498021522963072
-0.13049690328773395,0.19963030815688226,-0.17463079000549817,-0.15609694066870608
-0.49842337318629854,0.08527134225692928,0.09128622933703094,0.036422106811428434
-0.22889529876483555,0.2221853749303157,-0.09110033358231362,-0.0001409121239080496
0.08355413679004621,0.23799581208955212,0.2891773967023389,0.17376596015959372
1.4716452334349892,3.187512800326689,3.030330918002711,0.9016817117181681
-0.6133790521833649,-2.4777617295755543,-3.0674695739886233,-1.591323943403254
-0.021305964811269156,0.2973954446426405,0.06109611155323085,-0.5574035872889824
-0.01148751893473425,0.08236016991046087,-0.24121242226068904,-0.01829250154254527
0.024940139727285288,-0.5356320760409192,0.032868514545135466,-0.3033241139756106
-0.055344486443413006,-0.3998284333442569,0.19274899098175058,-0.20922201926168502
2.258442038921234,0.38616773129897314,-1.9868652974924637,-2.8790520268786093
-0.1009598099162634,-0.14982507064848632,0.035867323936427636,0.08416436999736304
0.14166121299442633,-0.010780815924754885,0.0608594560912797,0.16577970687923416
-0.13503919544673193,0.08028735683780153,-0.09395553883319535,0.06650522615807368
-2.7391289264636054,-3.106400807589952,-1.346162294535658,0.7129220294884564
-1.943543088294495,-0.4442426608470743,1.8279394758136354,2.7700345742981067
0.4739619097229028,-1.823700689654265,-3.3706595815170823,-2.833734377843421
0.2573440385373505,-0.052335626157844164,-0.12300773221457313,0.0617899515694448
-3.244361328701027,-2.4610095476279565,-0.1991024538544273,1.9893673226517745
-0.16252604574796356,-0.3649313764550053,0.13675918606238827,0.39280622655718006
0.23346847316893374,0.10468734354889124,-0.01825155973607789,-0.08605619404513577
0.1109393820598867,-0.1929546980378191,0.03619288342520535,0.26924079176881854
-0.27953019623042874,-2.4484570176313922,-3.1677143295948635,-1.942590733937133
-0.005037201454293512,0.19539489175537203,0.049580410621148,0.239621031235704
2.029894373172374,-0.34707482116521343,-2.5148350630047993,-3.163626199792145
-0.5300554549813581,0.00374735101244023,-0.14347461006460385,-0.06331602895196511
0.1599838891803724,2.510484269314599,3.0099260032097885,1.9455768342770745
-0.2285717197480943,0.26186230246730174,-0.21947749163405683,-0.07597107957701174
-0.8112659669301715,1.3907415443896791,2.3587686006594066,2.2285006290712186
-2.8891741040931875,-0.9196925214584242,1.355398358735312,3.0238967197210624
-0.17365836785514047,-0.04313437315723949,-0.17882227664979441,0.5920185236699754
-0.00951325984674027,0.4322300763632675,-0.20270623453438955,0.0692178158138861
-2.3077463898037553,-2.9973389709671836,-2.163033721884896,0.016265690430242688
-2.5393505868165764,-0.6224247492462527,1.6612843024579398,2.8688153964501226
-0.07706814461799485,0.3352981379120197,0.09635186023566884,0.03869684218895568
-0.04939496109884367,-0.1953390964367158,0.048815518896768786,-0.29702879995732306
0.20352493163956212,-0.05840665868840288,-0.12479612015048104,-0.04898354715306223
1.756720086810739,0.402491835190679,-1.434214534686277,-2.491949583398342
-1.0998163548895652,0.9466809710623104,2.7776389696355683,2.698516096044135
-0.9867318255536561,-2.4128334026394027,-3.1209086928848704,-1.3930556453228005
-1.3631859607450867,0.9784236440546171,2.4801882304471237,2.904914813969759
-0.7774749477040539,-2.730223784385381,-2.8138285278413284,-1.6421363728685063
0.04991889115213881,-0.2609996015259154,-0.128817886882461,-0.4349556728897217
1.4352432146730574,3.073164163868046,2.87055605119836,0.966893104678807
0.2225617587086658,-0.4485269599788564,-0.33721332004042254,0.10526048688809443
1.6815112439481061,2.8519085976146887,2.19853613703371,-0.18427369986720932
0.3329628367718136,1.9729735034347078,2.892776619435756,1.6234754072540323
0.09732596325300565,-0.07964425905449081,0.2630569835801644,0.24990215648835987
2.0441715525870974,3.247690170546535,2.2930017092967088,0.12906997454528546
-0.1929002024066916,-0.41444505082322974,-0.21902188467663392,0.183907414731373
-0.40724499613109594,-2.4661629371192646,-2.9182320786386997,-2.0615550317660194
0.09335309018009078,0.11884256758362809,-0.2652464941093921,0.06040531969902741
0.2036412855206295,0.17316799052927467,0.47881691679700916,0.16593888250052466
0.06463189388783865,-0.13213334922315592,0.1289526096315425,0.1736827216066976
0.4375583913977242,0.1346488638992944,-0.1312345156931099,0.16273428089217987
-0.37989297827562424,-0.14450745719247768,-0.2945516038315411,0.13844363080186078
-0.2550439220814834,-0.05082992529134322,0.012431439587593612,0.013825821925679249
0.3399855020780137,-0.018584068859421495,0.21968276027845898,-0.0280516792716646
-0.23052959420131663,0.1553853731404785,0.2989729931305593,0.15293077335436048
-2.3836060566731603,-0.613456065102547,1.6074328905872208,2.6785840792409807
-2.2343579234153057,-2.9646011630696405,-2.117639096043899,0.20158536622175435
-0.2719345870315338,0.10675904758333941,0.03713428032930008,-0.12352799976799506
3.0701288678911265,2.1946143004919314,0.15612741874090674,-1.7449750029910225
0.1787666057044848,0.10295488503347974,0.18625768937522408,-0.2193622023181905
-2.6416534498339748,-3.349977253361709,-1.9703629097209343,0.4688927624883043
1.8753368784158768,3.015736121759029,2.1293430616505717,0.16379931680505716
-1.1891458194691646,-3.207594582182083,-3.273036981363261,-1.2993126581939496
0.4831805102903948,2.3435403155129184,2.4787597511989183,1.3432286509855633
-2.825627339613561,-1.5299070978378086,0.5978954471996019,2.291614508904364
-0.22478973837556965,0.3326049215525575,-0.013697258705471733,-0.10065543663714198
-0.5492896459207026,0.33911619978207486,-0.221186498735865,0.3685191731856597
0.5849812551205548,-0.3747128344953025,0.11588007704358652,-0.16086059880776893
2.1793344995202517,2.59171310395507,1.5494740333077872,-0.7025027168274245
2.9972053557533065,2.5477635588874192,0.2528295873726953,-1.8926263596376183
0.07002724635712612,0.041048117818034434,-0.3638099886525541,0.2549592319419542
-2.841904277306864,-2.012117377430166,0.02358285703355567,2.0561149468724333
-3.1276471652179536,-2.1390399263647626,-0.500995537655836,2.1208558593001463
-0.21422879896513047,-0.2943916326208144,0.13036899235241228,-0.06454364412866159
-3.2251390612088864,-2.6390787084440865,-0.3790721192922006,1.981551790255629
-1.195847454397619,1.3897328704947527,2.5855427524933274,2.4968281517437867
2.1677946140824083,0.05208642047708743,-2.3084667616534933,-3.057969963385224
-0.9796319520179022,1.496904755330799,2.7564878958162224,2.861939953193648
-2.89917046423583,-2.290103318124439,-0.2146919812593814,1.8759146392256707
-0.020365628308118,0.05636167438965712,-0.2910294828727094,0.04643066809715698
0.3845361429024445,0.2654788593864059,0.054337052436932716,-0.06744874641028946
0.09223638233829919,-0.5179627376662864,0.2095314028161157,0.1429847661052135
-0.10116054545063945,-0.12519637554034438,0.04828604373575065,-0.05934135639410146
0.14716952614152176,0.4512575466729531,0.0910618513352637,-0.05152660343823548
-0.19416108155323472,0.2837593984108094,0.10870604989224578,0.24805741153505403
0.11898240614663516,0.07375104852032004,0.22426870805329954,0.08498690647154641
1.108342193548479,2.4712119690034404,2.666453312898866,1.2784443759891941
0.10769748245825968,-0.061186984844662506,0.06208112565015337,0.648624847061951
0.09999728424285964,0.4741901270254544,-0.014023187277794988,0.508003902303428
-3.1944948844292766,-2.0492803611049,0.20721817540299303,2.413794208183427
-2.78730339671321,-2.682723859446945,-1.344971007224457,1.3241255062832893
2.979628156429143,0.8320302988852838,-1.269355951605503,-2.818347568779177
0.05006476330045564,0.5457820770638608,-0.05421175862748172,0.19185661996839196
0.044075108442408695,0.7501652882177141,0.20586366216781923,0.3923971816371436
1.086986500391619,2.7051325227664793,2.8473098016007508,1.525961122251658
-0.08573193612192788,-0.06120299700045523,-0.6277676818390705,-0.21137191884503925
-3.010546784349638,-2.262986729232004,-0.5868278400061129,1.7431280948258165
0.36269068462107606,-0.21744554011134068,0.3480477448868722,-0.16068724460047668
1.68382565989886,3.01956312947418,2.791127114306238,1.3686675572569347
-0.1933341510740555,-0.17140667118177103,-0.241415838633027,-0.3237106245208695
0.016088586530781213,-0.32069754263774647,-0.2549233382717213,-0.027945136585103333
-2.2780013713825626,-2.7873007779968724,-1.765510258982925,0.2496010226521933
-1.040795143816566,0.8347440688895035,2.770210141868726,2.527502741959609
-0.0041389233358797295,2.5757912770874656,3.085398983152136,1.8447520998137785
0.1816479286026383,0.08114542893525993,0.21163122654039304,0.235744787388461
-2.8739180635511787,-1.3437191746710235,0.9866960311309824,2.827551308815948
2.9209042944025336,2.657708685808182,1.1278377792433603,-1.5518319299069707
1.3401578435605017,-0.817737108845326,-2.5011692935892005,-2.7275920967767364
0.1125425083266705,-0.5537054620628882,0.3641702418789856,-0.16028429642381609
-0.12550917340300638,-0.313769642805183,-0.3599644934593488,0.5038197625039403
-3.064149291329405,-2.9039998527011712,-0.6023098808135252,1.7184081996137786
0.5193260229302932,-1.781149259855153,-2.71109315234171,-2.6778238335357685
-0.42631532753948187,0.04476766149268693,0.14642568629893168,0.13318910061578731
-0.05330260008072394,0.40685612330198895,0.23833499992221702,-0.01258787445561477
-0.3161788997709924,0.45000699908642716,-0.05934151243728963,0.04194305323170567
-0.14621583871115193,-0.23214455380189694,-0.30250901993105145,0.5666690532570068
0.4848218913743576,2.076096637008352,2.5668538568994963,1.9526978931350936
-1.4518544957741388,0.6639392764140166,2.6357282554293677,2.9000394009452912
0.21302444895216135,-0.1405832974518429,-0.25797302151981133,-0.33740948719402164
0.12156022399108445,0.18448517523601887,0.30996214178166676,0.369207318131916
-0.26799992492766855,-2.5303384336774957,-2.703184842418623,-1.6701631398400443
-2.897651406740264,-2.0164951064056766,0.28669433748864076,2.4222663845678523
-2.905163980545473,-2.188101614699346,-0.06045730342507998,2.0188910475206403
0.2212540886050155,-0.0810140232532015,0.29941130741805266,-0.8693882507764088
-2.621806987036569,-3.0190789644381053,-1.6223078342783739,0.8980595215416866
2.7710962919104674,2.670037635575158,0.6414191930847891,-1.7526773083271998
-0.3480822062092642,-0.3322502091557544,0.13091362168442872,-0.29999210653807523
-3.037571422409294,-1.4468930109058904,1.2023457567239613,2.878858880284784
-2.9511292082239153,-1.0826913313797362,1.3309600658033987,3.0566789640358794
0.359499302799344,-0.01972174054412789,-0.009475408750100053,0.37821048694261633
-0.07857364145032339,-0.05359740389507783,0.10446139961258076,0.2615375200443859
0.08673442702961419,-0.18188679956931386,-0.5407032972163608,-0.1015647029539655
-0.13370681422516917,0.02692134168040026,0.050367456692177764,-0.1548065891529178
0.03974576548095803,0.06496427822481829,-0.032382797663444436,-0.12075240771300444
-2.5566643847710893,-1.378526470276431,0.9811167152703455,2.8228428354529282
-1.6989909886502246,0.6369251361930672,2.6490360270230284,3.1246672663543285
-0.4337448943775731,-0.21607377905249323,-0.08729306731831454,-0.4250713408987398
0.06126322663821857,0.22669768352918332,0.27500591615940656,-0.1380834227495558
0.16673948966907642,-0.39702801915172464,0.4234329063342058,-0.08859297598272113
0.04324032111747574,-0.3497930309500039,-0.03834292640603888,-0.04859849354783421
-0.5163709616048054,-0.11772991692803629,0.022828770530783964,0.17481837407149442
-0.05396216567012961,-0.2615622245341008,0.3548931715156848,0.062296990425405284
0.2315600972607762,2.1146515649364472,2.779124017848574,1.8609151499958536
0.05953943564060264,-0.2965261666160151,0.3840316836897289,-0.19885841379705796
0.28618361645340296,-1.5711725894182738,-2.52877278513417,-2.0762402373339564
-2.9775493045272086,-2.519687545557698,-0.5970272513690534,1.744859697580853
0.5927995110923187,2.699505929216712,3.170293440472188,1.6488022067854882
-3.2304405460325567,-1.7991923284883848,0.24675731434833703,2.422715605374539
-0.34809956658830926,0.17882232630935352,-0.24058015224953966,0.3869073366000308
-0.15212803606472372,-0.2250960385350299,-0.16915130778640916,-0.0654061030877351
0.019935482218223458,0.08792975292478328,-0.24213799684448428,-0.17530900094113902
-1.9627332162043263,-2.6560016996327884,-2.152470209886339,0.10996666837225913
0.18316011826160142,-0.16969600194194287,0.07157223420721545,0.25648719095906247
1.1540191459379647,-0.9186403097243581,-2.3653416969360523,-2.522255165629768
-0.45055960680723856,-0.24231912527261112,-0.030684256536644812,0.11924735287379076
-1.7690915489081318,-2.820422084898614,-2.1401358844125067,-0.14066674684702066
0.12513608206549817,0.15316145682139742,0.24617371284745515,0.012295676019948396
-0.17598862087471992,-0.26419388674018734,-0.11226208062540577,0.11406467181197158
0.5760426891416827,2.0720627583449236,2.871333393026427,1.66528122352427
-0.030396841213765964,0.020981619134185378,-0.029724413719155122,-0.309702764022289
1.6969058621667568,3.0590701006045675,2.326377462318092,0.2918778742084734
-0.13917289739853575,-0.21814716071937462,0.08007163487311499,0.09152676672759576
2.7206965443532747,2.9256722188550905,1.3578334142007344,-0.8789400023143712
0.7853128460915684,2.701048176647116,2.5353599840238674,1.2857184161001816
0.5745750713474619,0.12795148585445892,0.022263922487224835,-0.20606838378405773
0.08122693057531997,-0.20706899079963847,0.2740820915455057,0.13861942159605614
0.8089708500952453,2.6545072903024525,2.5458910819822096,1.5291864354862494
-2.5177691962374675,-2.83609826715323,-0.9529450797127026,0.6486285851542
-0.10362850978993085,-0.06327892388196385,-0.10698170530591797,-0.16947693780194384
1.5110699512169203,2.647482704935422,2.233372035727323,0.2003263832186068
-0.05269147225321846,-0.19873629601654869,-0.15550581867811214,0.19803280413196336
1.267747830628904,-1.065607044879896,-2.690564286823312,-2.937597972886757
-2.107538224417412,-3.127005940254322,-2.127257951324643,-0.18410908530700967
-0.48675577139231707,0.16370804969515443,0.035602268140820244,0.05532765258758829
-1.765215642113255,0.09960668157208816,1.8105846405842945,2.833151154654339
0.1007222655949448,-0.34775509326012094,0.0185964692921499,-0.2098679854362469
-0.9548936739360907,1.7190895889285027,3.6227174386195764,2.737609812677245
-0.03323962043362301,0.14944911262099958,0.8358925433371237,0.46812504180808573
-0.17885595416733413,-0.3401035959540463,-0.49598991245922996,0.17285223691698806
-0.2317332895556405,-0.6183219563056134,-0.23260933844101286,0.08538961085270855
-0.2737185349073893,1.8740200063426489,3.18012214440933,2.239713900626028
-3.295595839892815,-2.448829337522162,-0.3091342571026499,1.9972853218940676
2.778131036043255,0.6984757638215812,-1.754610880948878,-2.8855926472244366
-0.015579285238895405,-0.05446459408872433,-0.13187235780063342,-0.07967971918328419
2.7421060702824285,2.1109423611022753,-0.026031711630588872,-2.02410722447071
-0.06499829012304084,0.08766699143303493,0.0280038453691418,0.3064858619247103
2.76400060307593,1.6479383735327076,-0.953239847391726,-2.2758860992762218
-2.96040744405558,-1.6360871026394037,0.42766885496947266,2.4197968806489576
-0.4071944661226703,1.6484254578969655,2.9105042914849797,2.877561353893545
1.8016570261204474,2.980509730049592,2.2948508748015506,0.3232944160602859
-2.9399729600640785,-3.1243738069741545,-1.036149996537145,1.2389769861320175
1.436180423429502,2.4488892627715795,2.350194368222567,1.0205834953666553
-0.036691117017181765,2.2417584013843452,3.1241097435890888,1.612591956736811
0.280915997702169,0.46594988031125484,0.05594856485167309,0.16408738446637483
-0.004748520712519131,0.0005992285063632748,0.12212458057501438,0.20512620193294162
2.6507320900782645,0.278784940827585,-2.1389226903654492,-3.191091233463097
0.006655837557411903,0.2255566034782997,0.49748178612095073,0.43970172060499657
0.15603427665754055,0.10813453609679109,-0.09226633681751638,-0.20063094733674633
0.18889402295283447,0.5096591171712896,-0.1381779365537466,-0.026946752059997976
-0.040244923167576774,0.05909952532712083,0.4372059821258164,0.030299095326279873
-0.33625583242885093,-0.0439158166753344,-0.3182846941114324,0.17252565442981574
-0.13318791490585272,0.1409354920185756,0.4656792076374912,-0.30254653742519033
2.7472646394258664,1.3298251066169875,-1.0414894096080543,-2.4155554165489184
0.24277435345031836,0.06260426670558915,0.30808144337670157,-0.30444105681420985
0.08950209419658302,0.48525769947937814,0.0357648472520947,0.47845889619311216
0.32190302897723777,0.3498608211984503,-0.31142410080762695,0.1814790391348025
-0.27625236054353025,0.0500228766334449,-0.02994207899567535,0.0806576087172613
-1.3205659961206,0.9846543767305425,2.1796220180810697,2.8710883469101423
1.4584992406628525,-0.4225084817367241,-1.9698753899891543,-2.4920733038937772
2.247985449894202,2.7979179144535715,1.8169832998755358,-0.49655431651938664
2.2580977148637005,2.766019846754364,0.9677960452720786,-0.8897933482077232
-0.09913358550144216,-0.2779216928234154,0.06374263717987169,0.5347811018061384
0.2258076690893859,0.015311887498296253,0.06153976351865349,-0.17387303522680989
0.39071223876899186,2.644502636083995,3.1779572383687973,2.158665750235362
-0.2434772566247656,-0.18574136361650007,-0.1252938756103115,0.2558166425903953
0.032335628771946595,-0.12099789458752455,0.4555649329621555,0.17775095845263192
-0.5356393818960874,1.9597906375067506,3.1634121213113704,2.6058161311608665
-2.926756473839584,-1.6299330192440296,0.956757964406811,2.737337645069564
0.254038444288956,-0.383109071609244,0.4586398999453304,0.39089495940240976
1.7802478212521498,-0.39270604320204444,-2.125238197992278,-2.7445114377181126
0.2521817603738222,0.3965178364145443,-0.18973487628620556,-0.13579783352511515
1.0697625849315182,2.884188471517169,2.671836931147593,0.7526317075345119
2.4202691136130734,2.98935708846125,1.4245996720604883,-0.46671400902290994
-0.3687945240202211,-0.11150372472928916,-0.2594248297944787,0.36165951791181505
0.18604182857614848,-0.2952899233006603,-0.18902384144645512,0.1454489545513215
2.5155494629931847,2.9896534097705136,1.279089611946044,-0.9427924337367013
-0.7894579832787495,1.1800101018710443,2.499897004798135,2.6251355804056735
-2.9215456548288103,-2.125881242695287,-0.3834967689556431,1.96573020075153
-2.3701379436665277,-2.571306287484723,-1.0030787534546461,1.2232167371875677
0.2574865512997395,-0.22339965840559203,-0.06927042889908086,0.13913311275636955
2.6347048903366375,3.0435044620322422,1.834899225720823,-0.5596673072335461
-0.1706997671672393,0.07579120622677601,0.11107619047195008,0.03280574663009182
-0.27221671733791925,1.7630350470735168,2.6687256214008186,2.1867634799691396
2.9485956742569255,2.8723661436882564,1.1685170812381025,-1.331383645072955
-3.013147038137708,-1.6967422708394388,0.47675797809770093,2.5658678597578906
0.8669492230728101,2.6001283431380706,2.618385808297317,0.9786720812322744
0.09063474478780563,-0.15429998788252736,-0.2886376300989685,0.16562471040632412
-1.7939810189416436,0.17406087861720476,2.4853437360293698,2.865884139303122
-0.5565292344568856,1.970154207807654,3.040770199621374,2.503346723766019
-0.15079660152826715,-0.16176957309032478,0.0051735605507187655,-0.46773334071693995
-3.026818092455811,-1.597758825659721,0.5222831967980344,2.6400019031145945
-0.06355949450247156,-0.060170295345543176,0.41236409784120703,-0.29784664311706605
-0.24965752041667622,0.08474258564966855,0.240546758113656,0.18471908271205498
0.5267414301263239,0.12183681227004128,-0.3558197832710325,0.0616710443121666
-0.149059340223935,-0.3062628774280352,0.12491768498502698,-0.3913517361722231
-0.34759638226268563,-0.1402221857358477,0.02326351439242107,0.29772957969355607
0.05167578005374006,0.01449506723622121,0.03856520722574778,-0.1231869496098126
0.16845765828054274,0.10362399653135956,-0.1304646640018534,0.0467426815663006
3.0275082235754573,3.08793073772849,1.2556838405258774,-1.4182068583747651
0.41036749254691884,2.2199365071199955,2.7799264494772897,1.8584266795361208
-0.2990017586666084,0.10330246366501912,-0.2621412194388257,0.010215697358509373
-0.13237138598959713,0.19121243440541794,0.4816481570823315,-0.5807054208541991
-0.05447663977101495,-0.06181824256921717,0.03159265490306058,0.3721438576962793
0.23623783123862607,-0.4139284733978956,0.12259150562994703,-0.21184133871671523
1.095317654307672,-0.8917540513994657,-2.538969093877762,-2.655258116401927
-2.294662882622494,-3.132262912813373,-2.226316470064368,-0.22247296185123638
1.6749939176041497,-0.4714025500692367,-2.8365080047612983,-2.6677238437049478
2.9910555706972346,1.5381601392601192,-0.8298032033852274,-2.836184821389052
0.38921596577155326,0.1168812377561696,0.3973200154150443,-0.3019860503844149
0.16452218550003725,-0.20933632713462605,-0.22659180699948536,0.5134749243594342
0.23469626636961405,-0.026875248370003556,0.06191536342762202,-0.16482921188759822
-3.194112650373041,-2.416732682741419,-0.3090888604652029,1.8742435258435797
-2.0410442847049315,-2.894527107195948,-2.426082837707722,-0.14131036069036323
0.10869630345783596,-0.3088738842389918,-0.3428723288946542,-0.10692907998117844
-0.19161372449584355,0.1116585324127494,-0.08057953750395726,0.2651645334693896
0.17837551836044338,5.7554560645975484e-05,0.37248079368601755,-0.3745233812676907
2.8369769300068652,1.1933905304597276,-1.216919951287893,-2.616086563052561
-0.48792413060312645,0.1151759467661992,-0.34484317359849886,-0.17046760473652894
