x1,x2,x3,x4
-1.4509250794336725,-1.6816207558934413,-1.5815305982516508,1.4140059016552478
-1.0900406437290542,1.5545602615666239,2.121719806087821,0.4716203650348098
-2.532717270408678,1.186271438264033,-0.7683660555671684,0.5905018619492762
-1.4457218755209278,-2.341326579289767,1.2254696506898144,0.9202927027166758
0.4076653848703292,-0.2790601460994605,0.8000063963269761,0.5768848892735743
-2.500291294442181,-0.9945825475181266,-0.7445739025729192,-0.9120756531848802
1.712901828101284,-1.9490228547361672,0.18667884966337356,-1.3241593749609621
-0.32951124158361567,-0.36046940006559647,0.7837357359323698,-0.047832885179954904
-1.8210916688130314,0.41162642608467936,2.3161521340233207,-0.628457740303085
1.2250708264087569,2.5702089165683586,0.111131683837839,-0.8759353188964756
-0.12519600723397822,0.4505554278656301,-0.9879541613552403,-0.16656278229611193
-0.5367322760698519,0.3276164153508084,-0.5937856866764002,-0.0654749629100099
2.9399292491457034,0.4286091565871309,-1.1534168769886353,0.365057801646335
-0.8780728622799441,-0.09421634300403767,-0.5818112993115993,-0.45945030718858565
-0.4271153435201235,-0.3624442341639693,-0.9046524812852953,-0.0914435589847651
-0.3543056276972927,-0.6294666451856494,-0.059453859003440385,0.6038985208340752
-1.937591541412294,1.2782528268537348,1.4381754833471045,-0.48309890001971634
-1.2124224938341919,1.0335319268850423,-0.13616744632463268,-2.3717567906035715
0.8285505314039827,0.44936459676492796,0.0021243116365384403,0.22422202900277002
-0.31029979368392346,-0.015656221034409307,-0.7347903777293336,-2.848712578650937
1.2412714469203776,-0.7191984831156135,0.7578647671994838,2.5488300605654963
0.09555108461118705,-1.672186164588547,-0.813146967302615,2.3785996454136695
-0.06493165114206677,0.6072761383597374,-2.875941054801917,-0.6953848812751853
1.6969936959897103,2.1576819961361196,1.0705964546716213,0.43138354574451304
0.11897750614067881,-0.27892266371493485,-0.4847298009608158,-0.5977977457790322
-0.6541259767331893,0.7511334518554922,-0.04582670125207532,-0.30102550940607387
1.7827332137104226,-2.1869050930109886,-1.0518351870388076,0.050772160099479685
0.339973887716859,-0.9095648007591741,0.13664518744728513,0.1977819730276884
-1.1591906329967219,-1.815586977737616,0.09419749656799879,-2.0755713706895893
0.14364143428904158,0.5405375587693498,0.5564316420995962,0.7005684021698263
-1.3395923352935075,-0.05900481316246198,-2.7423608268814497,0.11379857731675591
-1.167555390677094,-1.229303984686495,-1.874660917466279,-1.8699513659007183
-0.6879582450340903,-1.2633760714030324,2.532816800084646,-0.48206274156977486
-1.1427993070098288,-1.1497175623907092,-0.7238382654759199,-2.401941992094238
-0.2186244767739769,-0.180573781537606,-0.7063715207957649,-0.3890287371227675
-0.32186785089143005,1.5504925904177032,-2.309175012774011,1.1377080093429965
0.49206678773188384,-0.21023128409035102,-0.5261802581761578,-0.7754899086543048
1.6748702887874583,1.0047723208884123,0.4696749573495457,-2.215336984554092
-0.1630863037290755,-0.40444024040390614,-0.5228615159380529,-0.7863558223962719
2.2120530682316186,0.5398916224019825,-0.9756257002798876,-1.7230278258710852
-1.0933119500071837,-2.69525585263683,0.1926342001385269,-1.4720675367199691
-1.8912380231631438,-1.7309735652418923,1.4658045148489516,0.12660931630027503
-1.1461785312036874,-1.4285985235576772,-1.9057858336883202,-1.0468145557932484
1.5551244330104717,-0.7386222208762848,2.2394674331153004,-1.3784804453410375
-2.6273257075620764,-1.2626623928196457,-0.8986608718280048,-0.3454145346039219
-0.5985980660857352,-0.5933388713736115,0.05787753091925121,-0.4362239110333555
0.033189484100560204,1.4957520369573114,2.3673639967517057,-1.3092490170575972
-2.5960202559160566,-1.492165047302905,0.5469321190505815,0.058881329840512954
0.807509080113766,0.34801323011890056,0.10055990980480085,-0.43555643706934977
-0.23524423378890275,-1.3428995554355776,-1.7381849014668085,-2.089982311862987
-0.12484998317375558,-1.2958845180254512,2.588631779127322,0.6229058092523742
0.7480216539829583,-0.40302430183444865,-0.10843975800607211,0.6816125727338902
-2.0265751098690377,1.911375888859982,-0.8311707729264945,0.5507801291333194
-0.7206515445718352,-0.1834014357430339,-0.3860786900903425,0.32189008146387305
0.5094795561356196,0.2925267992142055,-1.1686750103596084,2.760679627976694
0.47874240028509085,-0.1594696905395241,0.25275990814347854,-0.9639114657234238
-1.0577310909987026,-1.891289243852453,1.392804956180946,1.5671674188623563
-0.17189065658172867,2.497507819644633,1.5610156906919586,0.19959664081907727
0.06902568282961312,-1.147383934993493,-1.8431908211897379,2.1660702911432628
-2.6786874618841057,-0.08672188614442267,1.391884605474288,0.5726013259757602
2.736812551660753,0.517487940394248,-0.10280095502246558,0.9967497706199684
0.3742295587733245,-0.9603509330690156,2.382458684312982,-1.3684069474033216
-0.5270230424537088,-0.23368664319875243,-2.543069779369775,-1.4639890812987535
-2.295102088658765,-1.716117031470441,-0.8208027994684842,0.23291840056876495
1.3259977801047038,0.5169679650435123,1.918723106971917,-1.556629911407047
-0.8930844184576455,-2.675947692479666,-0.3828471769092771,0.8809175225452213
-0.12619616134474468,1.1504716216895055,2.689652317726439,-0.38560276849008934
0.373888249895403,0.3340942465858777,0.6199434206926853,0.5093168469775444
-0.446300316439051,-0.4011780177724572,1.952557405098389,-2.006155950645332
2.049109662879432,-1.527402713237491,-0.7115732558653085,0.8973799112928373
-1.7597668248273244,-2.221786822404026,-0.7691683084671809,0.42991253731563533
-1.031997573450456,1.1962109010063544,1.1548045021618902,2.2792579773570023
-0.6829867432042561,-0.6219670718720454,0.12407957805148398,0.42883027517809613
-0.49791351471624645,-0.09548956665073788,-0.2984848324197071,0.8299338361661858
-0.11938924648756995,-0.18484079321300362,0.5266613892112981,0.686812264893487
2.041582353177736,-1.1532000584775226,-0.8559972179856631,-1.6553353149276997
0.8406057796691072,-0.11331659711208071,-0.1051029712045721,-2.985381358969604
0.8928354609084181,0.624756381527681,-0.04983773526770704,-0.14904479330521972
0.26313012321624085,-0.05511465259819817,-1.9607664590511211,2.26927885688273
1.0639660474390107,1.9665585741534257,0.566604121478363,1.8976085458188645
0.9652917434066931,-1.6492876911610088,2.271930577237969,0.21491793778464746
2.420626820184992,0.19227609234201876,1.8731279092789008,-0.02824561728734601
-0.9026918185470458,1.3236769620538797,0.43072726441699605,2.5626153648069985
1.6239099042453249,1.5518687203389736,1.1210113929057928,1.470335518933785
-1.9484033383904336,0.9692303379249491,1.4781046954790857,1.4119992958345495
-0.6810409560348378,-1.0812043553956,2.3573794876560963,-1.3791296742774184
2.1698601475722485,-2.0795084454916655,-0.48312406907317706,0.5719083181339757
-0.6581635975714708,-0.18432474226232884,-0.5774991470295013,-0.36218683399792834
1.510626862076637,2.405056366290087,-0.5067339235084011,0.53188475026682
0.8294961920378285,-1.898400418496755,-0.859108021468635,-2.184770104295217
-0.8121251467100621,-0.023252839745500853,0.4185285248820127,-0.4799864628868447
0.2004627517074186,0.17949256453140405,0.39476399164898,-0.7861454950833705
-0.37280322300490687,-0.6412459368894691,2.7094057080002183,1.198505504958938
0.330866119794656,-0.13763529663834229,0.23701644079105946,0.9277901668029899
0.6990770807893619,-0.0810674688002084,-0.12528912959263383,0.7566259096526224
-1.8529862531681838,0.06556833962351916,1.5471776441550498,-1.906406379846256
-0.16379826952723558,0.02207111765557187,-0.8794926873661636,0.6646395370777526
0.7704814768128041,-0.6845471418765672,-0.21960613323066464,-0.07114632161723922
-0.39624609936073174,2.554350093285038,-0.8923125651547699,0.9450719175910915
0.7730364578782574,-2.6650038027412557,0.8518519689332616,-0.3928250173046614
2.492253123524921,0.1481911907095448,-0.9057233178239169,1.2486968558159566
2.2386750963939113,-2.0370189738139217,-1.2614942600887915,0.2989287949568725
1.9853741667032105,-2.1154399924603187,-0.6388521972528111,-0.5327593251159639
0.3277424471168328,-0.9518601513172327,2.8928843081094895,-0.11649461889492305
0.37846359804025553,-1.631366427407477,0.1789661231644421,2.5251825754440054
-0.20303443529362064,-0.3741445805829931,0.1878640977047632,-0.7519758594385545
-0.4897793271103166,0.8302017212071513,0.6830270151293347,0.12968555510560575
0.5588941855181164,-0.69945612697152,-0.007029500613642643,0.5468660691511523
-1.4266336180373422,-2.0658510220826045,-1.8637555036305122,0.3879322816817041
0.08822829494012513,-0.13370336616313275,-2.228355845611182,2.112508538834325
-0.05604897923205393,2.084613583422561,-2.2394956879700114,-0.5392586845999034
-0.36109302798156223,1.182938292878523,2.5037450362785902,0.7432183290389888
0.16597011727310323,0.8149159460476394,0.3363707943763181,-0.1806123275599417
0.5906225480438709,0.612291463978167,0.670899351090245,0.2856884701590643
0.2710627127552642,0.6635886600270013,-0.42296865920837856,-0.21624055882217302
-0.5638937791529848,2.44802382746238,-1.282405694968068,1.1421733830447316
-0.07361842437515692,-2.12100746074325,-2.0322057948340193,0.07555588567266133
0.551160641263382,1.165326427342076,2.4226057195054613,-1.3378330053276837
-0.6428082502729229,-0.6650309057323915,-0.35821624616297465,-0.5142436898462757
-0.5847208935812431,-1.287545850375424,1.2210816677918408,2.148137653473557
0.4648708201198168,-1.7706870482664443,2.163105021728577,0.054134045502418016
-0.04081807737831722,1.0179043505882692,-0.07925437208716618,0.4667801506344044
1.0504329164430135,-0.3008024619180084,0.32336936249042797,0.14264330023515617
-2.626022619590264,-0.31327814575232577,-1.1264769925548832,-0.6040304798870129
-0.6076117454572217,2.0636765408040914,-0.8471054863586909,2.100996190533482
0.007822408938599312,0.26910590863048445,1.859587070829578,2.318821195022104
1.002059971346309,-1.1928029551279384,-2.169443949338387,1.6758763461479338
0.210094302597978,2.161017710787069,-1.9234284083829787,0.912207142406211
0.8317194054243885,-0.5066590984455283,-0.11660807553949185,-0.19611300313609803
0.94552734501465,0.36230232348425934,-0.28274055906378875,0.21188792859418365
-2.456226217369415,1.5498776496064028,0.9155728239804076,-0.47608353602728826
-0.08242276944097243,-0.8949159393106016,0.1720519425203932,0.08280830645783735
0.7054460778306995,0.9246634342771198,-0.11407430571729558,2.908360442745254
-1.1948257560624445,-2.0755054856232276,1.017481740933087,1.5391097051896865
1.1023678593896955,2.1008646853648996,-1.3787712699729064,1.355492573633691
0.31870067021261717,0.10773195961434057,0.15726532962584713,0.8547629980691659
-0.27781462023979064,-0.9173139858315711,0.2066605181012658,0.37644382793135556
0.9571260206540713,-1.1778448478859447,0.6787718795730712,2.381071110163507
0.9602371123286685,2.356330171500661,-1.5716155413349502,0.3568277753988438
-0.34275695980279053,-0.9444013402460587,-0.017874025009085304,-0.013243489931359056
2.5171447743379334,-0.3345917511017432,1.405587738435573,-0.932681502969848
0.203210747455352,-2.169211254038434,-1.644046701655257,1.24869025002776
-0.6708531183742611,0.36730768465388985,0.26781901067220654,-2.927595215224647
1.4158583683711061,2.0533935583604244,-1.4548729294669136,0.7719704423321417
-1.645921761082104,1.5229146642960891,0.8207067207637835,-1.3178246743168884
0.5093585090413286,-0.9191154656022167,-2.225944565935318,-1.7479474244505586
-1.320644649373811,-0.43208193534604733,2.403108889382112,1.4002901364223543
-2.040785451212568,1.742946683647629,-0.8191199031436955,-1.2035170485931475
-0.03537647437323699,-2.037852673928465,2.106308979400116,-0.39469504970610714
-1.4919137272274963,-2.131368363678649,0.42596085058046046,-1.372818824866659
1.7921851825192865,-1.9770175354657593,0.8989000400690522,-0.5503580261472493
-0.1047065634322682,0.6286139856579845,-0.6691351282829421,-0.17529740875321695
-1.425767327276732,1.8148907875232325,-0.12697524757839562,-2.0066812141097463
0.07644669607084738,0.4936060285826511,-0.4338533560973769,0.9749263373257515
1.8581158918215221,1.5106641403993755,-1.5039314284084107,-0.4314206571500494
-0.4210308445412019,0.8422753564945465,0.07893774029979614,-0.14105618880932813
2.4279889171599414,0.9675078575460675,0.4616441862102432,-1.694564528347488
0.08081531178200924,-0.216224295692901,-1.016107399557869,-0.39651725053423803
-0.23770235944212617,0.6923915627856824,-0.4723759892624987,-0.20270319371244178
0.9860009848616558,-2.4794571182398744,-0.7454155329018943,-0.8262017458788432
-0.6131102793327843,-0.41008874395347633,-2.0973836846906013,2.115393461451207
-0.4195062097413448,0.7835407284681857,0.40527963780482334,0.8399258732653992
-1.8047465170894037,2.2393461729262807,-0.7841041182895703,-0.48866490502655
-2.6341902732728366,-0.8476209251735118,-0.32854170737138055,-1.206220169475666
1.9443718038674667,-1.5427380125375523,1.6073786495161795,0.0030233440974303943
-0.9430723294680836,-2.6541267959720156,0.25251492284710003,-0.6540834828021569
-1.4206894580165217,0.6583064985695888,1.6839504114584545,1.7846213192796039
1.0664510089418076,-1.858042839955006,-2.1494801224510103,-0.5219906882904748
-1.846625323322757,-0.6553506273810524,0.796759128133839,-1.9753389781463957
-0.7280457012004462,-0.538088886576683,2.8435478119783,-0.20048233374647742
0.6829738677504515,0.1500256681714203,-0.21743928334015797,-0.38432297537273696
0.36719979638561057,0.4997879267579208,-0.6759100001836034,-0.16059121738564183
2.158972091454163,1.641988234614997,-1.114288225299418,0.7091646995618303
0.6146239419784705,-0.059147261971918996,0.511782778669549,0.47857616696272
-0.5897132947289874,0.7989011588598418,-0.016846455807795674,-0.3794556630199234
-0.8653933719332708,-0.45518320607142715,-0.6512865665085268,0.15046296747547128
2.363265982418409,-1.4689917967001862,0.15530900772825684,0.759565154995186
1.3787938794378678,-2.5250371425653673,-0.4787123558198228,0.8212631743131003
0.03403082107145325,0.3360927259583071,0.3526013244081771,0.9829907604546021
-2.1160570609745863,1.62614223672528,-1.179216056053206,0.9304642917913081
-0.31925011091026084,1.5216725365102508,1.9494421249370077,-1.644711409692989
-0.12550774519434704,-0.07981679770063899,-0.9103566188104233,0.053194753161020854
0.4581477425477487,0.11475963838534022,0.6317902485955709,-0.29638324542154676
0.22962512126617035,-0.4936998982709284,0.06118344899506968,-2.8963609887308035
1.1831606493848588,0.19872607023713268,-0.550047781244682,-2.6035755712943516
-0.7060666674566969,-0.30021398854479325,-0.24940172641988964,-0.6081971569342954
2.5415671776992785,0.9980497189089059,0.5870196284643088,-0.6362594551033263
0.6937822983509168,0.09298324959595594,0.5991910956270667,0.0072620899273870415
1.5100418285769406,-0.9787225052486926,-1.7972248473771302,-1.6490561611369368
0.507101180873574,2.832157077419474,-0.41509039280943183,0.23373195102517538
2.4300273723317063,0.013312659149512171,-1.836120541424014,-0.1950041684387681
0.18886286623318646,0.061911228504575866,0.6370803602346016,0.42784265849101877
2.539866280308681,1.2153098062549095,0.6493833091314024,-0.88728544825392
-1.2511968527156154,-1.974548919322954,0.26611026208123384,1.5040053291710134
-0.938830428750842,-0.481350403119111,-0.0005859616816178501,-0.2045515487423879
1.435336922743253,1.7982542369340764,-1.9009787185370572,-0.49020910301611853
-0.25279895311696693,-0.20982379081412328,-0.5580299396367862,0.7437830383399757
0.4157950400007383,0.6597136909871029,0.17183874286339923,-0.7511941837329914
-1.6049174832284478,1.2189263326108595,-1.606611749194394,1.5837102171220168
0.29308844469759227,0.31641148459836216,-0.8934314376798957,-0.4666985730932051
-0.7826278438530376,-0.5453313292751769,2.7245609785580998,0.9951529180113043
-0.7922345991692656,0.3499643328242489,0.1058311584470979,-0.31080036533067473
-0.8156889427311842,0.31306818623362764,-0.3822913784383396,0.03218393048582201
-1.3669937648171921,2.6096514607980126,0.08956579869560036,0.06953744528770413
2.653659307721926,0.43996790944189035,-1.017108160115147,-0.6163412178042301
2.453451991445327,0.5031713299668114,0.44035856587866706,1.7682334743364956
1.8563521588579242,-1.4275034280679144,1.8898968891437684,0.255148582553958
-0.26280172520925377,-1.6157112365909398,1.8933721698268802,-1.4823785427762557
2.4657979158795142,1.5090574808024966,1.135118318313768,0.3966301311259407
-1.1979046618942841,1.8557022800290148,-1.0474462244227762,-1.4833415324629573
0.01889627295949826,-1.455088978055423,-1.9917857478030043,-1.4229339971628265
-0.7688008062125424,-0.5280611701956469,0.15819356437062373,-0.08865573682683281
-2.8429569427765147,-0.16306217861887196,-0.6075043216836047,-0.19904537189269078
-1.775068450391945,-1.9146658200054674,0.658003767317742,-1.168965415884342
0.035424334731477686,0.28593812137394714,-1.1341494302513815,0.1765312815929031
-1.0318563736369948,-0.609480686018887,-2.8162668754986164,0.4716751156142035
-0.4399046049199373,-1.3970282976731945,1.4088362316191676,2.157208826983814
-0.5538377508808628,-0.47221701712434977,0.32903448304745175,0.7861792339394882
-2.1870447154434576,-0.3176004892299874,2.0321874373315625,-0.1889087533307791
-0.5326577318857819,-1.3229978067956611,-2.4059334513599713,1.0068759979246602
2.143267659191014,0.4977691362825969,-1.8564006661320622,-0.421698649181211
-0.9342023159189842,0.5194041239108793,0.16917259253203268,-0.38022724360835725
0.2197579675951824,0.7782298126601098,-0.13611356600425753,-0.3379590639926251
-0.3578482080548069,0.27377744081500477,0.30177291290489516,0.9269192770197747
0.6739503471718684,1.3499797017134374,-2.7007803792868046,-0.06644785784078822
1.3580651683146772,-0.676809555092033,-2.605555767867571,0.04303348036763433
-0.8224143458617804,0.3622557370779868,0.18415308202408162,0.32899304205505114
-1.8379673373853223,-2.1435768601774514,-1.4254641384181161,0.057152809509834715
0.8913133298194508,-1.3866336317984929,-2.19157473049779,1.1108668033192197
-1.9853028001600441,-0.9954276523949094,-0.9907178807872246,-1.5030081524969783
-0.5983794653151681,-0.46800693353558365,-1.439195513555871,-2.4346066513318463
-1.208552161805667,0.30371465549941323,0.6420295976770927,2.556245392862587
0.4166572102551944,0.39417845986830635,-0.022788314251770428,0.9726710199592753
0.5912450853097693,1.6896015859802025,-2.0357405134991367,-0.9736238517440643
0.19817558620969464,-0.6923710710540656,2.2915456531966756,-1.498304058104327
1.0262411047215598,-0.27666347342741726,1.2830728214447893,-2.476647128070912
-0.4089452898095583,-0.01300105720761488,-0.5533281451936065,0.6927788757848509
0.6421554976435698,2.75953036887161,0.38285328596624785,-0.46837895433114557
-1.0028060047692162,-0.989874725074024,-1.3084398587678474,-2.2003119449190836
-0.6008222045242436,1.340560701231174,-2.5500615814436207,-0.3554927778448565
1.2969761349530122,0.7286928588496239,1.2003134063675478,2.2273395756551664
2.3488702636535748,0.9220301207236385,-0.36363168492141607,-1.5823214006857393
1.1086647611613747,-0.17119278029847873,2.303326644756231,-1.166598236071014
-1.2666679385373674,-0.3515603301906877,-1.7161346647653213,2.100630908348169
0.16756640290262317,-0.6197255112227191,-0.6505561085943252,-0.17534726792021726
0.04047582321193666,-0.05241323449516541,0.6202970462762362,-0.85412625565442
-0.6033871655046508,0.665635849509973,0.14439209966522273,-0.4463363097831947
-0.99132379877201,-0.27224057566282367,0.06865944389260009,0.034657822106115115
1.9567042195431719,-1.5642643960116795,1.0012021690691657,0.7908661668070086
-1.6371955384294736,-1.399617193504523,-1.8041606601571436,0.8419875442496341
0.08068332628478113,-0.5684709894802823,-0.7158462367973267,-0.34863341576728646
2.09376843798176,-1.5601414847056372,1.4099528904492247,-0.09883850201901964
1.157940021772795,1.8345997280409125,-1.30069773362395,-1.3712281149863457
1.3058911479428397,-1.4104739214688715,1.7144235639078615,-1.6607749509392642
1.5655669327890431,1.2087747676175349,-1.74389155071278,1.457247092235571
0.43076518508897044,0.6352475410142644,-0.5422964872617541,-0.4558323683758231
0.002019160057244368,-2.0483682530545577,1.2311378071259895,1.987137350400967
0.7136537320765796,1.985484710157154,1.884058109311209,1.0266236498673054
0.7782491308057871,-0.13417146393493634,0.3380521162218436,0.5429972040760331
-0.5443444086709676,-0.4448592625611097,-0.18679723059598818,-0.5704610565894296
1.4763408550974948,2.3419150737714265,-0.09996307736092672,0.5973322928901339
0.3294649620583505,1.4789891011732275,-2.4132803287185016,-0.2728380551074884
-0.20801704469680868,-1.9867640619171103,-2.346026672099949,0.2045726241262615
0.2619848869487591,2.3948698690468846,-0.254634860434447,1.7226429041139097
2.6326163214846816,1.1833303789194503,-1.050763376349617,-1.1025565382217521
0.48455997915117965,-1.5781822131614005,1.2431082888807183,2.0904131881300487
-1.9173090929420926,-0.2674160409837827,-1.6092891907319022,-1.5582159618356664
2.542483018369157,1.763432698929005,-0.5610381164420107,0.44484472561491806
-2.108423422936713,-0.7575437006389503,1.6769367452082695,0.626824451413359
1.020222579090295,-1.1369382754803414,2.1521833333034333,-1.3782055805545832
-2.7094343532241676,0.5466786829876995,0.3079861703036378,-1.0852941703933483
-0.5992658555830042,0.32643324608270324,-0.05910224897992483,-0.8221470959419452
1.2482381840714745,-1.770929580387703,1.6636470867714044,1.1628019423535727
0.9028370303371093,-2.1662732180901965,-0.5480575079610273,1.792247733628942
2.3131503920717784,1.7376470678350964,-0.6556306974539949,0.7195429504517707
-2.547051265943384,1.4913299277717638,0.041633518758502075,0.6196196776620362
-1.696973714491258,0.2690189182027804,2.0283655045318816,1.5309219690124594
0.630185587499291,-0.7031771897392127,0.4382957745040468,0.19238474387854995
0.7875420440079721,0.33416483927883717,0.14111920315479487,-0.08573650117478977
-1.0471776375600235,-2.7178671313306237,0.3839372960657137,-0.6749780244430998
1.5800468191654196,-1.132070919635573,2.1913873345329917,-0.7244563567442857
-2.7027090562000717,-0.3152192440405736,0.7187317186013958,-1.2307437501621012
-2.351269132891709,-2.0009573677675663,0.4018632642878647,0.27908674687782364
-1.7708710216624743,0.5116868118493414,-0.8561512293746327,-2.3166715940815803
1.006505963965556,-0.16591665651693782,-0.21908914450186953,0.2765944322242223
-0.07165091307155802,-0.37373516051804395,0.9154097655094767,0.36710620592959187
1.3047950620457014,-1.8606260343703793,-0.1380487227228252,-2.002038306788589
0.6166325278636754,1.6465508735883343,2.185025118232529,0.7030827585651948
-2.5350590057744795,0.19810025922976116,-0.25729669954651274,1.3658625386758483
-0.19062539579950727,0.7611719578045457,0.6717304366338881,-0.42030141180940955
-0.5777435573611794,-0.6034103609818173,-0.7546458520824489,0.13871772516915443
0.29341759132886447,-0.3947157011153925,1.5813922133441016,-2.378472026186178
-0.18245700675293536,0.8882404045754801,-0.5277956315992316,0.4524569301102061
0.14317381468330242,-2.190179819003315,1.8377279849476125,0.7091809595906248
-0.2578297850296829,-2.348448532059943,1.8201388306814745,-1.0096585513420167
-1.534341063234303,1.7452213264934484,1.8460362427305925,-0.7493635459938219
0.035408319316958294,1.902775296226231,0.14201405046804474,-2.3505428769453385
-0.8524631209920845,-0.4471141693627977,-0.1348383861611358,-0.17057187574524488
-1.698448748521343,-1.0591015627241547,0.4524787500025885,2.3594467329063664
0.26983083006485054,0.06957959360453368,0.783171822157266,0.5118240448028887
-1.014740054338623,-2.6501112585479776,-0.19595287611323525,0.2737139633277056
1.8551511814997077,0.8424141808229741,2.2816067210340436,-0.3322738438198357
-1.3865773513836053,-0.753852587860672,-0.255387786185138,-2.5533418051614314
0.258673173358561,1.7814250501260604,2.204284490587765,-1.3084684189761215
-0.5544136637617783,0.5108758743704054,2.61846027373498,-0.9992738184251744
0.16592181863159916,-0.09380475786639314,0.2750993867647739,0.9137579198365433
-2.2716898176704254,0.8271668127231195,0.5942925028965906,1.6760014470652218
0.9575610946594058,1.9650386780328846,2.007672538365956,0.6813295056159686
-0.30148733818547674,-0.5597079523946608,2.311240766877717,-1.0341524360380696
0.42237877261361273,0.835097424742683,-0.6286565851972942,-0.17343327254926894
-0.5939396175381277,1.9404159564434964,2.0024552989615425,0.5800110971956575
-1.0696157642926123,-2.0355428078658577,1.4326946337053408,1.4111550456232862
-0.3379088814464586,2.891834076476021,-0.26597485449523717,-1.1938608035745248
-2.267374951962743,1.0816993870296692,1.403609995505399,0.5229167537568082
-0.6851308022160931,0.09641937122895067,-1.120281174815511,-0.27427422277749725
-1.3802925495506615,2.415905980891398,0.3556123446750725,-0.07550041334981339
-2.003620471710435,-1.9502038627547966,-0.24642173020480546,0.13492117987774618
-1.1456344104581657,0.8639406315890229,-1.3647957141900247,-2.3540593163299612
-0.06018472110683128,0.10782260482906768,-0.9558010219311092,-0.21214574011941043
0.604384063052199,0.1597619672359846,-1.223715547822864,-2.6463172792174614
0.42324749834518766,-0.7113480191813004,0.4848274700234644,0.17682190562908456
-0.32707764812460116,0.24812797769931313,-0.5620559989092669,-0.5895739577665764
0.780280594626052,-0.25480045496325415,-0.38441526746717014,-0.7240592778917775
-0.1805538477024461,1.9985879239680069,0.3288219138257145,-2.2176159787489484
0.32128954767234635,0.7030818762698812,-0.5479809862946629,-0.23964881836411484
-2.6062074747884325,1.1061830970606443,0.5792200247288999,-0.7667767743659097
0.3576978775075321,-0.7645824776319163,-0.1657299174996436,-0.22647199804074514
1.9036518023746596,1.6886352489496148,-0.8133727099917578,1.1641844761215783
-0.6696613254161383,0.7171694751215015,-2.4761565940367514,1.1779897361245315
1.0225709362378956,-2.555688889969992,1.2210337829391018,-0.49410781560116446
-0.13651358175355927,1.5036855836080176,0.7728181348738065,2.4388941381713423
-2.255182481677922,-1.9311631968709042,-0.10249480159515904,-0.5361198734129902
-0.9871392755615105,-1.2663270822495327,1.5173353758732002,-2.008453725384106
0.26584541788754573,0.5214018443757252,-0.4696616507122471,0.695786041124853
-0.6206098250280755,0.1536129985892166,-0.8456564341104638,-0.19776215523707358
-1.0467728409114854,2.09185211630592,0.11404567866407894,-2.0647300201951806
-0.5343337211419182,-0.8061161355763922,-0.40399151018230045,0.365875049182898
0.47219231234566916,-0.22342229963478216,-1.5735832838841228,-2.4112203146370783
2.2732807196931923,0.2926196312326387,1.6968527384314576,-0.4172890252281828
-1.2454902817966378,-0.7381816085901917,2.8130918986499065,0.21537161899250934
-0.6456843564882834,-0.4968435957125329,0.47700964239538335,0.3257736945844312
-0.895151297953286,-0.564439181938032,0.340209024764075,-0.09812882551989902
0.6857892602061135,-2.0475024466660776,1.9823865353397347,-0.9693344136508691
-0.6236074120910878,-0.9269154989161466,1.9318068300258775,2.3144332294040066
0.23316923345808674,1.0280866832332909,-0.10801580638608727,0.36113687044641335
0.09882148753403647,-0.5746740292252615,0.8954293532225981,0.259790539838824
-2.268130862776358,-0.48912620946325347,-2.13328997242909,-0.24391440288249436
-1.1441569611674862,-1.25344219925858,-1.79440280335196,-1.8122902235617675
0.9289728548570921,-1.7706101565624777,2.368932867408049,0.13844226448704217
0.03904213155373846,1.8152396658855832,-0.7805913915960745,-2.1082399891281987
-1.957302033741593,0.07690562915514307,1.7806483246003704,1.878601186302212
-2.2570867979070606,-0.46511904631349515,-0.2759126574436947,1.8848278412041446
2.514492928426452,-1.4020777792014985,-0.1878663203507765,-0.8509269714000794
-1.6275490067481226,1.9837369242398608,-0.44351646218408475,-1.160923039370702
-0.09445259017171077,-0.22164667880393898,1.5584046528702782,2.6982622017818856
2.792734318825208,-0.06945199120491657,-1.1711381618928343,0.08469054987862029
0.5834891731575146,-0.316231526333583,-0.2165520828324284,0.837653029850995
0.9942209230652111,-0.23267465623323152,1.2701451986257386,2.427509160091567
-0.3039709973969258,-0.9972753576053992,-0.18433201247176242,-0.3673039361182339
-0.2226486877190476,0.7006729714158026,2.636667849904634,-1.3480673592211485
0.7634189480035842,1.825656009715134,2.400097342871055,-0.04139252372871133
0.7255514417010077,1.7816487586464425,-0.14065876789553475,2.4312407107170917
1.8376485802833504,2.347432158017913,0.3436868736255308,0.3203076128087449
1.3635437908639594,0.4724860257892522,-2.3344390722598565,-1.34988481101451
0.6707227832131756,0.439742232551081,0.291919762395078,-0.7266156348375555
-0.6326402320376471,1.6829138514610407,-2.1282826706747886,-1.1951107844528153
-0.5909660651139486,-0.33403807273523645,-0.754897525126607,0.16968978110501237
1.2462362146622032,0.6020973163493838,-2.004883582367375,-1.8172166163398438
0.838760347670295,2.828447375770948,-0.934863742498528,0.3797113274882814
1.7782475952853753,0.789525406525508,0.48366386580911247,-2.036991688630713
-1.4268633867224276,-0.7549993185451194,2.076784985095978,-1.5057175743942213
-0.18399614187241506,0.5987145727843568,0.7869677496631198,-0.45878239358839334
-0.4513834460402326,-2.5072860907010655,-0.6787602251376422,1.611994064133964
0.7239165543946547,-0.09371331680529382,0.47162541044220707,0.06942625818665868
0.19303553498754167,0.7212851120900893,0.5057938314327283,0.37071939299922213
-1.0184681027873925,-1.6682817382563961,-0.19929159198255403,-2.3383806819647885
-0.011007072218605599,0.6387420677056885,-0.11603780869860167,-0.671881484187885
-0.1940769496503523,0.09864003235458871,1.0420399435992362,-0.21574545169894688
-1.3130755158522656,-1.0414612461318362,-1.8327463534943633,-1.4371187397189868
0.1939781454449831,-3.03104005550742,-0.3591727625661935,0.5686311750046498
-1.727959816446022,-1.348964617835866,2.2155075725976867,-0.8527968844836633
0.5646531650904616,-0.46539116509515055,-0.41617308927996977,0.04164092306896318
-0.5734918115996878,0.4968745750598206,0.12344916238303696,0.502041690538704
-1.3533109184421293,0.45837653083746244,2.6528702155947976,-0.17100301521345726
-0.18708446611061053,-0.42711356635715236,0.5636350790236344,0.7731868748433521
0.6691593010606768,2.7014878232037893,-0.041057210043166883,0.9892936515671679
0.17789590498087984,-0.4606182570284844,0.6347029802936343,-0.6417957635924378
-0.29505195712914595,1.88397935726729,-1.028690459582546,2.19626564457797
0.16337780876895835,-0.2080173642637519,-2.27876094767062,1.989904674373038
-0.34626731847259556,-0.61126240800262,0.5993629003371593,-0.10630907149521618
-2.6983394310281015,-0.3664824664326295,-0.6296693856091998,0.5262024528022476
0.5954687775598467,2.6617124944684103,0.847659733723922,-0.018175796631981697
-0.09648800065718581,-2.259556843638528,-0.9286313960137711,1.8370048119077325
-0.08524530427358346,0.9611145681327424,-0.11505900374821705,0.1327191059702934
0.9276856590625104,1.92346240572296,1.2167243340147014,-1.5104121689520917
2.9749498916780057,0.29848873804048714,-0.6114943243232313,0.25016243439737396
-2.0177715052690575,-1.3753891230029354,-1.2982409775328685,1.1241975100673183
0.40907166179697035,0.029340399919636814,-2.8180220301974526,0.6517165292606338
0.34461505926730607,-0.4888061947033594,-0.4110525821723745,-0.7046894129986516
0.743969015243827,-0.845417496164317,1.66151420977951,2.297764985618115
0.3392812844856573,2.74309196042269,-0.9670253369668471,0.14265904668360674
-0.5798904561877009,0.7377167567240959,0.23125283974822836,-0.2744229513659046
-0.000839677808083375,2.3171587001922993,0.03711552038084108,1.8759604740832367
0.33673935007404243,0.33910408121112073,-0.248560929871591,-0.8597122142729973
-0.01851641812059232,-0.2100105877166736,0.783143328050165,0.32560694395171386
-0.9328174597407597,-0.17977385177152172,0.14860971892339314,0.35994854029867873
0.6101551553727486,1.9030258267709375,-1.9058323575162102,-1.4134831466973976
-2.314661772897012,0.8397740605335314,-1.106118969918763,1.3298783328512587
-2.5584786962483976,0.10822773576816905,-0.37091921959778695,-1.486345802171447
1.2858307733297638,2.0886808908595325,1.7973249279347978,0.29651960475553796
-0.9041261649002973,-2.0425144200666363,1.9244329770485002,-1.3028163647983766
0.11154472146728424,-2.9138037747784304,-0.3290411028163568,0.8735483408456649
0.8787558947635137,-0.6525546513791891,0.10549694450708566,-0.2042005866349703
2.679939446228114,1.276411826804868,0.49777547569916947,-0.7592506501241068
-0.8269746294855398,0.21472750151366676,0.17210148058221225,-0.6490697285593995
-0.3083023004948247,0.10148878167344677,-0.815239023799949,-0.715649460067862
-0.6036234282804406,1.7395960136742799,2.126234248548621,-1.144536441954799
0.6270636573068622,-1.5146577888467117,-0.3842508909248187,2.5160432533476578
-1.9911107395816925,-2.314460132213872,0.10771076199482289,-0.5076376833237349
0.13181095215677258,0.5399935066235233,0.2569175857155826,-0.894069884017545
0.2993316621227769,0.9027518293666921,-0.6334213027689213,0.21513323161274894
0.9251213918346406,-2.688610857861262,-0.8281175937932481,-0.878552725270608
-0.35808723401397957,0.0608856815542963,0.6690463920303916,-0.559918984566653
0.5273684398571798,-0.9423229705789277,0.9263880202472781,-2.720132870063979
2.7301097664185936,0.15448106637174197,-0.6355246518049456,0.13291383278995322
0.6521844360273257,1.5755231783023207,1.045714810108735,-2.1842668349581555
-1.9973688765072313,-0.1818694644999414,-1.4180837970599487,1.5527214358998243
0.4699595493546761,0.6455235661028006,-0.12555129628313894,0.7036840161047633
-0.9852035141970799,-2.5775802088473982,0.84835447933427,-0.5646957688088065
-2.4849550475123454,1.4000923181987628,1.0090641885453855,0.4814074283462803
-2.4371690312479513,1.6031930335795466,0.4496261996574755,-0.7240846710080837
0.13021384905839686,0.6327827276519555,-0.4815959615818956,-0.5206091627640044
0.9571820203462291,2.4261990316368327,1.4179360043772313,0.7672827003018504
-1.1615465259480886,-1.9470829254708724,-1.8657575222362002,0.7222145586988101
1.3671645928784937,-0.4902406428615392,-2.6992550662818817,0.4555635381008053
1.3873741107862516,-1.5057586667865153,-1.4782604697976194,1.7339070784079977
-0.025796836929885464,0.8897768002342515,-2.8837467184486596,-0.5746117104095169
0.019882778617326957,1.1155503107798357,-2.1972858707690026,-1.5081419792048614
0.9739451399170954,1.3687029283566639,-2.2472187615257724,-0.5984242186390147
2.0610727051872972,-0.9681336467041753,-1.5026997343567188,-1.1115200180278249
1.2440548237764513,-0.38432173566759487,-2.2197203121754794,-1.3181464562573255
-0.5931658414827619,2.5628481221977313,0.7112065780714761,1.3759763064134312
-0.8503365950605344,0.16951523916547726,-3.0196153088595445,1.087557934587508
-0.09751934359874173,-0.4813282888906406,0.6769604159329905,-0.8368886559241616
2.1298464741215177,-1.487928446256743,-1.42762969277163,-0.30066819590452487
-0.03804939723401403,0.9731456139934515,0.13473431485716375,-0.22200930069825814
-1.3818875187367416,-0.6284153893679697,-2.4167982302746456,-1.1919966273716256
1.4854662112366215,-1.1580584474818167,-2.2475603445568413,-0.546699423353941
0.46865864612147506,0.09898840019555429,0.2631386859611583,-0.9596222520566189
1.4647406077112406,-0.91303645620714,-1.3013490469942495,-1.9351692929770559
-1.5835234351390726,-1.975523929127171,-0.23607209145511635,-1.6177978517414326
-0.960011291376913,-0.5754365779242008,-0.09232465521762206,-2.8250232230650103
0.22197137911197148,-2.2289698461456937,-0.011414778017165644,1.859606368948525
2.5329647573508267,-1.1037022779552577,1.2844141410421894,-0.38354679200197095
-2.3897539715689007,-1.5755065821924739,0.6128635635609131,-0.7227086856207532
1.2219556994894574,2.1672622160471033,-0.9135336067832867,-1.4850829218528523
-0.5861347831588962,-0.732963461153658,0.43839177484110786,0.23752980758083228
-1.0361946796943664,-0.9602507612818576,-0.5785440465663366,-2.6730933930321754
-0.0006265795934629059,-0.8552172935055442,0.4182925349459892,-0.6371553452024579
-0.6472139380853067,-0.475615585644277,0.22924578511039148,0.4473840635969316
2.2373294830890447,1.1533239350510578,-0.2596146686532656,1.3819686430757112
1.5358655695139414,-0.17036825738072128,0.4364454095780169,-2.5402135191185815
-0.6243956579479009,2.2813690015482515,-0.3240990953375771,1.8022034210395506
-1.453010262297005,0.8264879343084648,-2.3499106794103195,-1.1289390026916157
-0.6220939066848101,-2.770152559044351,0.5365765496073034,-0.91470906603675
-0.28264798041677075,0.3572546403132164,-2.3270607193219996,-1.93345885960773
0.20428559830809306,-2.966794444299502,-0.566199415486155,0.23251436536597617
-1.7261498933274302,-2.33711913058305,1.2077612370859343,0.2327647658109287
0.21880901516888412,-0.8395371275433559,0.25161353335896564,0.11270759224237722
0.5030114721191851,0.5622817984632816,-0.1985123483771563,-0.52715474077658
-2.742199249829004,0.04517721728090704,-1.1849844856287919,0.17995467063518406
-0.5889470215076826,1.1736505498532077,-1.157438378609511,-2.1588019999457697
-2.78604039492209,-1.0976740479991685,-0.572491612973122,-0.20499168450275979
0.6664689419344323,2.479326131800917,-0.31354612226974093,-1.3645737176703991
0.41617661279623197,-0.5901851685048116,-0.6229772479654396,-0.3119358048090361
1.8813944387721642,-0.4443612206346588,1.6428920799005242,1.7846600341212258
-0.8962878762903923,-2.457488878634964,-1.3567839274008675,0.33981875085078816
0.007870639469397755,-0.1841354460389929,-0.35810362629867293,-0.8871809537232747
0.07699464692150856,0.4308473213958696,-0.2734501820191277,-0.6863403311215334
1.9429225609243952,-1.5581657771274715,0.6118330992036436,-1.3447608130451407
-0.14648058947922904,-0.49349815458508284,2.1885811930354833,2.0105622709716844
-0.4263111500779846,0.20346731658570172,1.0346103514814657,-2.7297028699432304
2.2867737892141276,-0.8834271727750413,-0.6231532356503676,-1.9786802830160732
-1.4196622532683354,1.6656551875123227,-1.9874019467947122,0.6296939843364988
1.8975412043938544,1.1781751085973013,1.307813067372949,1.6123283384664948
-1.6531820776329136,-1.9349250174986914,1.2610584717325468,0.6468942697854873
0.11254415593376078,0.5190464705031675,0.6835957928058983,-0.33633619155759853
0.207796789301321,-0.39809199603259815,-0.9005098361320759,0.5062738514079385
-2.515933608675932,-0.7808714514092434,0.17679417056547597,1.4180654638871826
-1.4010547331550667,-1.513018864544693,-1.4833358387358722,-1.4778555669735995
-1.6275633797729743,1.8120030852141489,-0.6103552411722272,-1.7335496141098747
-2.929220246653321,0.24635502953642416,0.028331472504369945,-0.04662868362746469
0.1499576304893546,0.6022448945167969,0.783962580228815,-0.2202939533990152
-0.417947506951369,-0.26310833249908255,1.1643116734791,-2.6865841561593453
2.1962513874496308,-0.44493944468953095,0.6755927922699811,2.0724996307692827
-0.040737588067728814,-0.8358130211049714,-0.12079064477357301,-0.5497367855322807
-2.4155246377943427,-0.7146287475514222,0.7026565675992092,-1.8184497444917553
-1.6851397581100107,0.5263008800366247,-2.394827178602309,-0.24168845559489102
-2.4550128924469843,-1.0345326117115126,0.1771964795203406,1.2314294963648544
-0.9002768936509189,-0.20925171463414424,-0.009926468411131456,0.3780768728540837
2.865288965363321,-0.43661646791096803,-0.7435443149283303,-0.10907739111162079
-0.621526464078761,0.35800507771354023,0.5223202327384755,-0.5286104373781005
-2.1492218087183823,-1.6489252049074257,1.4172326468784333,-0.34563084179503817
0.18517796703874465,-0.4894380765148737,0.9578249982598699,0.024727612313974523
-1.4335568873117368,-2.109399522237355,-1.753579790212079,-0.18532621947448874
2.4151684474234023,0.8842480404219949,-1.546578614031106,0.45711585287226636
0.40575995498299994,-0.4566788259442541,-0.6739090883241782,0.38532996166940175
-2.5966925722234313,-1.3142811973364326,-0.015591619620267838,-0.7507411356827125
0.13023435304748288,0.42499247903313525,0.1576712761517022,-0.7145338276150172
1.6789093322139035,-0.9460933818272486,-1.0727361027888358,-2.2293914072825847
0.13736835891434168,1.8654084890600713,-2.104864242870697,-1.259092160128852
0.2243633690788172,0.10212633013127265,-0.3801497341555537,0.9441544585164269
-0.7541525981575091,1.7997466591425375,-1.6186359355162276,1.6553574783728038
2.1842740008278354,-0.9799484761508098,-1.5506892998610269,0.31632838554619863
-0.600277958553665,1.5397876334236977,1.3762817450282732,-2.001896962924043
0.16765396207797212,-0.07067336607489019,-0.8131032086569945,-0.6134235886546275
0.02921097713525153,-0.3704331435015835,0.3502091578937355,-0.806327887955773
0.07631461420476442,2.0643369007127954,-2.0660871542046237,0.6885112808653316
2.4874611454214093,-1.4447304789279771,-0.6101948882278585,0.21505074380825073
0.7029245330728905,1.8767930358253855,-0.6694722077076164,2.1110961105476678
1.600607929811279,0.2706478494357619,0.19428416127491763,2.6371759531871453
2.1589773929670555,-1.1153123364233029,1.432185388107689,-1.3770763226464116
1.2146108499395865,1.767881000553743,1.2545010204395264,-1.537909406506111
-1.819799658062182,1.338220356747756,0.020208962987239038,-1.7970505104501862
-2.545509896896663,-0.4875195933400239,-1.0091771819787771,-0.704620442632889
1.2934365631300229,1.4578852517985517,-2.3969025299356144,-0.5735056778981863
-0.04315840656406483,-0.671482458326973,2.708322904587496,-1.1574388906151953
0.3342622793413842,-2.3784743991661825,-0.9323375879733304,-1.6012350401462823
1.9327770321635482,-0.41432461020009326,0.3026648745880317,2.078026824911589
0.48220296775079624,-2.425398429880216,1.433788957765994,1.361788479531881
1.891568155596104,-0.2918139360819172,1.8940308858609258,1.437861760873273
-0.1870723545915633,0.4175989747461417,-0.1454082758409831,-0.835201747919591
-1.9536238860812254,0.13992320499922184,2.110483618964618,-0.3956428039203468
0.10829663274086576,2.18163764962981,0.0875928253204469,-1.9380666524602759
0.44888906656179645,-0.5472299261884995,-0.08997718482665655,0.6488717416315738
0.09807467438278587,0.06562166594675797,-0.49153992949727215,-0.9581789096560422
-1.5183419411887271,1.80098041133082,1.6238367358978796,-0.3227570038155713
-0.955303720032519,1.7593330219558547,-2.138234475539376,-0.18326475391761207
0.4137365237521641,0.3266663545919973,-2.76705459495797,-0.9032610735766781
-0.4198095637549218,0.7992252681520702,-0.3101626608688918,-0.7085136400703609
-0.3955094437542733,2.5661498065110013,-0.3826544243275657,-1.2918165516108648
1.6035811439541727,1.021352803734109,-1.7810605892769067,-1.676401199723334
-1.7565019253854268,-0.7459417833228372,0.35616595753576674,-2.407863575308544
-0.12635019596732183,-2.269970608548715,-1.36240402813745,1.1001954795997477
-0.2662675480392691,-0.62771142464607,-0.17961611352118428,-0.6497227512737122
1.1676272436404376,-2.129388830049211,-1.6081086250715362,0.9214706833457776
0.699816415632276,0.6785931675099837,0.2557427425029266,0.41792340929604416
2.606136555569449,-0.9530944777348523,0.4802641755886104,1.0786740769328114
0.9516971069797238,-1.6843470969962053,-0.96085152509007,2.145469333023357
-0.5148350791795182,-0.028738315218444922,2.2904171625492427,2.0012548665055174
-0.560344051205554,1.6596888227278266,1.67247593696928,1.8305404487067438
0.07515290183447723,0.40989385740986695,-0.46707735757050695,0.9289949892983108
0.02005176625979213,-0.19449928747216166,-1.0487005367948237,0.15311487701599624
0.6826706245541329,0.7014081365509308,0.540464859444797,-0.034601210260664664
1.6007884358738946,0.17623351693383218,-2.1702146064263865,-1.4300381894396499
-2.3492154537179806,0.6888926611808853,1.7689191858687354,-1.0318566035426477
-0.14095721921365328,-0.15072912303972363,-1.0147382270955425,-0.16767196558123293
0.7380858545942244,-2.2288793332526757,-1.405074891693889,0.7705495500140175
0.1071292631137578,0.5710935522997761,-0.5162739075960416,0.537546433083576
2.285907472634903,0.584133974350767,-0.13946644028814856,1.957155259723542
-0.28815714623387756,0.09923913329059375,-0.719165341733165,-0.4629080439677409
1.666818339795412,0.31874141823678026,2.4588432265719717,0.4722047214854216
1.7782722384872378,1.9866013377168914,0.3612939516223676,-1.4855050514893668
-0.4381185920331948,-2.8281644629107285,0.9879097942393902,-0.13091754377834544
-1.4553763247407963,2.438952675065741,-0.7345648125227935,-0.9133750285663044
-0.6819723995118923,-1.6956305004646872,-1.015946840383482,-2.3232091551636116
0.8571091506095638,-2.2971540528596393,1.68747452688459,-0.5871151264717571
-0.475523977149092,-0.4902134171763941,-0.11707704790166112,-0.9399362719909963
-0.2515032986187096,-1.5236221236355911,1.9133473121021978,1.8516998070611068
-0.27076093840505744,-0.3442417623445525,-2.839923942832132,0.7167199129005787
0.027864825324144013,-0.8663927894053263,2.139479216105355,-1.9783525705002611
-2.2280283963064558,-1.0341258983605819,-1.6714523313278797,-0.6440242238541531
1.8262008684073485,0.9326744242545543,-1.134729663228059,-1.8867424087302467
0.5182017205074516,0.8083165626337447,-0.11798998600495772,0.2797349184278104
0.3868874105779436,-0.43275365250615155,-0.2170193020573585,-0.8461877794548768
-0.972186587414726,0.4054498248178632,-0.4137816629683936,0.43390846412339623
2.7982833423158784,0.6531230228105578,0.5037358067629549,-0.9284745716892802
-0.3174511917890309,-0.5401706354612442,0.8753814578067499,-0.36271628491391383
-1.0158764556063413,-1.5690098305665836,0.1920965270085681,-2.2231739373506763
-0.5417491865747595,-0.09413900081483115,0.4523342551794001,0.6771549013368144
-0.6327959603906476,0.9577293447128085,-0.3060161909686747,0.300189861849524
0.43856315552097547,-0.4590495433993738,-0.9612421633981518,-2.8541902393845255
-1.8678176693350095,1.7659347791928148,-1.5185577004726691,0.46468963765475707
0.16845819211585517,-0.05333749536525369,-0.5413586149949903,0.8105985803747091
-2.581312806821006,0.5400754396928404,-0.3925624252006885,1.1981767346615326
-0.12180065857850823,-0.1773461681496908,-0.9162660308828999,-2.8544301016362836
0.30334178585451055,-0.1604285510085281,1.2579523160136576,-2.7669832182753464
0.3554986139597284,0.5147748145974267,-0.07999710674446785,-0.6366802115989653
-0.7953101191627657,0.4663998634663926,0.07053158855492284,-0.23314691535922444
1.8782603697175626,0.38915721622182375,-2.091755994827553,-0.5927515552102638
0.42406262193776456,0.3127408748104761,-2.7407524170645865,0.5763551843978483
0.2859868935455663,1.1290176663464764,2.7422992544770928,0.7265395088323019
-0.5009330129951056,-0.1368261719001719,0.9957937054976487,-0.05649080053713734
2.5392356201431845,0.815441873954495,-0.4046204213419452,1.021057665793167
0.6893159506033077,-0.3351886774493381,0.6482996857749584,0.044347990845276006
-0.24561581916450356,-0.5961807816901091,-0.16696266910864066,0.4849867231279823
-0.7084237480986849,-1.3735993867821354,0.007063641447912938,-2.388832183417246
-1.0423137631395418,1.4748130613959693,2.0906905945119805,1.2683814436391831
-1.972824476411561,-2.1290398804619053,-0.8128614200620145,-0.7920086022315322
1.9677289778850136,1.80800219202369,0.9959614402072539,-0.33850473275392035
-0.08014067056484851,1.038813766157688,0.07348811357830275,-0.06747576839296389
-1.3429031337781743,1.868034313904464,-1.9488173017224935,-0.19168438287876874
-0.8306085990143818,0.35403091292909,-2.8004219668823205,-1.1195195480499378
-0.453003636781098,-0.6940580065324736,0.15948811662268914,0.907269206423468
-0.21438802972054435,-1.7471982256909038,0.5581164387987758,-2.332441381282461
-2.229034039863586,0.45132533670377684,-1.705377638641047,0.9375761898013142
0.6705780233465912,0.7481860425433791,0.30111020425866647,-0.18023135040291038
-0.6457803793846032,1.1426994016764767,-1.1253315015799115,-2.599196507605036
-0.503699262441462,-0.5678833867913243,-0.5174131931033077,-0.5668506485238172
-2.4179733406831367,-1.6851489903749552,-0.5805592878362734,0.3592690211457964
-0.8197822925571125,-0.6591336551378207,0.515678309776439,0.016499979715900892
-1.3508243636314885,0.4273692569672848,0.11068903379631512,-2.7256961963583644
-1.0060679275656876,0.4620305052784715,-1.708751705168249,-2.3293296039012037
-0.7426875643286848,2.538745371671487,-1.3024616826237068,-0.30960176750647583
1.808361989089929,-0.4810413539515056,-0.783816682457953,2.275653022422997
-1.8931211436770279,2.037265467781132,1.0047308947489335,-0.5491356044819116
-0.04631635144747559,-2.8640483363390636,0.2918797264754774,0.9866524284216509
0.7706177410379972,-2.8071369493672687,-0.3612496587910249,0.06498738947120852
0.9728387028307941,1.0160684924476864,2.5027112910092,-0.02076284381651504
0.1811349978652252,-2.3495677956969474,0.023352612618879706,2.0646015681849486
0.3494964329290171,-1.1630401850929104,0.3442924421380431,-0.15007781175171883
0.9780024626285514,2.3613360839853152,-1.581932824805086,-0.6265805630853254
2.046302160202498,1.3331920988957984,1.531426640814017,-0.40460409348581977
-1.5773793331127013,0.08488208244701957,2.2699213976149744,1.0523460796631765
-0.548324688903379,-0.3273544746490114,0.32729339676646135,0.4859885890617904
0.3518813862827906,0.850338288603107,2.508038873036036,1.456129015071189
2.3238627459440444,0.6974499074044019,-2.123178334452158,-0.7152129445048844
0.6836774878179727,-0.6398138125451804,-0.4572328689873035,0.011878721997473946
-0.04622251018648846,-2.540297141604435,-1.7292959058443245,0.34291470902692484
0.6940959134619211,-0.9530082570297649,1.1073946269872292,-2.5096588793645322
0.8927984100184553,0.8878210472746585,-0.7411910680905583,-2.756444667497967
-1.0261010589148278,-2.059059317919949,-0.261598065881784,1.8307870501929362
0.6124465352756865,-0.5577505449155672,0.5318468594853083,0.21388493012881782
0.7780250137889378,0.19470499806914307,2.8421788052310717,1.0678760531817215
0.2593296552963846,-1.0959574928686882,-2.5551060593463837,1.125305420146283
0.5633384669643159,-0.4127665273627927,-0.36952993376031507,-0.7557445380202563
-2.7523171793035686,-0.44697650386957255,0.8158920152366491,-0.11598565954860951
-0.694287106372067,-0.18081991658446056,1.58047728394619,-2.3968295328415454
1.2784030213226252,-2.222973033923656,0.5111456747244755,-1.0548233459686436
-1.6291617420947804,-1.8240663724981823,-0.7865690279073361,1.8341602441974805
-0.81804923257394,0.9500107241329042,-2.537622413641639,1.393165002324309
-2.412459082549116,1.2011556837826887,0.780388805899644,1.1175760308647382
-0.3448703279490653,1.5922516956049204,-1.0988700556803161,2.152466385232363
-1.6481801482602332,2.282118711764937,0.22561822741919532,0.6515205554105639
0.1836235323327133,0.5423329195224803,-0.03465726386813658,-0.8055788359904915
-2.9353039751526415,1.032433100025286,-0.4678253078100196,0.546274543513236
-1.2252598258626461,-0.08080640694453564,2.099223465707329,-1.9546054992466264
-0.4046732618729695,-0.6778510619052346,1.515075365194254,-2.4838573976905347
0.4322855294382162,0.8286928160772076,-0.74262817436814,-0.117541832341135
1.872160947380199,-0.4336635988119137,2.2274497974126737,-0.34643657192362787
2.6178622016355506,-0.6270442513575369,-1.2528498238263839,-0.4551141566342885
2.1845259709479996,-1.8058472685994373,-0.84302013960845,0.11098345594439979
1.2635756263369253,0.5996852963237382,-2.6711260441731612,0.19395992796600736
1.307074837688567,-1.3932952928219595,1.1119324034990885,1.9022403015592952
-2.261966347846035,1.4780706621724518,0.2808008868574233,-1.3050895085732501
-0.3490881863795121,-0.10176719984006044,0.6786529906857699,-0.2836501461586341
-2.645811285684734,-1.305050929839684,-0.3308673688867406,0.1474444718316707
0.7618433614511394,-1.9570466710953403,-0.16374713240575567,-2.169700406478019
-0.4499735665417143,0.3104803118333315,-0.24430259300567875,0.8960318514913479
-1.5870286624221084,0.10957702282708678,2.0023573338806577,-1.6818249031308492
0.3809078339525792,-2.383814432594088,-0.7672916389796672,-1.7559398657156646
-1.8458280550684032,0.30433371279219446,1.792017619941751,1.6614882667572084
0.3629679101395553,-0.015589560377772257,-0.27457585983788074,-0.8346925549967339
0.32281041184598813,2.2317751361381997,0.06976097574196577,1.662790471362774
-0.701975617629371,-0.08707648534399501,0.09515873359991389,0.5323024977439222
-0.059037574708563204,-2.166527902046706,1.4698056021034942,1.4779620612753848
-0.5741239652514828,1.4586504760929502,0.11821371961266683,-2.7754842600339398
0.17772379889291945,0.4802117499063885,0.8470954603235291,0.39690648701975617
0.32227123499215143,-0.6433990157791397,0.5726177400402437,0.45030740267296276
0.7820280364096426,1.0039347502331661,-1.0763982857500112,-2.579068992765163
1.5572699644327244,0.21625169721440796,0.5950544412973122,2.5769580659329914
2.1024963305868445,-0.5385743820606856,1.8675173501324647,-0.9731199179178525
-1.343180199422561,-0.9019758795922017,2.1779111984643653,-1.332703530849893
1.6482329667218785,-0.45061668372693625,-1.269996377660785,1.988852425982592
0.8255278216201682,0.3333480011889817,-0.2651705568618229,-0.17597179824992765
-0.37224257714115633,0.22161562833891257,0.8852037633980074,-0.045593088920873444
-0.11388578895214739,0.08333240930672618,-1.1618217515038174,-0.007337543781754913
0.5333932845911692,1.6070650923085754,0.6716233307325687,-2.401540654910198
-0.6206017953086942,-0.1910031019248762,0.6485829955737892,0.5165351612467117
0.03544383671353219,-0.4831058456007642,1.022335825112474,-0.09767185918467516
1.2508713096536028,-2.2491314008150716,-1.2845179494797165,-1.0163662448887756
-0.10118830229867504,0.452207727619212,2.983769945387593,0.11400790088750612
-1.9946535298543315,0.8939166819662218,-1.8896462389658664,-0.8044450257579507
-2.0998821679098296,0.9502967775335607,0.8961084812397289,-1.1326876744422092
-0.20174855725804544,-0.128042519875513,0.8371862691060294,0.13573758947067255
-0.1882556142755457,1.0310838308445123,0.25037319873803976,-0.11390840423567103
0.2675131290351003,0.5933123897650069,-0.3688304020608223,-0.4878014738218023
0.19408896787281346,-2.634050788396675,0.4827852607365404,-1.5623696607355164
0.07651571656401378,-0.48568229674237706,-2.693108377672369,-1.6436268953963837
-0.6238394027704138,-1.5451011756418065,-0.5992898325011893,2.4427272292975735
-0.4605044496851696,-2.446163623753748,0.9585704818142151,1.5990551543018918
1.7467534143354508,-1.4021522047540869,-0.23457969037592602,-2.0377385556479726
1.6702987142168724,-0.14605714760392738,0.8616777492036773,2.641738954815396
0.20329323810138428,0.18233650243081545,-0.6373189681000935,0.5034611390399788
2.2602407590853635,-1.3618122809389863,-0.5271990155566137,-1.2519061445542214
-0.07620943825359996,0.8244055693057533,-0.6295781991223809,-0.013902671935562038
1.1513366997490617,1.9469042798682548,1.9735783933811106,0.9000756806138245
0.1530120045281067,1.2734755437988983,-2.458790960751989,0.45133898075599954
0.04737320649263882,0.09627331208051945,0.7467831283365722,-0.5608544955233457
2.7630202937658157,0.015714818120006233,0.0221461542089581,-1.1240831058456653
1.1869868623786286,2.064498529640986,-0.7514933986483215,1.9078671382797607
-1.0092302897948742,0.0991991536826568,-2.0412879682504568,1.7560930947805262
0.6180934665626638,-0.6799542541148466,0.08245663926153866,-0.42797059140320903
0.7001749220677462,0.4815223175629832,0.39827171462043964,-2.902815078888114
-0.7658156619184173,2.4565687845653508,0.32745001980765237,-1.4969304917673125
-0.3763795830629637,0.5635894178490913,0.6314626075042877,0.36851116301186004
0.8604860800330669,-1.4653469514469244,1.8217627776403114,1.6312191819881965
-0.2821866549103629,0.369969658993751,1.1695981096466261,2.5152225930398195
-0.7163385693532327,-2.9472523595446734,-0.2857692394075223,-0.07771599521439171
-0.3624741320568057,0.5007590439417331,0.5925414279972577,0.15472853861650593
-1.1652418189078446,-2.271007207326468,0.8585462555622643,-1.1786671362090342
0.9200634741542804,0.11079307331422927,-0.25670179720992875,-0.005679928858127202
-1.2532004320933996,0.9490200950318429,2.398062412338822,1.1499354926660064
-0.824689282517634,0.9526439000341722,-1.0150676145490058,2.605893649011821
1.901766231506152,0.923474884224484,2.057798998279271,-1.1902263769099342
0.3762039466834369,0.37745457273937594,0.7009047793979764,0.48088657983141364
-0.10014700972732737,0.4696272268167192,-2.8059523129722175,-0.11497098350888996
0.2396194108170189,-0.32536375671329265,0.000723626073727543,-0.8362320342690184
-0.2961677628670103,1.4668950574471318,-0.2693344526620416,-2.7285091887632884
-0.050506621530104615,-2.0990841696572042,-1.8632812182646699,1.0940397273584686
0.9239285888377278,0.2009060018893312,-2.0565158989737062,1.927170180147659
-0.970062487153772,0.34221265112629967,-0.10524844717583727,-0.05672833069293097
-0.8995758565415984,-0.30118004791285197,-0.3199874482166357,-0.47546594096076417
-0.38936844285768935,-0.4417207855559935,-2.8281084720320413,-0.33622391611303387
-0.7697415417089835,-0.9299888178825655,-0.8330717624043992,2.70188542413713
0.4554489851875883,0.338731105726923,0.6045757289464094,0.5141350384484444
0.4807412310916165,-0.209286842121508,0.9298781455874876,0.0390948565593469
-0.8600252222285046,-0.31632725329284084,0.33301950558040844,-0.13914315626811863
-0.10178176368287997,0.6077397123029589,0.5239147366285258,0.7240918539528785
-0.2023021556331816,-1.0516341155162967,-2.8611962749894424,0.4237337059189598
-0.49225273874739256,-0.9529641274729538,2.739658246828408,-0.16646224883663152
-0.6362503160832507,-0.2699045522308067,0.865677189558034,-2.881440318920067
0.42902138831563286,-0.6942002789854742,0.49736534406931787,0.6761018657666203
-2.5086873939679264,-0.17456507617339523,-1.6561705986013744,-0.04743238520411621
0.20235507368063904,0.03771829446621107,0.6565990918262141,-0.6744823038597068
1.2457408511496093,0.8078932436385982,-1.3618890758132773,2.2873036433588076
0.31678418732559843,0.5781854220571783,-0.658450100370195,0.47772553765483816
2.639778214978442,0.2697758139644736,-0.9858146881095766,-0.6812749719801051
2.91988612725631,0.25157262603067526,0.651163188251127,0.6157774048525341
-1.113501452124892,0.008144442186878332,-0.2667818961313213,0.5022309638025468
-0.10051574319111634,-1.0772412279836252,-0.34633327449611134,-0.06534338439273349
0.6320023918004957,2.7811726342697645,0.8837949492543317,1.133827451976931
0.13956173739034122,-1.1295772726703217,2.51297015847266,-1.5030382109614642
1.1191495581601243,0.8339511579146279,1.0530629649790797,-2.4029820955577668
0.38064957966050117,-0.1424137232411442,0.4851671966171082,-0.6307889148565582
0.8244820364933005,-0.11230647587927536,0.6614670684852588,0.5788049049687689
-0.6736779645569796,0.14836258801997254,0.24627005499754487,-0.7305960933868021
-0.707843105549474,-1.385172203328037,-2.464621055708275,0.6334497260749211
0.11260893108705522,-2.265388820334545,-2.174945793181108,0.15647277557101646
-3.2593398530251427,-0.44734369875550867,0.3330384718130839,-0.30385543837517104
0.3466097596699529,0.13815477103982785,0.46294529755288977,0.8656677787331459
0.36232929964666966,-0.7943992886741174,-0.19850688163163588,0.5264581281908871
-0.47305950907274125,0.5610934201816047,-1.8843364610919573,2.2996847617353597
-0.10859683329904334,0.5022093588182721,0.09807006489944335,-0.8752373904357008
-2.5062278406523513,0.04064137536785811,-0.25969737460219394,-1.7607915230577496
-0.01338397336006178,-0.6010896348849858,0.5309916775833319,0.5187060303590737
0.41638121537135797,-0.09866685217408641,-2.744319577622232,1.2420872434308705
0.8439844178669729,-0.016631904916539313,-0.44770918056512626,-2.936285233921102
0.17017203374141007,0.15131804677948052,-0.2626857795544468,0.9695891991045015
-1.443795950367075,0.30541017788192093,-2.4460454324272254,-1.119762957327661
1.5777893666719605,1.942926521653222,1.6472340624754307,-1.3535484269358955
-0.8463220751205922,-1.8061058978934974,-2.031834890113884,-1.0695592248816728
1.359501068062398,0.7273326856569681,-2.0489260514005716,-1.8582935206674376
-0.10745586213872046,1.589052662995035,0.7991600842799352,-2.3385860919455297
1.5280998552256722,0.7665732569115619,-2.4207389081189508,0.8549949788259993
0.07339013283380649,-2.7458121464258207,-0.7083582882033007,-0.5731927471652987
0.859456700321348,0.12480988827485623,-0.6332225636442002,0.004130957583960745
-0.7021369007625871,1.2002233860707712,0.004826395126762029,2.776590469017933
1.7835005567321163,0.43440326864435796,-0.42229655297407365,-2.367442290324109
-0.762381715321617,0.5781457944163559,-0.32961187899728683,0.29154222210135566
-0.012780654569307395,1.0538609245483,2.706313251621378,0.39019121069083795
-0.40779157595824833,-0.928039473323286,0.5692476852565436,-2.6491513051752
-0.014014431897559562,-0.17322774205584507,0.8575484875845383,0.11690750157279231
-0.32354763548569515,-0.053545488874702084,0.8262359697948773,-0.1392506995837713
0.6874063295654269,0.6068005642594587,-0.5811018084614161,0.01053485320490656
-1.4873729411860097,2.128317365322288,-1.7738685426111307,-0.1312430672953016
1.3257516455386134,-2.4292241444627867,-0.7795451999467177,-0.848073515328562
0.42237801492041904,-0.8935927631637048,-0.008235002439749752,0.014394188453694043
-0.5092070804811983,2.8562121843387045,-0.39202271766987223,-0.958194261610669
0.1906304158305019,2.9095869693159,-0.12627501080914014,-0.19746300667316163
1.2136253179331287,-2.445291432902605,0.9424699454287342,-0.5529861814298597
2.073899858294747,2.1099069989121837,0.14494272841941516,-0.5265881694164319
-0.36228949659908705,2.219720904372464,1.7183424709231718,0.9338257052475005
1.7125351180177746,1.65775578160463,1.789034751365389,-0.7586729787993123
0.9544768361829317,-0.7083594549053687,-2.384467501074216,1.0972403804391713
2.6022743688392738,0.9967568753720019,0.3819911070749227,-0.8159614131757942
-1.1854154426084178,-2.2523328357797046,-0.8130166376873514,1.5772329860566203
0.7793152697591216,0.4438675941336273,-0.3920127729619052,-0.08141311561763062
0.6070018920717318,0.340273845625639,-0.6689580180092058,-0.31195926767883764
0.7433035703090365,0.15564186317766043,2.9061636295231374,-0.09549530807188963
0.997999416866353,0.9132945755453057,-0.7616520694148291,2.600927491833521
0.5210573250809517,-1.243134454183121,0.22657994236968262,2.675052064901214
-2.5711766636589166,-0.0021462760271898917,1.0972612342434231,0.706598768543141
1.2825087174718253,-2.2329082349812186,0.25617332536556814,-1.4709354511253425
0.7961600939847494,0.23547896150414385,-2.8461858426233464,-0.3045836476708094
0.5136744843608084,0.3001693308878816,0.9274259303752348,-0.1790294428918708
-0.025685480401871658,-2.374051930149057,1.3696457473205714,-1.391099209533446
-0.14255399143161077,0.23689475482351052,0.378212163331468,0.7759083868331434
-0.8354196551095956,0.42451707968844,-1.147055919538038,2.470533833262538
-0.5810255303921983,-0.4658606977230611,-0.40223027231901665,0.5448227240366791
0.42965809802079014,0.2357958567673307,0.09797875454436097,-1.0219631811007706
3.030653161588637,0.1086343942307797,-0.274820774849551,-0.2819147422944638
0.18108452549775997,-0.40471625995771726,0.7928822415532882,-0.6195231633492311
0.3361112773449249,-0.853047004395151,0.3850237298982089,-0.08510904627033544
-0.908106910530863,-0.0606696914126567,-0.1530921038890717,-0.23531151985441295
1.1927210803143153,0.23757039525843504,-0.49505207565984455,2.7782754162044796
-1.211887093949896,2.3566498068094517,1.2240140757886735,-0.9005987084392804
-0.4798171101284294,-0.4105853214662468,0.7891614114337901,0.22051480229461698
-0.22220300472546606,-0.27876878021546575,-1.4437767344964323,2.5119928212135147
1.7833777526515795,-0.431645300044673,-2.4293149090512873,-0.37363340939009754
2.666154217739507,-0.6727528351453316,0.5545819410896852,0.6168635795246277
1.1564119261008066,1.0105720259913604,-0.9011210228540356,2.428941453095037
-2.293614183378356,0.4511625140170232,-0.4737830351142661,1.9587703342681668
-2.7759631465880767,1.0138549048402659,-0.16629518076010819,0.4804462053728039
-0.767660456386272,0.46593382646541415,0.3369647549646183,-0.10405549976853523
-1.7774589807536942,0.32679493206286253,1.1183413996440805,2.132957628999016
0.25629835972971604,0.8251655941046814,0.26515192407361843,0.17499546336924415
0.3852682259070092,0.19047011810293835,-2.6731584767465315,1.5243734047172877
1.513307849836997,-1.5282798033064346,-0.08366243385271796,2.034716429791744
-0.23676635774212307,-1.1856270458103098,1.6836458604919409,-2.0240870955040173
0.6526513109202501,1.2472477599398657,-1.646753926725054,-1.909109719088797
0.71363159547978,-0.11097905943061705,-0.12113610805565234,-0.6022768692666146
-0.15851353812830238,-0.5890661512233628,0.786535298562252,0.014186268645927484
1.532126990417113,-1.306504974988015,-1.2606272847674824,1.980072214299649
1.1996846284334044,-0.44588658504160444,1.3559418687804077,2.4367395616561494
0.6438008089220534,-0.15171356328725843,-2.555344016187145,-1.2727558762593085
-0.0016686212372378773,-2.605764609206398,-0.5508967689929339,1.3945070213474366
-0.45014747182719633,-0.1740565969902122,-0.7360677222378404,-0.3650349546129719
-0.5502967656755668,-2.88170799503068,-0.5931648642825689,-0.49270130530706185
-0.2802353593169402,-0.8261840505705251,0.5261245564122716,-0.039579290028196816
-0.5988772599633245,-0.3476728173679666,-0.07965471717438696,0.9672376838315737
2.9881415402570966,0.3587955422726688,0.3532767875562174,-0.5693395321688903
0.7332519692306535,2.76135957817757,0.7120468641343156,1.0645777231474514
0.048934448670559974,-2.937455082744892,-0.6504961762398198,-0.5221337366204739
-1.2287182631420333,-0.5145499582227013,-2.4649222071677723,1.1668518847714906
0.5609391245066796,0.42155867164910743,0.1788604320085468,-0.5443852278934205
-1.3338435421702703,-1.342552159483729,-0.29871713448906534,2.22085633555899
2.689641074844115,1.169785681014326,0.12218678339890882,0.01634389270174391
-0.35979403426955364,1.6692230418667042,2.194329319065125,0.9675870901134207
0.8028824971752128,-0.02441836016558388,-0.488813553085542,-0.33822064939565244
0.37770337385450214,0.7572464310765029,0.3297695599626439,0.05352106702783754
2.4410129504419253,-1.5312701242143043,0.3332682741355827,0.5915349135839003
-0.4977442843565886,0.4401741235949978,0.5505058180749024,-0.08068327606206817
-0.9091775309543042,0.68865738081308,0.03288378944937284,-0.39277648949766764
-0.671469896043987,0.7009506682882747,1.035286584723568,-2.6134597742859267
0.42437828703138686,-0.2745712723535611,0.6066818938959461,0.779326033299689
0.5897156899755068,0.3358933559868282,0.379964863903148,0.5534569918669523
-1.1550098134064517,1.130589140217491,2.4008605048618072,0.651066280311258
0.5502019429711873,-0.26366036176553276,0.8796858900888103,-0.08697627644623279
-0.2276887595158677,-2.669258205312375,-1.130809070249776,0.6264979752432365
0.43634764400219767,2.229150804362674,1.7635991176298855,-0.17644605998673613
0.1342375753021977,2.738922828293405,0.7344498389698555,-0.6926384796941782
0.29589082615163986,-0.3783225815113095,-0.6712170557338479,-0.39991255135847725
-2.0176188978595806,-1.2017119744939295,1.7521797168152216,-0.5756696876327559
-1.6344423733908504,0.9648153764014161,-1.4331096162079382,-1.796438282857697
1.6421573221892198,-1.0508567689829627,-2.14556658676917,-0.6165699801579086
-1.0117984893367558,-2.105592420927871,-0.2540324249068935,-1.8790804525126477
-1.3675209405564486,-0.12795774676559207,-2.700869982841874,0.7482140730278085
-2.618609590134868,-0.14650742637207356,-0.34189396136126005,1.4687020391925643
0.7878928602817716,0.05320125809186487,-0.42375565860060893,-0.6754527038136077
0.43872855806431404,-2.4552983074883707,1.934539650456129,0.48448732720408333
-1.0959561850479096,-0.28455795648533005,2.610375088695772,-1.2295826698050907
0.5883688430467298,-0.19913803161846877,-0.577280215493879,0.633272934874456
1.5853031134333198,-0.4526059834183649,1.8330330044998768,1.6649330594274594
-0.06084200014439195,2.010114816577878,0.82833116496132,2.330866432955219
-1.3963594957740566,-1.4231087576059063,-2.1151140796208714,0.8604418521702397
-0.522603571589479,-0.556722282847904,0.48938249861209326,0.5080754311230212
-0.8347516220201319,2.476309434561819,-0.45936189169800745,-1.0479756713018997
0.9915095009263266,-0.07551358336986877,0.9234041285764345,-2.645366421622212
1.7789570929030072,0.43333326464719596,-2.2917454189543394,-0.4497476416803412
-1.4879793287295096,1.6839883809900684,-2.0159717731692943,-0.17066150320940643
2.111716172313193,0.7344399388756837,-1.6547616694315002,-1.0870652704408128
-0.644054214226893,-2.6336065282555623,1.1185066640919128,-1.2456232023188027
-0.7029371806247512,0.8443323827546982,-2.369830589241281,-1.3972579306699004
0.33130554650008265,-1.0669740230145297,-2.5570475032372735,-0.9408321950484126
-1.7772851115686341,-0.21062926628940634,1.9038575357170713,-1.5097566257825417
-0.22583297283477458,-0.7896962474951751,-0.37742111336212114,0.6852971114688251
-0.3571267621345368,-0.2525908380094437,-0.9053084389814909,-0.32123384762615625
0.17604029994081793,-0.006451934213202518,0.8891863185935374,-0.22666893921750503
-2.027989903073559,1.009009802545508,-1.9611912919932661,0.2283621482903314
2.178243323813961,-1.5646731159124017,1.049469261770549,-1.1921807739836079
-2.2810815489194045,-0.03023782581727688,-1.5088594388180314,1.221481474124525
1.8679335927830005,-1.8475979654293169,0.7028548660880367,-1.2807012565272013
-0.4772796691543403,-0.37096315439251193,-0.7601673732256907,0.10324535354577866
-0.873574436440119,-2.649856667069278,0.06985090847780126,1.2330618543728886
-1.485572498936899,-2.0359274732912604,1.8131063029801537,0.2123600631015289
-2.0933547408436133,0.6896434241874845,-1.149456265804053,1.5661141466005317
1.1657879191120555,-2.008937716476858,1.1826818216118409,-1.3452179468769259
0.6726311675151975,0.9086675783828274,2.406919951342152,0.9308175434254734
-0.8941012070783994,2.198176885467818,1.5468416511363803,-0.6432277596391985
1.545262212311819,1.8747659516139237,1.4552071393326906,1.098167273395658
0.27103849911271805,-0.5143966521450739,-0.8431041986919505,0.2100968249144077
0.950960074911876,0.021431197433575938,-0.06294776461392007,-0.3121100772457211
-0.9308978567250596,-0.40554069097027606,-0.4191518019710707,-0.0552003761687377
-0.21983546380962082,-0.23813550861236393,-0.5934571965672314,0.6171929227991264
2.97087689593763,0.6245241473918866,0.6243953557973189,0.14348535989358033
0.25523715586096296,0.16310168588532095,-0.10681123428693881,0.9517365356841611
1.2142654033762141,-1.5903521054586072,-2.2770235256313955,0.2596876815580973
0.06399970263798622,-0.20533280867934212,-1.090912299442161,-0.3061401228313899
-0.17517527449584402,-1.1079504670208604,0.32819769066845106,0.041252143527295296
-0.9274133757109799,-0.20803513799637832,1.4831206605894753,-2.5867818222389034
1.2663092231772555,-1.6110762125316795,-0.03762071432143005,2.0668025448052965
-0.768017294125039,-0.49346880751737376,-0.05863452134779076,0.8804985840536502
1.1076311725614534,-2.5883853349629478,0.7169283325194331,-0.1366203591416675
-0.9675771465278707,-0.6916842487948923,0.12754612595145473,2.857189042783351
2.348238253356948,-1.0733706355688706,-0.22766378657790964,1.931880847003265
-1.25607804566914,-1.6880268738130604,-2.051802392924043,-0.04010761606904918
2.5361782093399916,-1.4372528162492906,-0.14803639867479507,0.6227070941158463
-2.6006107241768768,-0.7752026679970531,-1.2525957524862967,-0.25770203315627815
0.8267182685487362,-0.8645052852307792,-1.887262867120087,2.066087079839776
-2.387947127857923,1.0713281083281672,0.9866052815003532,1.39406287671367
-0.3885423339904783,0.9531341682822774,0.11649105777571112,-0.17017096093118753
0.5224103937497152,-0.39480758052711423,-0.4194621525418179,0.7685522111351465
-0.4416582479838638,0.012896241027554864,-0.5483792658603538,0.6084551341709947
0.43656270602905345,-1.3805785770950272,1.9539916511976805,-1.909739124257724
-2.722734569797785,-0.1314683569500591,-0.6696265520543655,0.8468928429128266
-1.0889736868899442,1.966128885097498,-0.7138670795476342,-1.550054371831738
-0.7014923784701889,-0.4334526812520575,-1.5803746318710652,-2.5141725871262546
-0.42468906367508025,1.2217934622256565,-2.344174632039854,-1.4218154830153078
2.309157279443935,0.7955778329949316,-1.525586987818625,-0.8896881219578063
-0.057323995281148704,0.7463193624134523,-0.26485596522153576,-0.33469248761717774
-0.8144529105251633,0.5011476785966945,-0.28882686122526297,0.4596695951867461
-0.4487763502726048,-2.073015757314217,-1.6104988505830662,-1.4614234739600718
-0.3673084605939169,2.565804026964034,-0.5577402728471254,1.1722158619964076
-2.6749921572854958,-0.5325631366208765,-0.08944234203821817,-0.4625956659791997
-0.3756517117172481,0.23536747403187208,0.9697103892629374,0.04922886141980924
2.7503663403419147,-0.7101534689874318,-0.546847089253311,-0.9091569235190023
0.34553244082307244,0.012288449002522336,-1.9600151511377801,2.3949478972251064
0.28320810472858465,-0.3840869353677815,-0.7961674961440132,0.48618904015714526
-0.8938638577927418,1.058612338232692,1.654498116370531,1.9971023085401054
-2.100726774281309,-0.9916463967043221,1.6998013430240388,0.8713894211361463
1.610196643454051,-0.6114702443473686,1.6529644027735417,-1.6530095004803491
-0.45746131071233975,0.08435140772112666,0.8523628136232235,-0.14098059456535827
-0.2320060053011456,2.2089624386056417,-1.3025455802809882,-1.7261965010151605
-0.9966673795657951,0.45923243105595396,1.9991128981478508,2.1743793400698777
1.4387772908075727,-1.7020798556244072,-2.1644273211769653,0.08844394701430426
-1.7451591800613038,1.4798734156459687,-1.5533854563346503,-0.8967854045397058
-0.42422972811814674,0.11172712556545585,-0.6606141014604948,0.37440247072851374
0.09807605356141864,-0.537799619422249,-0.6228057126814902,-0.24251701345807017
0.17766851712511983,-0.4017221352687107,-1.28998932249701,2.9244520953217346
0.6296661289695822,0.7472284129096856,1.501100681939743,-2.53062023462987
-0.5133947968430117,0.2057890469535028,-0.9365338751521236,-0.15146192484002763
2.2432391925809436,1.1606321516301488,1.4629336501562313,-0.7481631510477176
-0.5975745305962887,0.381100153534482,0.35184812060843673,-0.5738744069643664
1.7059674198665244,-0.5944992282685372,1.7472786273397356,-1.3617693518480296
0.3271652171622401,-0.6938154241457491,0.46012924272940875,0.10258233926182819
-0.24719973101110965,0.5434790530595146,-0.51010311601427,0.8653706607446431
1.1009170902744159,-1.7018955307703316,-1.9886901365732674,1.5593634181983624
-0.8079743386229434,-2.0291479052997383,1.952621110686925,0.5881916098190977
2.1323128439698773,1.6159619082042254,-0.8186222212301203,0.47734504543804884
0.8141060298567055,-0.016215875650750083,0.6249727008304707,0.15718091110867033
1.9182065062172378,-0.014248830598424418,-0.1980092550007069,-2.2568179989110395
-0.9425236300730966,0.5230400692409903,2.6477375402094703,-0.4329878547412941
-0.6284670909609865,-1.3312748446789064,2.5129673368688743,-0.020400401237056207
0.6293060313583426,-1.1236334985833871,2.282554335647485,1.4071007892004226
2.221644153142407,-0.15844790508535334,-1.7931853591914282,0.6909685022779067
-0.8350497614341253,2.761030679218659,-0.10943236054162662,0.06990345046022058
2.378955713690255,-1.4712073429171655,-0.019739070092591446,0.7728175824883217
-1.416290420640175,-2.600200851444896,-0.6955181798421725,0.011892611004116899
-1.0910483368727601,-0.16267187958421986,0.7119722403398373,-2.7811284432943792
-0.6644618002888157,-0.7152173090598999,-0.4072601138086911,-0.008607236116399995
0.4428666246535305,1.5491359226203922,-0.6521285582541254,-2.312756620784062
-0.10778846284769412,0.37888424902948414,0.730117278791019,2.948975682687651
0.11953573366416406,-0.36605776126023126,-0.14511964425937443,0.6940644320896228
-1.6462013817025123,2.623284884554448,-0.1648670463601279,0.05363766039369615
-0.818761435891278,2.6436806345941664,-1.0077161780737438,0.46482847032387137
0.1179980136884149,-0.8180924888016831,0.6004142323188943,-0.5082234424958125
0.4008818846026097,-2.033536942335561,2.214242408755657,-0.292242491042879
0.541902695423976,1.9068638286875121,1.9952873840683019,-1.131561720296062
0.6023708976319618,0.190434117633987,-0.07591882441202723,-0.8660776732531398
-0.9696246427478462,-0.8765697367093123,-2.3623007436040764,1.2442423229848651
-0.2785395871468519,1.5616152521103113,1.0424084110506804,-2.4015010611182346
0.19743047665186442,-0.4194069485282327,-0.7168727086744824,0.6659073809933539
-0.06996284546568327,-0.5609649419050498,-0.3395346537153692,0.7583089345730022
0.7598750243428415,-0.25434309830395263,-0.15373837509870508,0.4385039018800349
0.28480224353015215,-0.22607502411400637,-0.6387357299979965,-0.49625018090751244
0.8518841285744698,-2.480533602648515,1.1153620160699462,0.039531301893959786
1.755019283196991,-1.6728215947816374,0.9316496469744044,-1.5386688376136746
-0.1726388666251534,-0.14148761289214518,-0.371289714594278,0.8231868799821088
0.274954661827119,-0.46645854418763455,0.6343728415181759,0.2992150312592201
0.6630001835529009,0.3323803313209362,0.05883637815519625,2.8857190516670728
2.0928178295848667,-0.702922911815204,-1.4708900518430699,-1.798610775400845
-0.30575090186264214,1.5368392750585167,-0.4962489714950311,-2.6756154879269234
-2.096582499463745,0.2565460398829684,-1.250852524846367,1.6038712171370366
0.18349536961381507,-1.3029271147197012,-1.9832620092645292,-1.8793718483206974
-0.4541244999957552,2.0574247857560124,0.8201663662770209,2.0246895160560996
-0.4787480926861116,-1.3497670038565788,1.4587366589704587,-2.171072220830937
0.6319144053184481,-2.2821944320468908,-1.5740830132454877,-0.9779652358812774
-0.9088775592470371,1.8281645415134327,-1.6792943973405894,-1.463090307269457
-0.46732915314379747,2.93658845399398,-0.14033207562144673,-0.4393441909163782
0.5953647818708655,-1.019977858748957,-1.8265937916832868,-2.0406214966855916
-0.3838582809293189,0.8180107354554262,-0.2645564817428508,0.20773761772305116
-0.587822006606297,-0.7681204523133118,-0.16594485924915664,-0.12496155443727155
2.451939912722677,-1.801691174322797,0.40272695534000197,0.08782181578022616
-1.6399554075782776,1.074662157617299,1.6103304528973135,1.817003979761142
1.3835035705124712,-0.5194142464492462,1.2996912113126624,-2.1063261113073293
-1.1702468643095083,0.13748313276787372,2.8306023099261974,0.5234202296474197
-0.3607082617696469,0.951301387980098,-1.9084626456568927,-2.000661194858662
-0.3800158289204282,-0.5825524004560709,0.9713488432192932,-0.29737233053544493
1.2034357145461203,2.1083780107622543,1.6459025624069608,0.5573874232118283
-0.41704943971172004,-0.8299706327325261,0.8035956861160793,0.0499522134676577
-0.1720963546302889,-0.34168413062631237,2.315355449548809,1.8386809121131793
-0.03436436011829418,-0.7136721533524034,0.05984318130687949,0.6089804509624195
-1.5638500553215422,2.4901404787906056,-0.5438495803173031,-0.380368303464144
-0.6870691794510424,0.47347839888273413,-0.34183749144920933,-0.2761270285529763
0.8441496640111696,0.2322980732348677,1.0212226897101473,-2.8013781624518637
0.7695717697288208,-1.897629332880284,-2.190094720660672,0.757377355453808
-0.37602882091448486,-0.4466575315805943,0.03180977889100646,-0.9690452381408885
-0.10876067604220155,0.8531828343772673,0.4620879299349976,0.6758439507286488
-0.5246394340442864,-0.7871576982396093,0.5692788559526671,-2.9511631351249594
0.028787084812236116,0.4380556281905544,-0.6921701721509319,0.36523568385940397
-2.8883112742876254,-0.08765861001595548,-0.026004160473836635,-0.9640979517781194
2.297322320627901,-0.19807412986629996,-1.4243423093823726,1.1638573078734824
-0.1479200379325351,-0.44905975567237777,-0.042729425297937884,-0.8672345797436467
-0.1644028547119309,-0.8074276150854454,0.18633755230743304,-0.8452490158653836
-0.27832219763183913,-0.9349998365313963,2.237841523972042,-1.714700263603477
-1.8901451760204966,2.1071425032007856,-0.4514850957757941,-0.8300138253941508
1.5419775028292277,-0.6983450554006415,1.2413113932780417,-1.9951374544533291
0.37987800461899585,-0.03852448315737608,0.36270624166718424,-0.9277987998719608
-1.0102736673267536,-0.21631104662768785,-0.03930385493505747,-0.03630294511393571
0.0896252352282641,-1.1285108485147344,2.4412333251773415,-0.7190408814435283
-0.6217469999562412,-2.1883279841998244,-1.0002772028168905,-1.7235261136085822
-2.0888135734254263,-0.4195931617595273,2.158697265995152,-0.20395171315361288
0.02600205939699579,-2.3947264911272685,-1.046174609601885,1.304704445294347
0.12822364439384834,-2.3554490767088887,1.6913385820969091,0.5113639547832111
1.9349293055535828,-0.8849569722950369,2.0593517838131374,0.6578342492213347
-1.3846225378275516,1.3093427578978893,-1.0547566265581927,1.9992257572465473
-0.34163614521359553,-2.6314992537820583,-0.5884447002073218,-0.6269449606684948
0.12033393222868896,0.4131337587056605,-0.839484797451399,-0.2494104112956233
0.05573059683939777,0.18533346278455057,0.9568464646747276,0.028631442711209078
0.46690742054395706,-0.49020190209800557,0.052806757663047765,0.6827673687064636
-1.8602699969118766,1.9599164165792993,1.3032437526273672,0.19992684283021792
-1.7296334168569751,-1.862383526391533,-1.6440764567795103,0.2831326721402212
0.6817885790629976,-0.3462218295139798,0.39995381859023427,0.34726394702817587
-1.9874888649668967,-1.1508186048004523,0.8260281383322434,1.7237370438749182
-2.5669340341938174,0.4275347666109728,1.3707980711583962,-0.7837739101343492
0.34329178872450344,0.17494277369614245,1.7378926529637135,2.4932285036196964
0.9562143592553903,-1.7942029787497549,-1.7353630229160728,1.5217951940465766
0.05186887643185337,-0.10364881138156887,0.05292550485483694,-1.1059770998690226
-0.03920504695923176,0.533838994984481,1.483609435277699,2.551151244757003
2.060347338857168,0.9060168389602763,1.7222796669349982,0.9044721044779093
0.2993474209081867,-0.5098179925721251,-0.5762218344503854,0.6057858002916784
-0.3565968875633452,2.0767757132116853,-2.278357587207178,-0.15138875067668944
-2.03062466161894,-1.8743301882335908,0.794010053796808,0.5268498346236528
0.13363836365937806,1.5985495876252749,2.6252823813422905,0.22935455948373476
1.9996565010479606,0.5251503770701839,1.6772050153834788,1.2769388141789628
-0.27529138010201676,-1.3157045582033364,2.6692883826829723,0.29321431721272956
-0.0292742539437327,0.5202455608008585,0.855808974474807,-2.9097244908772604
-1.8986529577198303,-1.6970650545744697,1.3776154583946532,0.5696462521715372
-0.026536747859791,-2.707711831704002,-0.8569954548730045,0.2781133653228872
-0.8837750249389796,1.958690080742823,1.7620555289331454,-1.266345293123887
-0.3680702486745141,0.15280925936532522,-0.8659349911940386,0.26934894413172106
-1.3867283774060273,-0.243541342883626,1.73910921994199,1.8394777076372053
-0.6425635321566047,-0.027970777520750105,1.5265276745248617,2.3481315777236778
0.5564681853299422,-2.975329482854813,0.41863998055553336,-0.7031056321510059
-0.2610451567476585,-0.6291435842185811,-0.45688702786817204,0.3469617260070426
2.5285082388202156,-1.3145122161264244,0.75670754917836,-0.12623245730674837
-0.536361297755779,0.4971298721855083,-2.0500133316463147,2.217373022828753
0.8785978483522181,0.36253233895424747,2.7775311375639946,0.8273653849917554
-0.152151650283473,-0.42788349912991336,0.21304192403541697,-0.691506564162729
1.907557143481006,1.0845365777677989,-1.5845093754790516,1.2550839589429605
-0.042203272157726346,-2.9299815787286616,-0.07335081090349874,0.8746094454767444
-1.5718679659975991,-2.4267867839290704,-1.1198888525717927,-0.3297709377478975
-2.657876088490078,0.3101298607360135,-0.8870997212238322,0.7456748857378492
0.8562616928135803,0.30034544485147685,-0.42841222457351763,0.3888927255797543
2.0289613376440974,-1.3782199964449797,1.1944591061809058,-1.2434041306794947
-1.544265294355228,2.516164450693249,-0.18090064429213867,-1.004276571614086
0.030271043796709002,-0.3512162997982819,0.7186059714462278,0.5034532889380623
0.5068352444266824,-2.939041433708904,0.22637714962255545,0.1883139071273549
-1.2883015348081173,1.6100077278606644,2.1662559502086154,0.6860158065732194
-0.9343505476962584,-0.2272472114655215,-0.2208347502273659,-0.38175809062078764
-1.0327046956428765,-0.4556660593570409,1.8523244569403334,-2.0253496718295265
0.01330178038256768,0.06829020192482077,1.6881700403010904,-2.65478404668272
-0.4077285207885954,-2.3735935845444125,1.121393393492508,1.1886144445943816
0.7205567207260135,-2.1827954917890775,-1.485344624116502,-0.7846774300756981
-0.6475587069064365,0.2911822862726431,0.2830443416610102,0.7082969971178305
1.289455505802563,2.2744089368038702,0.3268989707912707,1.389278288825681
1.4003786774359717,-1.9073629829168643,-1.5477890703403518,0.8161300997562085
2.3030789344030196,0.3045698567148141,-1.932510689864219,-0.6074828402554877
0.09188502021690184,0.09329647795697103,1.0369013754343313,0.47736369496495223
1.9573734198778414,-0.21812744485036226,-1.4986138684211594,1.4119387750119845
-0.16405324331401477,-0.06720060248798508,-0.1199407453263637,-1.1122924525040472
-0.041237040896153716,-0.60744226791709,0.8610115004180406,0.24734214348906308
0.2947774294563432,-1.351506299817947,2.543841643783525,-0.9245235066494323
-0.8027895262284873,-0.5759703207071453,-0.15820088785247688,0.15900567907159047
2.201572306548754,-0.6816304479403132,1.441011415187872,1.2379843040846967
-2.762947927593118,0.12928338010686807,1.3914219706601663,-0.05090547107255286
-1.787208261989543,1.0505784198141956,1.0810072524087797,-1.7377289553392912
-0.8156592278159367,0.15189190226393057,-0.4699867688967798,0.23095983197679404
-0.3757235891275289,-2.1757006998403177,-2.0891387031647826,0.7339008121254005
-1.6279242670974114,-0.6810214649515063,0.4376943890410451,-2.2003082368828277
-1.6021718756179169,1.4660808100350633,1.0380658042840705,1.8349035896330599
-1.1289589559364572,-1.5985749616409675,-1.9408552242028771,-0.875184167474799
-0.49493079834552683,0.43812430289374865,-0.32817144909322715,-0.6459594144620843
-0.5944197504076849,-0.1710880837314846,-0.4081477590031949,-0.089962459059092
0.20045333261254733,0.3355511577098044,2.4164216860948855,-1.7809254671945154
-2.318169598051781,1.0075290495814413,0.1470681060420555,-1.559546391782696
-0.4868860108632654,-0.3345057369885425,-0.5807630517061185,0.20032765394052016
2.7153303983872314,-0.7341998004267493,0.9385402701707268,0.4986606468140888
2.5293713237140274,0.7650487068774173,-0.4322162814369964,-1.3141642271825438
0.11190284336440542,-0.017692350748444774,-0.8648727685835372,-0.37729719566563474
2.3721346047444083,-0.26794190460084855,-1.4043391551803808,-1.463903006119238
0.6531384571719403,1.3678226679006835,1.3852371060104396,2.1330655737416686
-1.8440715818803848,-1.671227756842196,1.6871663730315387,-0.22206938538743207
-0.3669521779654351,-0.4796321126432089,-2.702848768970313,-1.1370085558380274
-1.4555887283718776,2.52226753738317,0.2919693154960107,-0.26630936586997567
-0.43451817843322116,-0.42524856248408377,-0.2515346703275193,-0.6237230790341592
-0.730747636811841,-0.43487252385556824,0.37361892451671497,-0.6339475844689794
-0.9504536086324951,0.22613760425663382,-0.4682286631772998,-0.21443362628309037
-2.199941807083346,0.20047851930480745,-0.05020894292716666,2.0168044527430027
-0.503093558735951,0.45409003879026344,0.21324594672231156,-0.6770164075837013
1.2183058537740752,0.7378750141683637,-0.6962377552981258,-2.4498905614203923
-0.8980901838452008,0.35080503791859546,0.2567203071634524,-0.15740374075930752
0.16794991903713125,0.34223008282913575,1.0246158140704522,0.12989803764856406
-2.577669176409075,0.661917774325702,1.2230876504947963,-0.35166396045493503
-0.08829719775688682,0.7891303179446538,0.3451695787187225,-0.5775066089615195
-1.5171776255899645,1.7115217826767979,-0.11586149899347817,-1.8751517550472079
0.9288544459748167,0.3189612769044696,-0.3640057033403864,0.07788138548319298
-0.9059357311516574,-0.11405646779937205,-0.5239334968630255,-0.3371154366286654
2.771336899198361,0.7406062368092571,0.8519875762009032,-0.01419420652860108
-1.4145460251421913,-0.4217715037487716,-1.4901947666833302,-2.136833362325803
-1.8912342261162811,-2.144895993066441,0.6701797279611507,-1.0246771135556472
1.6284950261006188,0.7024837874746099,-2.3259889057541567,1.1655416109817724
0.6890468470146767,0.07996105512510819,-1.2209220350269616,2.5011955833742094
0.2045579116357938,0.08644162412697919,-0.9783643279398921,-0.1264835135386857
1.2667782977184556,-1.0421276344841517,2.3949604662184116,-0.8626074769841894
1.104504812639829,2.4912184608569348,0.5560287682922658,0.8928694327481477
1.297978256559306,-0.07031061601329999,-1.7353953968478077,-2.030639217400039
-0.031179942824840337,0.6526081623822128,0.2660950964963693,0.782333595467318
2.854098107011874,0.9806879461855398,0.691497484356168,-0.0667196411869408
-0.2131880177387951,-0.7896678516497214,-1.600954676927477,2.579395461461737
0.8497508297505787,0.5713137417168969,0.1882674247248187,2.814062477462892
-1.970662940615755,0.5065317580845995,1.8249861339942068,-0.9978665440854687
-1.995202789329967,-1.0156277365234276,-2.092765324726396,-0.12040979658694413
0.45837034536686466,-0.2399330792816795,-0.6056837942492793,0.2743987059414144
-0.766302667722299,0.19371236509691653,0.38187528698644085,-0.2210494301806561
-0.38793875453079024,0.2742784677470432,-1.9690064732319772,2.215233662653789
-1.6667419283043856,1.5252847115062154,1.9229828505209126,0.10099083571837683
0.19833460243631115,-0.1913088040214443,0.9049489385904721,0.12618273270623645
-2.204810167363668,-0.44283181786150344,-0.7617422558122238,1.7223006151036309
-0.27429972520738527,-0.19809795982627773,0.8405935982536212,0.394183899378887
-0.06942427740362862,1.201960960227879,-1.1317246134831702,2.771715636248915
1.6556711564468587,-1.1698806323075375,-2.010585805712092,-0.9173101483359878
0.24635828356061004,-0.09269910489092549,0.41559856387714794,0.8113665347868753
0.47026968737411634,0.1778016132541808,-0.2185758058062872,2.943548184550984
1.369136175276381,-0.8334840192487191,0.5543906513894906,2.7034756781576244
-0.022594727029547748,0.031707586600830756,-0.2799086032072084,-0.9730945833188172
1.187295328324059,-0.16689070591932992,-2.757971636375769,-0.6329592737416962
1.5192491933613588,1.1754284640962305,-2.407648669387592,-0.3465948525309972
1.948746147057401,-1.4128231989559539,1.547270925011244,1.2256137785809715
1.5507379878428968,-2.3727177804696344,0.05568170125840594,-0.15306243933443256
-2.123539316210983,-2.1822799499580503,-0.6128059021404582,0.4325355892083867
0.197953050392232,0.6565490522753966,0.3496889637063412,-0.4258604222108535
-0.028240763517428692,-0.2576365038152147,-1.0764613403985688,-0.15090760101727627
0.0937472604079353,2.603130253903645,-0.05658170981117416,-0.7266053518920433
2.049160317004247,0.5381412020737094,-2.192360688473553,-0.5688763481485545
-1.466778692560108,0.9434602494662432,-1.4276225238417892,-1.819858404903156
-0.5179723409686122,-0.22125940665301713,-0.6416222475330342,-0.004158147807510532
0.8632675093110169,-2.187446436581354,0.8389625944482743,-1.3943390607478614
-0.6603793084736154,2.320828539251854,-1.8852043713426092,-0.06502210378278556
-0.9737625195478892,-0.6922641855109599,2.461670419666055,1.0989038501966362
-1.8554839570738078,0.4562635073974541,0.5731112564712295,2.303465867188781
-0.8152352757598439,-2.017120939427511,0.39478111116089276,2.104256552386898
0.07057547486750645,-0.33055532099228235,-0.45852775679348096,0.663751931249712
-0.5539777855140342,2.995936770612948,0.09740331593782053,-0.8662181575354377
0.9390674633157754,0.004577113361251815,0.2933600985330057,-0.03499102569999931
-0.7252183611091774,-0.2110406977159718,-0.6219583883327927,-0.31561230081997355
-0.4200625960166391,0.3411747906721511,-0.7757182043337134,-0.06640285297082116
0.14533743368653884,-0.9373865048498397,1.9004948503697403,-2.0231165720022526
1.8012775149108378,0.36026650442293273,1.0580892028269306,-2.304425769840008
0.5329329711283103,0.25825813298384204,-0.9084975897307748,-0.14039996478482725
-0.8001635383547051,0.13803497491299183,0.46704242980095134,-0.2932208640606263
0.5131675873679056,-2.181904719825775,-1.9790992321371377,-0.6296914114008458
0.36782871400946526,-0.24214235208659066,-0.5884628139389597,0.45235870164697856
-0.7038137450444388,-0.18216599792435298,0.21768015656870887,0.661123619404595
-1.4345223233726307,-0.6290842986158826,0.6972922182779324,2.3118147279619445
-0.03137337375088883,2.3411543867167,-1.048873101093104,-1.5603206404821297
-0.3986806378630544,-0.07364088843136683,-0.8843696754749153,0.45512158650847806
-0.7367146676279077,0.6033991374258121,-0.4422160676089572,-0.25916667314452585
0.9960008898892725,-2.843831094980011,-0.2829866753323622,1.061376655305932
0.7445293807620833,0.7196195412135133,0.12409254203993637,-0.3963447257346943
0.00010560945704041029,-0.5843236959034158,-0.4633439279481423,-0.6327926652405458
-1.0312810760454574,1.2237014924538019,2.321685567720164,-1.1213442659864705
0.1948228230678329,0.7322727021823207,-1.093758949868716,-2.7387478810024377
0.12661955885403595,-0.9749419541589861,-0.06145229575513028,-0.1524258274872411
-0.25003250340375943,0.5282841287871056,-0.5506283118745064,-0.5486493872083498
-1.873185232664539,0.8134698604540698,-1.2658889439606427,-1.5587224011681182
-1.1632122088342896,-2.2140290432470926,0.5439457299515131,1.618420202783453
0.23438321877522367,0.9601915144721299,-1.8092359339685582,-2.415133912161852
-1.333672024787015,1.6579622775119687,-1.102213890710128,1.5797801369721451
0.8514814049670687,1.341822766763354,-2.457725845178289,1.0053255321150993
0.8603464602091445,0.7956117939666806,2.4941835389079983,-1.027145983706684
1.6148579925256854,-0.6312855625827554,-2.47222056918087,-0.7345654991650369
0.24614906446364537,1.8565254932147013,-0.802165630749853,-2.0878362272679376
1.0987285509151412,2.4728185190557075,0.6622684693076796,1.1720929943998164
2.0951061273707996,0.22766099028132997,-0.6502929892747118,2.0385394826305236
0.6028185116915539,-0.5359671366681389,0.27785553311772515,0.08527795158105284
-0.20524824115189155,0.6858451426448192,-0.20783359608073027,0.7215287334875073
0.34237326322438066,0.40800771289870874,-0.495283136956013,0.5572391621770785
0.7348346772092205,-0.44357364774940566,-1.1493151389921037,2.7280562163742723
0.3761911764115615,0.37155259675203234,0.33510815741207384,-0.8519578135345756
-0.3189760944554801,0.9709593772593976,2.6859124976760786,0.6967095991000445
0.03905292235039481,0.04967379816013768,-0.42321369797297237,-1.000522398875942
0.06539261031471125,2.327428905286743,1.4344017086147685,1.2428308521877776
-1.9720599602303663,0.6795896913727658,1.3841005123900174,1.4311530818188862
0.4646477815844144,-2.1795468586956894,-1.1340304123265796,-1.6571668116958338
-0.20565805398267217,-0.23524133739444658,-0.9330451025289026,0.5224917604200144
-2.7095430687614486,1.2060727917972438,-0.44553636643209293,0.23437312261555515
0.8319017298594413,-0.5220851328386245,-1.7318600109695717,-2.2653918838922564
0.4376573033040348,2.9208417066518955,-1.021300194651217,0.04094919129339675
0.8379199750110449,-0.4136498831575781,-0.20018203723695957,-0.11844861354952373
0.5003463095743484,2.7268602607121206,0.7856720078101704,0.5000656467078127
-1.9548253068271189,0.1162054283465492,-2.2776566455324145,-0.1740062330309005
0.06736618567812028,-0.6107505653519494,0.27755011340754854,0.7452109114290992
-0.8633805959171985,0.31367131176554497,-0.43732676810982646,0.27136857442768647
-0.9059009209997104,1.6098710929633127,-2.6279874366667655,-0.33100230618337423
0.4728784850195215,0.2891001387662016,-0.32046152637150294,0.7557420171606469
0.22607715416667856,0.6699044488776772,-0.2978561547317373,-0.7469054149420561
-0.9350137476574236,0.005295644493055321,0.6251299876876135,0.02729216374641931
0.6423368737802125,0.7557308226757276,0.06660165995121844,-0.4366677009172141
1.3350919243598611,0.10330740248262625,2.996612105537133,0.21352752103030723
0.6136286632890551,0.7835535366262254,0.04359152329526882,-0.38690232215119946
1.0385318973603344,2.622035472259066,0.9392976630347969,-0.38537417855941275
0.598400292962299,0.6617173181616589,0.026150710004851994,0.07271309540468465
-0.32287999904626213,-0.10234532447500645,-1.9533617655262954,-2.125458167275525
-0.0683051267567494,-0.1810860816067179,0.24312077280491068,1.0691998952438682
0.4965181995528646,1.2144612656076994,2.2186284575177173,1.0624235169628784
-1.594933367969875,0.6067923947975566,2.248109276492268,0.9651522166831262
2.818722983185829,1.028709835449066,-0.7113671942308795,-0.4889226339818361
0.2827532609369225,-1.4751888357812293,-1.9834393330278122,1.590318060091945
1.9584386826166875,-1.0308441647784428,1.10787146247459,-1.716958022501568
1.3965604411916386,2.146481794899998,1.3998961418720797,-0.2241412921690719
0.871516367840006,-0.7338597833364257,0.525771727495286,-2.704352187891878
0.23167852280556966,-1.9187608263435698,-0.31389074858993704,-2.2194791240190983
1.8870465027346717,0.9977348758180555,1.1297783471496745,-1.8256417706426649
1.982201886137148,0.8997265407709638,-0.28704825477276236,2.0614774513106857
0.5734343942091064,2.950519190513126,-0.17633876988457559,0.6144506546822455
-0.6287181576384918,2.623097887591371,1.8069064309942935,-0.42731813986109013
-2.0689884405174856,1.5264171920908485,1.376627524923645,-0.4208012694268779
1.0286581674050113,-0.944268390881464,2.2721632178473223,1.602826313553624
2.250962045437553,0.2743609323289963,2.108605900259417,0.22246184852957235
0.7493188052576292,-1.9013964716439282,-2.08517849486666,-1.078980041877905
-0.3722337927287328,0.7521543543081246,-1.5155095308550466,2.594939986174045
-3.157125173387177,-0.033392026236455125,0.5736865197912393,-0.30410905119003884
1.963494155040427,-0.2994283176948729,0.45932176680774056,2.414978910685428
0.5156972578628207,-0.5234636571334185,-0.6835278514164421,-0.15222298476475127
0.38807459553478085,1.2451512683015404,2.411421798162803,1.2890842303223056
-0.5167132236852817,-0.06482562817343354,-0.35434840568401293,0.7594927392962034
0.5722404401568036,-0.34132873912627393,0.647006132994415,0.3524448481551124
2.5348574932039667,-0.1327121968821106,-0.901803673624362,-1.2547753398577344
-1.0629200364487117,1.1066507096559548,-2.3467171886819234,-1.6361831467696983
1.9118336153236521,-1.385474047939721,-1.4190529402474783,-1.2823609314830327
-0.8102677828004692,-0.17013097479654699,0.3649230342893501,-0.3099494487268758
1.968664702635134,1.010477891623694,-1.9524449635559835,-0.3033986830791479
1.1066754257235332,1.734961925070274,-1.2333198243636068,1.8105198461338547
0.16540428744131952,-1.0047361988360974,0.28207086445924723,0.026855826578809514
-1.3771759810922042,0.7762415054980859,0.5821802470498556,2.3860620234062924
-1.5479905897298747,0.36018369899411223,2.452495678269198,0.46854439828637084
-0.8802763510669618,-1.2201243395336363,2.6341554914352057,-0.3500651806529549
-0.9207779173843857,0.663015567623187,-2.4951216112466237,1.3822393657069807
-0.5726841441421159,-0.4227349161344065,0.6007086387202236,-0.58243472587309
-0.8737828830589596,0.1631959214190999,-0.6967678128251493,-0.2607766167946471
0.1778180048169827,0.19750502991512825,0.40279408955820195,1.0031751530626842
-0.18782628066797083,-0.7742647726625846,0.40762047119105255,0.32112978637292
-0.7352363521624197,2.3965126470180826,0.20821165943867165,-1.750769768964269
-1.6659038219450168,2.163394996806988,-0.8084787608920527,-1.1930504232504346
-0.17045361583402682,0.04728301306854101,-0.573152133545901,-0.6424258138232248
0.5542529264544928,0.04514838019100907,-0.7309332311376078,0.6174758345755773
2.4971775644671923,-0.658324898348024,0.8453034515570783,-1.3424419749546732
2.4591077438570457,0.8454663587779976,0.16086056493742215,-1.297962545792379
-0.5031959859029483,-2.6221743865968072,0.7548193579112199,0.8339199075173361
-0.8484770527802212,0.0457591435323272,-0.31747247157816016,0.4688892762874531
-0.44110177254662436,0.5281652317692409,0.7392268452324153,2.857208132831615
-2.0281216942333784,1.572259302327837,-1.2930388431202338,-0.7863396323102907
0.7245232007119315,-0.31137863562826046,-1.4142079618955563,2.3090619995185087
0.042353057521096873,-0.15393467078100942,0.6346302625450139,-0.6063999245903782
-1.4558522669046314,2.231821043255465,0.9843477584495282,-0.9102265616731645
-1.4899007289691193,2.299567438423733,0.5499024894608938,1.0983973020723796
-0.9147011344230134,2.081343996872148,-1.2459129265780002,-1.7395890035466457
-0.18677236226793312,-0.5795203124571107,-0.7980891102154153,0.6141361872352468
-0.34898572583584453,-2.660353339442731,0.4735407727767259,1.47101301737288
-0.3205961845921278,-0.9466217473977234,-0.15893753253548587,-0.018000261538899137
-0.051793967712687114,0.8350673921526929,0.06729415584941445,0.6564118301197843
0.2973601904419943,0.7162203139081094,-0.16211332065278253,-0.46351880656225675
1.0486213498297188,2.6760416866779684,-0.21081664059966693,-0.2806446320612032
0.0727762839939473,-0.06477673685185101,2.6292856909935356,0.9441600600722468
2.112063011474824,-0.6907024303416496,1.8383846395774857,0.5943652777357922
0.3658990427360125,-0.9672774899757438,-0.5163174538968744,-0.012125321614619919
0.5318021173234373,-0.09717693773330867,0.5302412600694211,-3.055221121587316
-2.4430294161947144,1.2035270267902916,-1.1029617336045228,0.09477062229052086
0.4794297793985737,-2.3574242402568366,1.6971805736748986,0.4771730736550511
2.4094917802972886,-1.0705783209579378,-1.3321010631812262,0.9171174898892276
0.5166895399741797,-0.7505810863932676,0.2552229724855421,0.3148840726890738
0.4971570401937281,-1.0341317626903082,-2.5409251289861254,-0.8276262884275114
0.49284924439400524,0.6762955375841903,-0.5396002818007171,0.6853991038829018
-2.0718784913145964,0.5244109946869632,2.1304975958907084,0.2987617803331788
-0.39218549860338325,0.13787267071104709,0.29737446665128997,-1.0529438748741553
0.4251845924889288,0.6566800533582278,-0.5375016149029418,0.14990989302100863
1.267418971536635,-0.4125670624700764,-1.4968286849122847,-2.1315616682171
-0.7466851542253079,-0.5811760335343134,-0.21135519423840454,0.5647162921196327
-0.9197043362232593,0.3974666447266378,0.2026997229152365,0.1647709785301383
-1.9249926974823632,-0.9232540975775083,-1.804880834660394,0.7197898561374723
0.3996642013762059,-0.15092161169698942,-0.7603106245037501,-0.6875138384755888
-2.1489749729465415,-1.4166673795215412,1.2825543363744754,-1.0934698753532541
-0.5129256057129676,2.6519904705857824,1.077605721370026,-0.9053441774543393
0.9024935824378166,-0.9715112503879874,0.15773391526724148,2.675526299628816
0.6363431253566307,-0.48525421703153776,0.3863501690831323,-0.3627007314143651
1.4034608927535293,-0.09011348983423138,-2.4123711168435396,-0.7359430033233838
2.7188954212942624,1.0907404320282132,0.6062153553175094,0.6921660911546164
0.37585718011390573,0.09700251779029279,-2.2891188562182556,-1.8967114397295464
-0.6102611287764778,-2.636044285614216,-1.617636187110275,-0.31465683969097163
2.1759805311129177,-1.5503915819274257,-0.7415839047436046,1.3363011629759283
-2.0276320397613956,-0.21456703960038861,2.1372625668773835,-0.33262928390898217
-1.9619459739902687,-2.3057994379487323,0.6290311312836386,-0.433477777694523
1.9996186376799348,-1.1817836159553678,-1.4090568856238774,1.3543215029212798
-2.0931209425750064,-1.9597461804739182,0.023500009389526733,1.0062331539379539
-0.24983074821216086,0.7261781972986916,0.3627635742518245,-0.5334850608046208
2.520696986690935,0.903291826566587,1.2517825223339356,0.10419086410052147
0.06552374236369539,-0.031053385539379946,-0.9964802209745927,0.45758830439129383
-1.3628780758216015,-2.138292574632329,-1.7136394090849372,0.618166459422403
-1.592184942615626,1.2579416314973255,-2.02777543497071,-0.5913617499102369
-2.4216785153232685,-1.6874672681465865,-0.13988623036524206,0.5577600562984818
-0.32678678285229656,0.6707063469836639,-0.5522132881115596,0.141393949677439
-0.581647116983749,0.3016694925382221,-0.018326297152654776,-0.4697536183569799
0.17991477276554496,0.34499689842590797,-0.3089849528535761,-0.6224158511769659
1.6467699872446406,-0.4399215073311023,0.8689235142025857,2.3585302246773816
-1.248943644526128,0.008707032162246098,2.836963576844824,-0.4611081232221572
-0.8287115362602471,-2.171359084834748,1.6306837684816122,-1.2507225854684358
-2.932555338137173,-0.46708960969158775,0.7103374570950765,-0.39567881078345996
0.9988268226374352,1.1300586147054665,2.3077950008923755,0.25164636520217104
-1.4122483408864959,1.1517854545961885,-2.470085335439814,-0.5097317895147658
1.5450531915786423,-1.330934679567168,-0.20453010931254145,-2.0239479867530523
0.08244847976512908,0.13023220347965514,-0.8563230548152955,-0.5031447352609187
-1.5533738745379204,-0.9218005869672634,-2.2508033173949413,0.788906732329865
0.4357410651182597,-0.8915578416010242,0.3429867480191869,0.1558546459673695
-1.4720588020059422,2.582189400046782,-0.23493557694564143,0.3300399981463674
-1.2640110800112698,-2.046660318589046,-1.348832136636931,-1.2868508806644892
-0.3147523246382533,-1.1694704000759792,-2.443150893521827,-1.396467412430494
0.364589918558416,0.19977045145041084,-0.7808136613238343,0.21043763041082728
-2.629788312453637,0.20737430344137597,-1.567932218586513,0.04445411453923276
0.569548227439345,1.8858055129153033,-1.155262502259712,1.8679099809148292
0.6284085118050435,0.1212726815574463,-0.26233271827305943,-0.8276089492817073
2.182731728716746,1.8020106071102306,0.33348181429944246,0.23239810920586554
-0.8927154382751369,-0.4653009516108895,-0.0072718360779234145,-0.04758382741764034
0.7431553373203742,0.4956007229483343,0.28331298388539233,0.41307356869200035
0.42153263093612364,-2.1189274806310494,2.0494689027214097,0.7270854978279695
-2.2267251435632556,0.688114590411578,1.5154093897780598,-1.1544707597842478
-0.49735265304868415,0.7874044714709775,-0.239639154035847,-0.28816672393087767
0.7844465989421282,-0.6345380606940685,-0.042996278870458385,-0.3101833826731003
0.973913030718657,0.18889818733488412,-0.5926330026444148,0.21844494085140248
0.8341628500079009,-0.5849819002723492,0.6149531608010466,-0.2891798307039187
0.7128941765563167,0.06448510068612208,-0.2040800497742996,-0.5487189238873248
-1.4771074933820407,1.6954853210826277,-1.8405777301510227,0.517171661788763
3.002187111708261,-0.3654091185848426,-0.38282948902457087,0.45371287852749514
0.7105205325555689,0.6080165452463262,-2.171809652674234,1.7138595989655525
-2.20210283203655,0.7422438457622256,1.761011887768134,-0.18676632102913993
0.2830682147092503,-2.408656745687913,1.3766872675115371,-1.1807475548201651
0.8865615371995983,0.026694626248225634,-0.08172267378028886,0.15994400783677792
-0.015654886089983798,-0.13686324194562094,0.8828539769380457,-0.3695275365394656
1.2860741042177724,-1.9162856277017584,1.3270563811007001,1.2250500070592965
0.5833253384795751,0.8544465591420154,0.1428494200359589,-0.15182182464487204
0.2511555270632538,-0.31494867490301137,2.5567725372791115,1.5509878261433532
0.254294291126727,-0.38022926510119065,0.6586217436578805,0.3543537796394306
0.16611695366754334,-0.15327159994188078,-0.8774048070773822,0.3500885313965753
-0.9269170328029034,1.9186952705332745,1.6436788532513789,-1.191268597063826
0.9175029532514493,2.2015527003739113,-1.7219981429138453,-1.236627614778631
0.5471809302557156,-0.09950676731703184,-0.6709039009012359,0.25545241469043567
-0.6368950297047156,0.9694353737092221,0.11154320117857677,0.08794832950478675
-1.9634544791621498,-0.4525400677814051,-1.8411854380048067,1.175760164933949
-1.0696718934448077,-0.2110101836341709,-2.551432452829759,-1.0051725415417012
-1.5330367384290478,-0.27535119645205086,-1.9241853264422444,-1.700076447077183
-1.6966692506402523,2.3826807447755693,-0.07932725158611798,0.8741593491596662
-0.6935730808675868,-0.5241167418029676,-0.22842352989285386,0.3567617092798386
-1.1435018114812499,-1.6554354085137815,-2.2051355890342337,-0.027348662593426727
0.3095273626859471,-0.36639793926891534,0.9002093356126618,-0.01579083974066342
-0.7877314283675757,-0.2741139233464209,-2.7068142095882375,1.0185891144618247
0.5725597135994638,-0.7740257973015254,0.3526163601713262,-0.2481208973355764
0.12960396252073095,-0.29580131337264376,0.7114980347833607,0.6057541816937206
-2.639534046891337,-0.44373317294062464,0.08504796710910419,-0.996969209446652
-1.3632536019748365,-0.0949766686534681,-2.0519118373542535,1.4738251219729948
-1.341668187257262,-1.222541732464496,0.5333410176273821,-2.346155440394271
-1.1681221545675842,-1.1469989842136148,-0.9290384091648997,-2.290414748134894
0.3718838381338421,0.058910379258008086,-2.584823008124027,1.3105986720626257
0.36280603222384633,-0.5103739451775828,-0.011618687935309208,0.36535755943015313
-2.318731380703176,-1.7293169182828916,0.6233616978199074,0.35347983450255155
-0.2769966412042031,-0.4943897811168461,0.21255443122127568,0.6052138003150285
-0.5087360925557678,-0.5565877382020304,-0.3672014835362365,-0.7957658283409892
-2.355727429160317,-0.36608824457289507,0.8059228609122575,-1.4623422002140538
-0.7061230049761427,-1.996171020781956,1.731427593168779,0.7810108537988978
-2.289050040698365,1.728666360971364,-0.08768532903811721,-1.521817711559761
0.025504771323706366,0.356033549112265,2.9366729788370356,0.019134324745527842
1.0874920683125173,-2.393946498047398,-1.0548079153264982,-1.183120034813486
1.2859185512630023,-2.8281481248239064,-0.3137983599661782,0.07167161998514426
1.6077905995920778,-0.9739605076364186,-1.8897964160074758,1.0356122800672396
0.33804443204795004,-0.19418765115205885,0.9004718140377715,-0.47897754000771897
0.09828062841945419,0.4402245779491683,0.8491293559597111,0.45233049151121085
0.6606103109784973,-0.566122274758326,2.609392423181498,1.4235017261252287
2.6639909885687545,-1.468684062318846,-0.383133309852416,0.5107220191579672
2.559489341956632,1.1568170164409068,0.11767179534529497,0.8573081852175444
1.2750462543678525,-0.8527787230961775,-2.3140193147806305,-1.0203684030039317
0.912107721814339,-0.35933745019244323,-1.2855406330781753,-2.403652223265487
0.7092160736960285,-0.05333051217097046,-0.7855756176954439,-0.21517580239428907
1.7036653876396726,2.3311578208142896,0.5917371712401148,-0.31209067600341556
-0.3967211569680746,-0.4832369537369764,0.02779534838178771,-0.7590561377952397
-1.8959699878172322,-0.8035358451203445,-1.7183043145419725,-1.4865761917763032
0.04944144479783939,1.163157788903171,0.6390700941150752,2.780601100654253
2.63766123539731,0.9525014614792173,0.37176334227115493,0.2380116493082131
-0.47981244384008437,-2.581178821209873,-1.1675845953056547,0.28310786522178144
-1.469467057686164,-1.8075105638569056,1.9100161036478842,0.43415773769388544
-0.4653729914122195,-0.8860790649971269,2.4988040543815493,-0.9931062318984029
1.044361131214115,2.7202508296726258,0.6725562922175046,-0.44766903897374777
-0.010619872372108569,0.2517910181997981,-0.8208580807436635,0.6010164064024813
-0.7915396893822373,0.49063251946274616,0.4011446739283989,0.046549466930068624
1.1257575245829177,-1.3188983420234055,2.1977153529284124,-1.2049869299708766
0.04123681812514054,-0.21354553155091854,0.8058383102662211,0.3768471974332007
-1.9117900313284846,-1.2239564689899667,1.733931406589262,0.6378738363496749
-0.9627089717980115,0.5963106919076829,1.8208689938647395,-2.167816497349142
-1.9131090617811146,-0.6794560261322615,1.1344783900908237,-1.7208296121684472
0.040216989108109225,0.5909862115354529,0.69717381226998,0.7174083346066146
-2.827096468484315,-0.9467310169959637,-0.15018181616113965,0.5726168871433999
0.6850189050539734,1.497166818872629,0.5563361497126963,2.563900327933727
0.19078715138059027,0.46193062162254067,0.8558617642102532,0.014425604789390516
0.7686513956128407,-0.6451894004719441,2.823741771304711,-0.3108413120038972
0.6960374509560122,-0.15283257734022193,0.45356609531009107,0.1942198223896205
1.5962338694719715,0.4877477021530271,0.4574274021465421,-2.5068826361948418
2.3739389225520444,-0.06294278636179268,-1.6861909519191849,-0.2901534153613361
-0.20388982393253124,0.5438634424419888,0.7521857812215753,-0.5544315371894162
-0.7334638015605084,0.2835664894611356,0.5551433389827559,0.24958979308781493
0.7904245993526607,0.38132187047993243,-0.01946288993698371,0.12341695518409193
2.012152842792824,-1.9725148812981441,-1.3769803525322748,-0.11497907122350845
1.3506610588131824,2.0024708637450725,-0.8100071201179182,-1.3964202438828959
-1.0210137761432363,-2.3589182866517677,-0.2808103537816803,1.4446626013282167
0.634154139810668,-0.38627793702913804,0.4009388614027186,0.45122770115101246
-0.6871821953443809,0.7559807621581779,0.39576418678895275,-0.4752326160847464
-0.4984989463853125,-0.3385667394134189,0.6951065596289673,-0.2523592888117345
-0.6650010222099894,-2.40665029025887,0.7858090477975803,1.4557573819780245
-1.3870184618398214,1.208251127300394,2.294373193054436,0.5256575599279444
-2.1817162018095764,-0.21191267540847133,2.004915276394655,-0.9103302938719964
-0.7648882374885081,2.0679065406953874,1.7444908422983327,-0.9158941194563865
-0.1122416308657425,-1.608581880944779,1.0296386512978486,2.181429641314313
-1.627547109297075,1.6356131743914892,1.649182927764523,-1.0672134313645978
0.7121154555638974,0.4147091736570786,1.3922146769688644,2.408082452995904
-2.0535308247961623,1.4579310971340576,1.3924260262106158,1.085571744330481
-0.04870423727685072,0.6364386123282634,0.6011866474746118,0.6369404203521838
-0.37539938935973427,-0.5348494670513512,-0.6392961323263844,0.29875591989440303
2.517710337766947,0.32918272782801233,1.3117326385594856,0.734150480584426
-0.6598443927162538,-1.2087696961157404,-2.7314404413204096,-0.916719916111156
-2.554601376488291,0.9393898434358839,0.9529989803575151,0.20685659878856355
-0.41701598280400926,0.42400175063977763,-0.7357522785351143,0.12121686994801181
-1.9410922507265929,0.07541452776715357,0.9884646554800618,-2.033466271079281
1.1674624194129668,0.24489023912399108,2.6129822115653516,0.7169862614720581
0.4647410020926447,0.5219738109931308,0.515746357789279,0.5306026178202424
0.06334155377733784,-0.1569498166252066,0.15880648849379037,0.8747985201851863
-0.24330079461489149,0.06456162162732534,-0.489352005471379,-2.786206104528694
2.6474508566457757,0.8203389381637205,-1.1006196679368048,-0.14397194524398513
-1.718410897467528,0.7333512167240273,2.07070188492337,1.0658051996580602
-1.45644146612963,-1.243358863156709,2.307574873601059,-0.76190291590916
-1.2094618868945748,-2.3267718537671533,-1.276327673711371,-0.9464594189109682
0.3653581330246284,-0.4411406088831109,0.36331529019807285,0.4054204235817101
-0.7588922788438353,2.8895091225337195,-0.23733619759679572,0.2015110938795451
-1.2601807660921818,-1.8804274188071475,1.228441199140085,1.5870303708470108
1.4954626410640546,0.7351510732363703,-0.2020009571488807,2.396053890466185
-1.1420725678281476,2.2839252634259988,0.4080382043761046,1.222723533741516
-1.4723953448856588,-0.8945091956130957,-2.2182302239141665,1.4320117476458114
-0.06654634641434774,1.307109990028002,2.1321842669194964,1.8030591469461803
0.26900825256644445,-0.9342955284705318,0.49058403012085555,-0.23549801159579514
2.3037177577450807,2.037761161313446,0.6217738349224041,0.3270160261772312
2.6594061551844757,-1.2449580719706859,0.07175879845156953,-0.9389894108539397
0.33788687642660287,-0.4685315105951382,-0.6048392846021057,-0.08796291063759186
2.201297483976824,2.0235864044618936,0.31581107861787006,-0.6903922677757182
-0.2486418764135797,2.665442596565664,-0.27417548103786327,1.1979341028641126
2.8843802458314274,-0.06533636959854605,-0.35279685483654394,0.3154904601021224
-1.9471863846492805,1.5067963974948801,-0.5669459448578985,1.789138397297656
1.0544115311445361,2.670479505388063,-0.234497770758012,0.8675995483213818
0.24510169863627507,-0.5386504827976427,2.848133318102216,0.45968753805212365
-0.5505301374522537,0.7339835769402645,-2.618115943799687,-0.8348662326037942
2.6925230711840817,-0.5537498001785887,0.33159487390241693,-0.9504331895626348
-0.5550184069406455,1.143962016650756,-0.25703614064733854,2.7293223234154205
1.4220209180278889,1.2266877597604358,-1.2509124435248133,-2.2013599734607703
-0.6444663794970967,-0.4502078160528694,-0.4012615594908817,-0.43667720702694385
-2.0669857210658327,0.5750140970618143,1.865753200835754,-1.5604133082589224
-1.218364686260486,0.8187167703884414,-1.6868101518984528,2.0804422400240843
-0.4151007501496652,-0.47180274721896776,-2.831324183471308,-0.9925717298158262
0.5718128378053361,-0.37604100880473046,0.5135765128931076,-0.7312913943463611
0.4108387120296344,2.6971799322266854,0.24190997384568733,-1.2197827252574438
0.5450839029078148,-0.44646153211118034,0.6585427276095834,-0.029391572207628197
-2.9691367724746174,0.020373749162192582,0.010750466495589143,0.8206844864801097
0.6063008951225797,0.38652620458853526,0.11635213190001674,-0.49338002844798134
-1.44178480267922,0.009291906213936024,2.5957519695184943,0.12215084231976206
-1.3445412589978385,2.2402639257983186,-1.2286588534621952,0.8548061506646926
2.208563047477125,0.25905420117722744,-0.13042799245747855,-1.9875683556740287
-2.091392981598423,1.201015461041215,-1.3774561468565887,0.91635730247285
-0.06957456022999148,0.49689491907435257,2.021745816659345,1.923372018928528
-0.7200842615813152,0.3466864168436815,0.33996274614057376,-0.31471070369818654
0.7151169164730315,-2.362905891107782,-1.3798393841738097,0.5362461409325593
0.1477374510932273,-1.9035744149731084,-0.1214492614641552,2.3541625272187563
-0.3731722350429113,0.8771884679134418,-0.1152874948609816,-0.21197047544342001
0.7140619601657181,0.19903818632795278,1.3974055516791262,-2.459358109381264
-0.07901412300586541,1.7579375703860494,-0.3491353807687125,-2.3054231996906602
1.4039859435079145,0.0636353158613035,-1.8438202458755628,1.9394875389347672
-0.8189713371931474,-2.4784870962392076,-0.17990406140141213,-1.3084778894999691
-2.043369711075998,1.1090396804485836,1.1565732274136695,1.200340020230323
-0.29486688110154147,-0.05782070403557074,-0.4211743520631068,0.8023248574072838
2.3815002261187685,-1.5105997684447374,0.6501975883907992,0.6215446911160399
-0.3813770718158998,1.3999696285872596,1.992892804157042,-1.6550778981100904
-0.23012624080827138,-0.404590211365266,0.8912824604772039,-0.5804586684895601
-0.09182519239905806,0.8797978304030326,0.291029357070665,0.16207530322256813
-2.2689659892767002,0.8125649197389893,1.3531924795897652,-0.9202491416302704
1.2021779840903966,1.1414992558524784,-2.280456068501597,0.5501493397471499
0.39002789327048415,-0.16202349997254153,0.5322921972912475,0.8151621611906564
2.0693450170906145,0.6910509517455727,0.3407433843845411,-2.161351070219015
0.7289249904279875,-1.6566276827620638,0.7507672546334964,2.3386499002856977
-0.8307341623795024,2.312234678283759,1.7217484889326997,-0.36853574113599685
2.288072355552077,1.31037574177072,1.1293516217248216,-1.1557761988957895
0.13843949488187704,0.6844697772326194,-0.73815595176751,-0.009552338494617603
2.3783970844662377,1.4894028139880369,-0.7538325412318995,0.804237496059607
-1.0886604275888372,1.5584525186141516,0.04609768526732627,-2.2138104799757956
-1.802344725867874,1.2680482933060866,-0.1836864982368506,-2.1744386802202733
-0.10921115637330883,0.013983868251218029,0.48768694982719385,0.7061394227571587
1.2202695973208384,0.27940136645999397,2.7808010934164002,0.28276819547408716
-1.4993510068509994,1.250964225857218,-1.6809682973243247,-1.735769874203599
-0.06513031687319043,1.7585399960963501,-1.459732260481922,1.902988741048854
0.3677058557301687,-0.9533798890624787,-0.10316825202524468,0.30171335290593615
-0.773555206487651,0.3044426913978938,-0.417917980493722,-0.5104266351415967
0.5946736094849081,0.2958876579635014,0.7839884812209591,0.48783958538874334
0.2629379375354141,-2.3532223456571164,0.038405193994209524,-1.928310384056569
-1.8414632916640756,-1.0682015803055918,1.9406251594859885,-0.22226107808043744
0.6530791212136204,0.5854204651136856,-0.7510959360664228,-0.038058002006681954
0.7501919851739042,-0.08102123913720238,-0.09857300099224194,-0.3948570238437345
-0.321426423054951,2.9981447031368136,-0.48475268355087564,0.40348958320217376
-0.6848890040165424,0.05783861407492834,-0.3460364393464993,0.3798241202543613
0.5398818925337149,1.2876666010227147,-1.7404441888045166,-2.133009978387659
-0.08997340768613366,-0.07405313652290733,0.6302734448606834,0.7310721192780705
-0.7861976298885067,-0.21205541318215052,0.23793194749871233,0.5354042893012677
1.918120407815431,-0.6062065892181072,1.0314395378683405,2.0157189514799216
0.005020185752440627,0.3387548885704017,0.4146644948302848,-0.8043629976795209
1.85002945551567,-1.768093904075291,1.3134498450475633,-0.8963514981891686
-0.3384037719151679,-2.63406402146099,0.8197717367441575,0.9256889975496697
-0.18683019713054128,-0.2146619576348794,0.909389752641322,-0.11509494728240142
-1.2393287025042619,-0.33618727800694637,2.620052165434976,0.9743898427347809
-0.24092246758811375,-0.20640542153502203,-0.3718484396896132,0.7087174154562921
-0.1584634437736658,-2.5856439440051138,1.2867372692754753,0.2830758636881256
-1.321321133063631,-2.587076188732687,-0.06059064276613178,-0.9157465468018975
0.8500761127907138,0.9517085368259086,1.2540744502018006,-2.23360179653433
-0.7503475548482227,1.0385169585461127,-2.6538177424598532,-0.8746270578728161
0.3727413579353955,0.2755509992287589,-0.8263589380478907,0.6167745584732034
1.9968415859016673,0.9802609996634154,1.95448883205161,-1.0299888074508943
0.5944878477704179,2.732249994000699,-1.3261972337825372,-0.5988104637030819
-1.00410451330398,-0.5471654648457535,-0.09995283780609052,0.22177600429847355
-2.124059918715388,-1.8329992474230081,0.44175686718546237,-0.6138789390896184
0.5872955596229442,0.2571712359280929,0.4942502390855115,0.6120121164815432
0.8473606009031931,0.3558255789497479,0.2514212065287912,0.1582600296816166
-1.4904456991855326,-0.6861091591511617,-1.6809507853825636,-2.03872811898209
0.5241599202584463,0.8722037217885641,-0.12812088632150376,-0.3797007351300169
0.10477633954572407,0.5992990500901915,-0.847930500839964,0.21083459079316114
0.35120546398943686,-1.7378157576201032,-2.1180030958683047,-1.4265081900348902
-0.5059525452736461,2.9577761526994704,-0.08600017852382372,0.24367633663577276
-1.1342846572716923,-1.5946535852676624,1.5395897238433531,-1.4517365945726708
0.1675881352540901,0.3970084931738216,0.6779167942947989,-0.777095727745061
-0.8830996351023224,0.21712613815508428,0.16949705003869467,-0.018935386984330692
0.4395297968956466,0.3629750650690755,-0.5863415786931996,0.5517763434805212
-0.1549120858167208,-0.5012257463814039,0.8472295441037615,0.6605200180295612
2.1433356424618544,2.199777278032546,0.06790258390112844,0.0724988629528159
-0.10080930319593912,0.6795634798916104,-0.420876592769481,-0.13626359330022303
-1.1407968775108204,1.1530954281232442,-2.010098539372922,1.6462001877704182
0.5835296059761197,-0.40409968659629625,-0.6645814609267445,-0.33388458639874813
0.7825733774632103,-2.170237864293209,1.9248677111548163,-0.021536742556737765
2.0499122258345652,0.37314914729247606,2.0238938852455646,0.7590475188521232
-0.18652626516252407,0.023703717085011816,2.3818424399591978,1.8951268626666653
-0.54316650178765,0.24321937087982032,0.7953689670712771,0.014507289738429881
-2.4078808109263865,-1.237833700959478,1.0893261055795553,-1.0451322757662616
-0.5895389990427056,0.12994829076548706,-2.9126724662234134,0.9260250672590854
-0.8097265901675655,0.9273115388520441,0.3557635780413136,2.811261977673073
-0.3333568748003647,1.5363625786789592,-0.13993166196556023,-2.714563190025379
2.476488138754368,-1.1030638535076094,-0.9186130114634101,0.4389883035982109
1.123640454632652,-2.38620886938395,-0.6728519961791812,0.666592084300258
0.8133527569430058,0.35213230799494727,-1.1403834521940175,2.699375807850184
0.3863138317475369,-0.4939650360928967,-0.44910188946357904,-0.482613654897994
2.262087908122333,-1.0049649344311022,0.7174945939390442,-1.5038329523493188
-0.4929221399026048,0.7388540487678374,-0.176886347225626,-0.41053270493556193
2.1457972333012765,-0.7414822827743275,1.1559365752966673,1.5665900085248854
-0.6694122784481239,-2.6487120013512047,-1.3792419691160545,0.13205291431502963
0.19852216554940733,-0.3449553287525011,0.21829146404391797,0.9779654006324562
0.07556086440486137,-0.9983851523104738,-1.2786169576649893,2.4016369262622406
-0.7731031465233446,0.12784583332716193,-0.33925033910562036,-0.23095835117611985
-0.626301085623755,-0.09232804816233794,2.7648906969341516,0.4748092913226245
1.2441362335951351,-2.0390662354931304,1.1280865517631444,0.8298990233078596
-0.11526874484778855,-1.154014151447185,0.34836522270943987,2.764380844214188
0.7276873929617793,-0.12034754074489001,0.3786360367087681,-0.4317109255891852
1.2937837804409846,-0.5997251585659417,-1.2522001484602412,-2.2815944025530603
-1.365626071699138,1.2564561674533903,0.16937834949007075,2.548329482951898
-1.8735720107633906,2.2314583858175223,0.09770451706973508,-0.060944733516280276
1.1658478186944168,-1.7178273182638242,1.918375173290797,-0.7684231664636814
1.577833635577683,-0.7814252741717868,-0.1912073410292467,2.51188272743036
-0.04196394702424967,-0.5225677077417152,-0.6587744247730639,-0.502920688093626
-0.7483088611298517,-0.6055937074043102,0.18903727962303554,-0.12147965742043927
-0.9459495454818203,-0.11699020140109631,0.35214092392596735,-0.3871409994071646
-1.9407714121753867,-0.28509629111466245,-0.8091857425287623,-1.8909006715349568
-1.4571498964115701,-2.1714400992392724,-0.956217487098212,0.9135305406675149
1.3308915332872524,0.9973234929395167,0.07493223886250383,2.6655676017710945
0.6932247471973102,0.9319165160388242,-0.3861230156205532,0.03545117527057645
1.891240268731506,1.9536415700154697,-0.050963953252242206,1.2423183565996903
-0.1245935136437955,0.732379925622903,-0.520997652784292,0.40671864332698876
-0.7632066776090123,-0.05865051468341001,0.2694619363023222,0.6936762173813349
0.7278050496034291,0.015820067283256772,-0.0011417120957332508,0.7275125493693756
0.7216221903081677,-0.27576936837886673,-0.3585037491091498,0.5636748372408831
1.5400769749273062,-0.7602220010285998,0.969675711008455,2.569308759342634
-0.4201093635571493,-0.5022585685450693,-0.021934669568069096,-0.8217343952528136
0.2435704901723933,-0.5688680536317052,-0.695756722729715,-0.050975059719786366
-0.5316729282938787,-0.09541097060070353,-0.40295243759195787,-0.7844491757423812
1.2297331602691397,-0.9195201485830844,-2.402401306725301,-1.2260161631945954
-0.20546143787800106,0.831395351846675,-0.4402662745858079,-0.27863422323009723
1.5084576077990663,2.4688908422600133,-0.13631400714038067,-0.5244577899115356
0.3129916272178269,-0.44099953467799036,-0.5699765008506704,-0.2223838108607732
0.8997626391509472,0.3661230826823482,-0.03498511577489584,-0.4056497333654838
2.4299391112881024,-1.6174077531035431,-1.031867671124989,-0.3529624621086119
1.9263937899442578,-1.3665496292546244,-1.959308484385162,0.8953966281313264
0.9346103854469848,-2.072150683790075,0.645877702814901,1.7545831256014657
-0.6523666547205199,-1.9750458514101172,0.4001981729932579,-2.170360068998149
0.19044176111588268,0.14373056188518293,0.7363010324299015,0.41031546227672056
-0.941046497557406,-1.9012301761291466,-0.92519694480295,1.7691599132084315
-0.32666611621213903,2.9070773797493166,0.5067874794626485,-0.15630024381113203
0.7534587407848974,1.374540003078726,-1.3597632963367159,-2.011284476772265
-0.7908818036658053,1.9646056595016947,-0.471609972199304,2.3111078664926765
2.048672953178115,1.4264305992116377,-0.4446100499415312,1.5325992759970894
0.9820162792627866,-2.017002525333714,1.2861636646677852,1.6197447832205805
0.2970851825218011,0.6459659710836391,-2.8566482208589323,0.13388177676684632
-1.0325000667444404,0.7906269017680373,-2.6141543915869123,0.473882718487871
-1.5929342186385291,1.2337085685430782,-2.293784504133757,-0.30539072098844877
-0.5434920584958683,-0.07861926479401803,0.20627705653581108,0.8629493024685465
0.861346098716253,2.563144383691716,-0.7878978887923399,-1.1019101932437838
0.928867249322791,1.9884407816532037,-0.944903173008765,-2.0557711807066816
-0.11948823794265592,-0.6351153157011248,0.23784704520091698,0.5641707119980157
0.11822247962124732,-0.3315053294792978,-0.859014783691295,0.3719898544521913
-2.0049303294279732,-0.8548216252681604,0.3984197721736852,2.061654209029619
-0.06688013609463564,-0.21529253080165092,-2.2346020151142603,-2.0673480875687464
-0.1569484870639282,0.40253379066644557,-0.9192697146825605,0.336853338818912
-0.3193863912515908,-0.9280315087208345,0.36606098048837954,0.43047937107036843
-0.7172620904111241,-0.042428641510753554,0.6519829867674837,-0.1399770031059386
1.089051246097437,-2.3932555027927416,-1.940809881022812,-0.3440567581286599
-1.0435492608587378,1.8656813547319275,1.0379375887376763,-1.888502895974281
-0.8206058225999633,-0.21666358205408673,2.31324355275049,-1.4854759801566002
0.7532529856667322,0.5912264104651203,-2.6697319415291023,-0.628082558929818
0.6695352833712502,-0.23363190700244216,-2.466486265435017,1.5613878894068196
0.7189077978609594,0.19639212170576026,0.21744904693549466,-0.7634370226548842
-0.7113264276850294,0.7327913147375225,-0.13965376299632332,-0.6002362622038079
0.4821316846047557,0.5528711560227523,0.6917403099730017,-0.21270211786556187
0.43014477743005614,0.14226797657313772,0.302128262497864,-0.8445151667468505
-1.7787670024291384,0.6495993091335296,2.3300928871749416,-0.58826778224209
-0.7649020207238837,-0.05267326336280918,-0.521619966296186,-0.346868623566785
0.1257508141538622,1.0948406489592526,0.00911009872722885,0.2532465807598101
0.062659124670748,-1.3897616972863829,0.4088122660074208,2.5902885455080957
1.3276754819259131,-1.331411374290057,-0.34504302776794793,2.2800499812029194
-0.2925237255002125,1.6975647580317736,0.6092640883738784,2.437174385392331
1.0739079505328186,2.749051903035388,-0.44426458807921193,-0.28210225095062724
-0.5690499265823648,0.5977192591504134,0.06360793750877837,0.26498290198529284
0.14328462423009886,-0.513046336606717,0.6269011132233099,-0.6454874886903911
1.2189145319913957,0.7941981745542792,-1.807254325078199,1.9992651496481422
-2.2054405755605835,1.5581418555003366,0.895958153201189,-1.1192135087234596
1.3118734517042414,-2.57827784445334,0.06514879598064043,-0.8654431593755529
1.9521943502811638,-1.3237451690619502,1.52993293016651,1.2664388197014114
-0.6094127732897963,-0.7424158339352519,-0.21930775021961804,-0.2728562262524641
0.7307947359693859,-0.5778556997023246,-0.2592963301169573,0.05595434634989634
-1.227907379932123,2.6067022697579723,-0.1243812399037629,0.9852505018073131
-2.0860004490271105,-0.816901242733113,-0.03611385960079727,-2.1901835193245027
-0.7858127887500145,-0.1014506780200607,-0.525027728827599,-0.45327147591191125
1.000448040683542,-2.5869010095778027,0.6419368573079753,0.624808732950564
-2.400428419435179,1.3349298672966325,1.2136360456161102,0.48006200409610383
-2.616725253874877,-0.2056926807933288,-0.14423290187364535,-1.301997525258446
-0.5187937578106128,-0.031232035933952115,-0.7802151099104667,0.15307590427746423
-2.577186304751161,0.5711595894553523,-1.5361075392122878,0.7265569448356206
2.665795922858606,-0.5579785039606949,-0.9302209882037948,0.04488040981679163
-0.6062237845239296,-2.3076749209630725,-1.8947419208322422,-0.10710576150057383
-0.0626168737269348,0.2325751425403485,-0.8846464199370434,0.47893161592988687
-0.3907248701079629,-0.900250046698144,0.29547797455784613,-0.3972642581635999
-0.409456528063777,1.1758522883383271,-2.5999936720356067,0.7836971071548807
0.12238060331615207,-0.12591702905119384,0.7526034984049962,-0.7300773379038461
-0.32724895473193344,-0.6347907073290253,-0.5637476733598483,0.4587478738230292
0.326449253107986,-0.13817060965697547,-0.6893181300203808,0.5331081136027009
1.7659105928374146,-1.4022906236047883,-1.7906936399221145,-1.1656521955572325
0.8297156363362195,2.617624736151234,1.1056183120246257,-1.128592168916358
-0.3640575350411209,-2.1182849489993822,1.683267375122844,-0.8244016447803632
0.6830545429035545,-2.554362978274261,-0.7536784174251817,0.8424368932073404
-2.0391218495149945,0.7683084060631198,2.0223597651435092,0.8033932536865633
-2.9710007665507776,-0.38939028187615743,-0.8227563680625984,-0.1972064919992125
0.22761290607949608,1.982489713180383,1.5291911107718117,-1.5244732666784981
0.7777303274009655,-0.7370002968029616,-2.8498839325946683,0.5674571080763748
-1.5877892053186276,-2.3553388980254777,-0.6213495559590302,-0.688412707257918
-0.3396083241703281,-2.5775525660336776,-0.7815788078002082,1.0611705154457427
1.7354269735342545,1.1537917668774638,1.2654827958791572,2.065226966959133
0.056012104512380444,1.0160844880049276,0.12012851722016857,0.3264783725368615
1.4961499665958233,-2.370593520130921,-0.9225213685796485,-0.7525139621960623
-2.0265380963054254,1.6332879059586285,-1.1379887005436315,0.9860078132797436
-0.26168816058575095,-0.439554506619009,0.5285921492086278,0.5215539987253999
3.076202491596004,0.40714723545598924,-0.1825186330473546,-0.19874922383700047
1.7177036320393109,-0.3771614849944627,-2.2541354166417307,0.36072082143209755
-1.9406887841882952,0.6788286902946964,-2.1947156628793443,0.2831928037540928
0.7776057562764079,-0.00998480549006553,0.41234035086731946,0.34277232307003774
-0.9558228911175791,-0.29683104647048286,-1.3035901951168432,-2.3772197466756246
1.7552479425793046,-1.2449772130450674,1.0625859100977304,1.6103379345029838
-0.44311243702511527,1.1632385787068669,2.6992268496749343,0.1563681425741579
0.23164282874978676,-0.26900170944414026,-0.9322864375372331,0.4169878603815842
-0.07657572117874442,0.42339010135642746,0.3047068886492562,-2.897927002186228
0.3729695887373859,-0.40718034235342904,0.6988234111022424,0.5793548233799972
0.6280955082345524,0.850033503460983,-2.897442491259752,-0.4399652406759551
-0.7432042436859857,-0.05746357073854707,0.24686491537813227,-0.12721007588643385
1.4899799132781333,1.624269714294069,-1.5270723769842998,1.2051521319368712
-0.5187425274961818,0.3572577384479728,0.6207917840551761,-0.7581702016370617
0.12646259197427895,0.6264427541459502,-2.6753807666928067,1.4767982215041893
2.0820061934916736,1.768567549156224,-1.9238220100574006,-0.18181164944563957
-0.36829192062073457,1.5723477936458772,-2.220490854142025,0.9995166586224091
-2.2208184321018813,-0.3305486335709353,-0.8048404248484141,-2.1301975183426674
-1.61236392051639,2.324434409737086,0.3747455798604994,0.42250524744874685
-2.389819627098873,-0.5444498645424805,0.39455266350678286,-1.685324542734343
-0.753593405502974,-0.318928551642219,-0.9552324049399362,-2.814257687147102
0.32798597022764725,-0.7726994896348333,0.14629243306246337,-0.08174287224584381
-1.335709425236307,-2.2819572819394827,-0.17700318610952204,0.9624021595608313
-1.8225064706413363,-2.2586353410450757,0.19292253348836882,0.5218332906287606
-0.17364527107351885,0.8421092633891463,0.26951733649243237,-0.10495636190030483
-1.2262601866492986,1.5834927366316045,-2.1736004515138676,-0.23074940898452917
1.583267829754594,1.63707529619439,0.9315984147451739,-1.387490959421671
0.13213138560427665,-0.4835565378214844,0.4637223373314587,-0.7913883776688189
2.6651307318084063,-0.3265885137939739,1.6240590591193358,-0.2947417532218414
-0.29034188907093766,0.1849404316713778,-3.0289179554357673,-0.2625023707349215
-2.9982100897346737,0.16323958754059892,0.046314621115859655,0.16259271507829678
-2.2878480789609013,-0.2539932239152395,-1.8982129875462233,1.1420284026424654
-0.3907371822741959,-2.564761324497047,1.2374121827072007,-0.9075614000254377
-0.22379302049662553,-0.4495903632647032,0.8376853189934709,-0.017013443286871585
1.6467072177035433,1.7262571399465296,0.3694485565432643,-1.8398423943544717
1.1963904344102736,0.7277323038663575,-2.593719828329031,-0.5490436973974478
-1.3699416308086474,0.47983915177689485,2.5382755194265076,1.0067594571637921
2.7506129902330043,0.9920882786357387,-0.5530881586349355,-0.4181317346422091
-0.7129131678528686,-0.12844540017316744,2.998908914826505,0.1908802523199078
1.6430667566650694,-0.8481908915054475,-2.437217386032214,-0.02626392673407907
0.0034406426940348372,-0.8722841897866616,0.0382159131549012,0.1923560532992487
-0.14982489811002017,-0.27203460211577885,0.23177400367774514,0.8292537893928336
0.03468382754839819,-1.8709629307661146,-1.4014654404139122,-2.127035616757399
-1.047566228093464,-0.5216376036501789,-0.4885915254075414,2.6147236325271583
-0.19794072072257,-0.5939876369767427,0.48840473109818616,0.648687420652232
-0.25107313483150845,0.4603556246173848,0.4025463084851091,-0.6431282955876588
-0.8425205921746071,2.4623483707920366,-1.3604184900040284,0.4931203496381438
-0.28575382132568133,-0.1907135553118337,1.0538114261246905,0.2946259626187061
0.10602593645623186,1.8002510071417068,-1.2306966176335148,-2.0888314786542708
-0.4087146082885463,1.9199331909601691,-0.5219557422212885,-2.3231797958331106
-1.2799519640456039,0.1418003214701301,0.010457425871364764,2.8881641095486508
-0.4653220566710359,0.468426984521272,2.10748247662551,-1.9940194390844392
1.3673552034970977,-2.4413410271529288,0.8207431871306726,-0.7123109337901822
1.3507889954665067,2.3136361546231354,-1.228917080299194,0.9633764862999921
0.34620213429016367,1.1899124465142334,-2.2522479165424203,-1.254227975579332
0.7078276729650391,0.5995771122897574,0.049251176476398026,-0.502770669189413
1.676566655803346,-1.380507556576439,-2.0378106376499154,-0.988316173158085
-0.1939717137482238,1.84590397220704,-0.6073021621764132,-2.333371769736461
0.9023646433692231,2.353341679662535,-1.3550962102124662,0.3960750193227959
-0.29532750898165566,0.8944227903645423,-0.5545669172503171,2.6509377234087346
-0.8571676442169786,2.0802008093285327,-1.5856822914937945,1.0981460350387775
0.8945345867237726,0.37075501278911693,-0.4174238047705734,-0.019867657916303835
-0.3996422218574329,-0.9023978237620418,0.3020187861864879,0.4135988228368459
1.3489054438445554,2.3731786838970326,-0.4192238571244504,-0.9272653418208614
-0.28425128122842824,-0.3923032618351906,0.2627394996011477,0.43917756506951655
-2.807253913840314,0.36493983708827643,-0.8517928137932907,0.671966037544413
-0.7798128816061214,-0.11096687356096434,0.4406820817517,-0.4965592323105329
-0.7237365632595959,0.39421181906131514,0.2112192177930335,0.6459632416781657
-1.6239315823841098,-0.3020581929646635,2.361612603136045,-0.37042818748142886
1.0681526702942374,-1.6858778157069187,1.2843867021957251,1.783863993794486
-1.0333760567540304,0.7098705009465779,0.0883053196977261,2.678940090163184
-0.40739080572416514,1.2040025927185614,1.5069770672605365,-2.219787117101816
-0.39320064193702087,0.08130004323417075,0.029023973694171215,0.6566605430826282
0.8188405901121846,-0.2855741233322229,0.16165135331214545,0.3178891920683733
0.7097486375403748,-1.595065137743449,-2.4202639504941703,-0.9273892029636587
0.8411121941560064,-0.125295233714671,-0.4132103746153416,-0.2609064336468873
-1.5702224406529874,-0.4268766765667379,-2.4515939191527174,0.14266617731779052
-0.5017536829431573,-0.041906393504039616,0.027881177402230867,-1.0047109013929143
-0.5563899780776342,2.6630589579474235,-0.2445473219754591,-0.8287036408387276
-0.538809021712684,-0.2195107263895531,-0.7229465343420531,0.3317301661735857
0.8629375789634436,-2.199134618354,1.3179458677950817,-0.8930731232016437
-0.7488447292571869,0.139647820284967,2.311552801090935,1.5764401610765058
-0.008996772870554622,-2.653090531741187,-0.31912304382315426,-1.6463811031856412
-0.2611806251271367,-0.029197955781748886,-0.24465874234911242,0.9052900836919371
0.5796017921091445,0.06443196147143342,0.6449535189611185,-0.7110033759330129
0.8756588933187226,-0.12142779644631614,0.0040194223523176,0.4104790775201176
0.5889154778928658,-0.38761938620752995,0.4621725399506581,-0.40263028448686883
2.938808157563737,0.6092219767522637,0.28702761398580384,0.4568167803530726
0.3493453606058627,2.610156861892857,-1.26737403089655,-0.7941670243220739
1.8848920330489207,-2.2353220614440135,0.8419195345307896,0.5214590076645051
1.9757578578842776,0.7413548373016093,-2.0802197042735426,-0.3980788366427803
1.6147945524959557,0.1308613689906663,1.7951950538763815,1.8750989197419834
0.26650233482137625,-2.671401453783919,-0.9995770458580544,-0.22584596115057393
0.3696116101480197,-0.4379830807655246,0.6550806940463332,0.19040678941914094
0.41782891363153857,0.8078170537366731,0.1612872012004896,0.3062819234512589
0.0640845800457579,1.7071734362306517,-1.0697873221738545,2.263909953201422
2.7871954969258668,0.38952116809021936,0.08640796763370985,0.6964356984806364
-1.1713806687682624,0.2851513452020188,-2.5043305544496937,1.2100022788318239
0.5680290657834504,0.4713807715016613,-0.2767072833280537,-0.45128200813970576
-1.0372730927128218,-0.2196597915383282,1.978571361811186,-1.8204292554794574
-0.1635415206403502,0.35815798305512964,-3.0351554601732773,0.2785070411278594
0.5000568867603343,0.29364885439793803,-0.44466451112501676,0.7368127151288992
0.7987817872303252,0.4744706154617917,0.2078515287069285,-0.5109386495695958
-0.4164656954820202,-0.6134264909611731,0.48628046526290497,-0.6223872138463202
-0.9728309950052517,-0.34345679412876245,1.3677292315761485,2.420107445041437
-1.3305501791825411,0.814335736913911,0.4732846091787155,-2.5762703850598307
0.6598602958363328,0.44369458801670425,-0.6432142090757392,-0.1644054495158141
0.84074898752086,1.0516232768569864,-2.6641371269905116,-1.1186341143821854
0.8337632627983699,-1.2561901982350299,-1.5757618158503235,-2.262361645992962
0.4858602065434162,0.09177367454795073,-0.291243204877065,0.8051860319110169
0.2045247008076334,0.5553231476024966,-0.2043766387063975,0.7479070870519366
0.04566339184922652,0.2020583901634335,1.4001626148605022,-2.78710182090345
-0.8327867126925291,-1.4820487912588454,-2.242605566081463,-0.875382178406541
-2.6626085588462898,-1.186482649251926,0.2991569962420707,-0.49867018541448294
0.4957531133170427,0.7382035561460047,-0.1997368513403835,0.8174639267949836
0.17047114944934755,2.0405623972542504,1.739104806067501,-1.4513199642215233
-2.832430230741438,0.12814464381684154,-0.09817120151967408,0.3761254541284597
-0.20901650335765326,0.7457904937936997,-2.015952378013382,-2.0149742633165806
-0.6526535776268902,-2.069861333581447,1.9995743923014961,0.7689249777361924
0.5221194285265814,-2.7591864270184283,0.17820761127922446,1.516128951433521
-1.636571229919792,-1.0189187046471515,2.5559369122397966,-0.5124468256715472
-0.46893933084389433,0.33658202114486907,-2.9968559308889793,-0.2173856115186975
-1.5095354758282054,-1.51704082344834,0.6494262068562379,1.9573248642393197
0.08318414533523555,-0.2191870628719328,-0.8941559147640584,0.14928131666637617
0.9622526901881006,0.030883126622881396,0.1387227095013974,0.35158505203029194
1.8473004613964745,0.5897117711421909,0.9499982001615441,2.1622669974825928
-1.4735945081298738,1.2408851261468168,-1.5340716755870378,1.5269695545453046
-1.21998900666408,0.7087235780765879,-1.4794985095229192,-2.2945473809030825
-0.9448340985236294,0.8223919815430951,-2.6105767466235053,-1.151183424950874
-1.693053845800417,0.4800200035287391,-2.3173385135608404,0.4482449169295057
-0.9866207162708506,-0.2444760899278468,-2.4308956601044844,-1.2237716847753475
-0.3960597897553495,-1.0334931966681613,0.1324154656560831,-0.6346920007509944
1.3296115780823379,1.0103847757418183,-1.188063803777291,-2.2513852121447764
0.690282569126186,-1.6002515237141879,0.7099767178952491,-2.4219531156056977
2.8363219187898654,1.0732944233935662,0.4897723797565693,0.15095282126550552
-1.1052664614092065,1.6663336725190316,-0.7310349920544092,-2.0849463167481477
-0.5243828216301732,-0.5794171081777739,-0.14138142863249134,0.49639811393156985
0.1807716106478917,-1.7512300873652031,-1.8678164353861972,-1.1783374052448354
0.9377701328526026,-0.362956413556502,-0.29848018066762977,0.12265072370161409
-0.6952272185095438,0.47495709140468506,-0.11216887882771945,0.6257604079051757
-0.1681192314156088,0.7610980038285606,0.12329485992550125,0.7652081473871264
0.4067827684139728,-0.3522680999318118,-0.5968334164669459,0.491228229390898
-1.8545277217978917,0.9002711726904743,-0.3374148080064603,-2.332289115998939
-0.9902392603792731,-2.667542711056924,0.1585432240380366,0.870945048927277
-0.4325016191131517,0.6018009873125723,-0.3249517989878652,0.6723269968993056
0.11487573200696059,-0.08390265861281414,1.0118217127800715,0.3959302798187934
1.9672252198836895,0.9915466102959322,-1.6137064762036755,1.1043772790944888
-0.6362565341250678,-2.469516060113862,-1.7746159426650494,0.028017098528627597
0.8029627260962869,0.43941146168712714,-0.29334105549141815,0.154196686482417
1.7802230129074623,-1.453376980446462,1.6770463580575852,0.9828541252060335
0.915524403571839,2.46848149077031,-0.8482386296665402,-1.3164523603568312
1.9121875740592522,0.1344608778585724,-2.187177768234416,-0.57227907321862
-0.7538591981003614,-0.29724863365232346,0.6403568204171506,0.3938936445348359
1.2085880713577737,2.5632912002491746,0.48603492700986195,-0.7482492878347677
2.488926545513255,0.5621694889097714,1.2071974020104244,-0.550980735014194
0.5164417303212729,-0.6780163582971293,0.3268026618506905,-0.0029956759305213576
0.2521090542029176,-1.5718063747068767,0.9130615047279471,2.5068349650533737
-1.2459718599922927,1.9343454047485231,-1.806990233562005,1.2309359650416491
2.3351359114931642,0.7149268323346397,1.767320212295829,-0.005587946976906885
-2.634433057136989,-1.4529844106986045,-0.12803555419276508,0.467928185794945
0.2946116849962557,0.4365126186808996,0.7141730248669186,-0.5526232076581837
-2.425623981256003,1.527142187842519,-0.7946861226529535,0.25074892714624836
-1.357062034425518,-1.963136290017124,1.4848644563245568,1.1105689731815478
-0.48710906941589743,0.21058382354849645,-0.2829440982836202,-0.45925416576659606
0.5353585707761916,-0.9421341504446707,0.6309401671763255,2.7550828270421928
-0.7228865484644436,-0.18390454853714622,-0.07175384608324208,0.7308739185537891
0.29753506774477145,2.3660998445328065,1.6600898662127903,0.6588687691801324
-0.7305143093083812,-0.027638250749799642,1.2096201862324643,2.619005500655415
-0.18856935396299684,-0.9091169952492028,-0.0025150078605375714,-0.5440521301506943
1.1852472525961695,1.1029072614675917,1.9927740828046527,1.5462003659338028
0.015441915273698897,0.28508883234886123,0.9517241806753278,0.4312593617772129
1.2527430955111578,2.7896839204654365,0.08476382874049863,-0.15078856284880185
0.3189987136220113,-0.16163572927561365,2.498083520019476,1.4012722942466656
0.6756952323022185,0.8450420068010959,0.00817698103351966,-0.08224992834958403
-0.4666261645762387,1.073325046081679,2.2536626678962968,1.4146935807503764
-1.3115134515736255,-0.4202525462908483,-0.4432991066924652,-2.4260395428026835
0.4951196968997462,0.4816672155416679,1.071356533128974,-2.720766200465883
0.169947095659179,0.5124258069151588,0.7676966773927218,0.5487876787342741
-0.2987669080354308,-1.7183268779059646,-1.0333189228722077,2.086521023560862
1.396442855989282,2.6752575668879697,-0.22967749270797863,-0.9184505030392331
2.6556058665386524,1.0202479023045292,0.48060142511006876,-0.8315042529645091
-0.4852320855158947,-3.0748249622056147,0.7111325695890622,-0.07795939207155764
0.4278369319420848,-0.04349207638063896,0.8229611607377906,0.6057024702199024
0.5349508918808056,0.7116666231464314,-0.24170355706850732,0.2715420250103689
-0.2396101564578531,-0.8162931497536804,-1.8672094459148458,2.2580966608703483
0.3197540321840614,2.2653091690475047,1.657079836704603,-1.1912725938386022
0.978671780490305,-2.8053306434024297,0.42666595630490994,-0.2122226475168494
1.4687287775697648,-2.170641814126727,-0.9848861536472795,-0.9214089871570647
1.1121378274773859,2.513457228744653,1.1567779496217259,-0.4689393248009942
0.4844235567756001,2.3284913160069487,-1.292479269495412,-1.0441933767178686
2.0821676013095005,1.1653440522517529,0.8370610636090183,-1.5649528035289024
2.5006749255976475,0.07296428148075547,-0.4574571421131568,1.412464430605672
-0.9033545471621225,-0.05571607483454641,-0.227941157593495,0.4841815545877536
-0.07222013654509425,0.5988348223468106,-0.5389887231797272,0.7741403070062117
0.4997794978769844,0.11617001764456164,-0.13707023880341415,0.7895925933035756
1.297428403268509,0.1180976822367335,-2.612243788025053,-0.22537193025449365
-1.749709260944679,0.9540873954716881,1.4835743027516746,1.5156329883870194
1.5015356000997417,0.7082056010536001,0.1175306353575559,-2.4532710831760944
-0.20792478140694926,-0.6037716321638834,0.07496558771355055,-0.709941717263479
-2.763071364788822,0.9315437328463682,-0.09750926989683972,0.5161020232902214
-0.9060658081536465,-0.09495684578538635,0.07630698022212679,0.34884108120275564
2.1612701271114196,1.780505398531644,-1.1069012654705752,-1.0382828892099576
1.107856401055754,-1.8612744523447935,0.13412804402889747,-1.830771151029462
1.9827444869938564,-2.137046685325924,-0.5199027485226534,0.5878389721683513
-0.6668424382209062,0.3310736632439568,0.5036700672771001,0.4230938798119342
-2.496024910594189,-1.42878698028709,-0.820012684137568,-0.2532496768888176
-0.7415554763386807,0.018190371148105594,-0.05619990710233842,0.5980413871461407
-0.33579717584394175,0.1048746449144703,0.4539196724286615,1.0110233365472263
0.1513096349724713,-0.7864775836735263,-0.5045739227324949,-0.14573055410005198
2.4655617936443766,1.2277084446091269,-0.3952967149719345,-0.8425154356908706
-0.23888535068262862,0.9382276873867874,-0.5489154737717384,2.8447330648648137
1.4825548081435822,-1.5881808812898504,0.9501151918185589,1.8349936767652486
1.3554455972284747,-0.8743708003256359,0.7657836270111009,2.4802878625373226
-0.5029647090339378,0.41909998729974296,0.3765792193902211,-0.5838468524634554
-0.7147617024086732,2.7511666240915575,0.034866826849812446,-0.8455931118966437
-1.0021760526492889,0.37055964239404027,1.2611956297344373,2.8841690710768644
-0.8726495096984195,0.27028928939768443,0.1303797880908504,-0.6391352447404373
0.8917444232117598,-2.4017485283804,-1.3096476496461182,1.1142607121172
0.8591410368918284,-0.3027964451621801,0.29947000342164165,0.13236343161080721
-0.043619947578971904,-0.20449822931930856,0.3987246289078442,-0.7603055859909489
0.509867000950238,-0.4148466113446456,0.4365751014417427,0.4110683824015506
-0.3006683574576691,0.7001605546155664,-0.6870232669860642,-0.269542969786853
2.879062466539957,0.8444253174106399,0.4110575270455491,0.8334107003166435
0.8613641876424538,-1.838704269880761,-0.8547262515176027,1.929184452656343
-1.984481747048916,-0.5449519130200329,1.6046784546867567,-1.4279883355892522
0.6644037742562193,0.7321043958816026,-0.1669945371840309,-0.07390860798188897
-0.07164399465674326,-0.23179959897177238,0.9751822527480931,-0.2891893726240011
-2.6983970124848304,-0.6138680221988335,-0.5937361087593656,0.10302820968471038
-1.5901178156677604,-1.2807240026824145,-0.17279734236183503,2.1815165814671738
0.9044158470549524,-0.2739092243404405,-0.03839521319292555,-0.21831546343902924
-0.5094174858186943,0.33381541088129824,3.044021546308981,-0.2728286803057485
-2.060277811703513,2.1050624222261263,0.466807428076928,0.6363608148840575
-1.2121049153414882,2.4160756777734003,-0.9674499437536842,-0.3913195974506588
0.32462472988627444,-0.16259456561961072,-1.1033407450381985,0.08717104184960331
-2.0124929830663683,-1.0683092169392154,-0.35886194595181753,-1.9143329030352678
0.6733155465261997,-0.09544605339417579,0.8709971979306749,-0.30678320570940504
2.0924773031090935,-0.1875348472797681,-0.2214415485547919,2.4156515156235248
-2.9055326775879866,0.31335342596425814,-0.3865842551075994,-0.7505524840898983
-2.5928064230780543,-0.9316974493990368,0.6939403586394248,0.00878015006205228
-0.3143537762070114,0.25427547617414614,-0.7694150156525261,0.00487839900659949
2.0089002275414227,0.48206221958788087,1.5537781087506706,-1.80369874938626
0.31516486044200737,0.33534597558986057,0.7168553750447821,0.29456704606179696
-0.5747030133105258,0.722390821270739,-0.10240006380945711,0.2325826781348506
-0.9259881985931532,-0.09741277428193679,-2.716190395124047,0.746969966847452
-1.5571381742215815,2.292355440345626,-0.6629274100659017,-0.9023862130899676
0.5661403748027146,-0.5018116513995405,0.5574205718544141,-0.1704802712773762
2.898899279457899,0.887197491833307,0.453078793312063,-0.14548603761553347
0.17027879356808545,-0.8642616575069729,-1.6275619149402607,2.4720815552142805
0.9360384994542771,-1.644128725605745,0.9022746608961932,-2.394104694351009
0.20309785990743867,-1.5882655484969754,1.1041205114521706,2.248956596159194
0.6308207627180333,0.7632142068902126,-3.004906725437348,0.18814395248793686
1.7148003847721838,0.5837803871317161,-1.862568735059463,1.3858437000877126
-0.29513808811377745,2.3729971295362375,1.6450302362400973,0.6342222905761364
-1.1141155988714964,0.14269435950472006,2.1064887024701715,1.894532839470049
-0.9987728155961237,-0.5964449642272647,-0.05966420987598958,-0.14806092400513166
0.6861918978362829,-2.0352649175730555,1.8208997178086197,-1.0317158479200998
0.05665746912927304,0.7757910802112336,0.5595588480280482,0.36149689669021434
-0.02647211537759979,-0.9198189310271252,-0.1797671763786884,-0.533141106727538
-1.6328337015717107,-0.1078212110196397,-2.4558641010457536,0.6853414543927693
-2.0134334916659338,1.423998171329903,1.5507265121760303,0.49847214333935574
-1.8835995036977926,-1.0187857265508928,-2.174815969485988,-0.34220417844708695
-1.6974192923734621,-1.1486181042408872,2.0294535207707125,-0.2882038032245683
-0.21553472619320568,-0.9537470513726874,-0.007138455379833861,0.25656551167723995
-0.37925877752877396,-0.6553477017802849,-0.4439972035552127,-0.2772737074274084
2.3658720700735585,-0.7543384532338091,0.4190394978254165,-1.7105318023047607
-0.4388857954475365,2.5744180397558725,1.0549698277527735,-0.8802814319041115
-0.5922403674440103,-0.2685741993152453,0.50153511686531,0.5410723167524698
1.0355263626616458,-0.9004848285763908,-2.3313408092852455,-0.7692247589651808
2.1876724564122987,-0.06777153430145005,-1.8687031847972548,-0.3547861631016342
-0.5652788633407804,0.7765512929910419,-0.31235873932335734,0.13119462469631832
-0.6494434986187894,1.5519691943233465,2.446973977141754,-0.7795565536226075
0.48839588192573763,0.9202197847075443,-2.14949807284909,2.0304403354973943
0.08914633050518472,-0.8461243082019844,-2.562041094696706,-1.3532134045503383
0.5773399519221925,0.6305366086263238,-0.6582682378341831,-0.04586723714298788
1.1099055180845792,-2.8747973114029697,0.09287749403852102,-0.34583918222518656
0.25195677682942896,-0.009919302035611602,0.5931586202585075,0.4330864591586749
-0.06842432003066594,1.8624910754761181,1.6135050195104415,1.8032919293229124
-0.19364122249839585,0.048994537016032166,-0.7495460937925433,0.28525234811490874
-1.1059032353398175,1.2190614465921967,1.3106171615766335,2.0701695784424214
2.0438358585509717,-1.1654977498108607,-1.824963310264496,0.611379202617011
-0.854024437132592,-1.6324243699394754,0.8263390321264745,2.1534966782460883
0.5876042719924762,2.008451447372231,-2.2267290446774726,0.3150116452237091
0.7489351643293233,0.276682836031107,0.47919490574887497,-0.09351788312294745
-1.2487529857694541,1.5555843283752744,0.3320506960998867,-2.2720386502701264
-0.010377383646844957,0.6674163698804099,0.8320999751541291,-0.13162514519956925
-0.7116967841333529,-0.8119068896380431,-0.12250146093899938,-0.4274844367362113
0.82186140867508,-0.3006013810262307,0.5511016353867468,0.22806617049978456
0.5951135653829321,0.09550905716757166,-1.7120850061649018,2.407366180070328
0.3198724347421843,-0.7950230326489859,-0.4931496707337829,0.019865243838693057
0.4982639528177164,-1.4238491161436257,1.4083135262352169,2.1169940593620824
-1.7411699445053834,0.9206451420436864,-2.1975617970076486,-0.17426821560924113
-0.5922056960016686,1.4322523900784305,0.08993796601686412,2.6528293455813388
-0.12827647252807542,2.746293546456095,-0.27384337632112515,-1.6864886799561143
2.939170821202849,-0.11508367590675743,0.17420132351357326,1.0851889319652293
-1.196349121604101,-1.4027580505096453,-1.6624533319067563,-1.7183909963511645
-2.5587123223942254,1.0387670151205235,-1.0152775578918407,-0.8892679246773152
1.0208425326329695,0.19849012486958933,-0.07682534326175802,0.24137428953885862
0.9795029322844665,0.30222107880158006,-0.15546684126986818,0.32638915474809554
0.08423348545777734,0.451222627059332,0.46075385163588933,-0.9563155676481607
0.6142106222272493,-1.2623209604186683,0.5034633506601511,-2.508588961571858
2.781253829009036,-0.9550974120359058,-0.37369078190175203,-0.251097974987632
-0.7321521707510409,-0.552678702274928,-0.3369894019933489,-0.23189284340225244
0.23843073383541263,-0.5877151128991889,-0.7392997656684138,-0.11818700414547237
-0.7859936981966071,-0.4707974238758931,-2.5269423500373143,-1.4409857932594206
0.8968678742687114,0.900630316254821,0.2645577875759378,2.773691135885343
1.3628837955316164,0.05543633907635588,-2.666394728724526,0.24011457259546737
