x1,x2,x3,x4
3.432159339417495,3.439961285340517,3.656027002867755,3.493493447150983
2.4396066045563325,2.7119172774381255,2.6668605622712978,2.397563267949289
3.7671574172156697,3.774426039626695,3.7051190622897403,3.6287303148805834
2.5313822941973605,-0.6873282944322971,4.930590133714994,1.917142885580649
0.2862685497562909,3.993721209908381,-0.5873544051132011,3.11649509796882
0.08726231622747702,0.08389880104738842,0.07499098183665932,-0.29229235488627586
4.46881695239639,-0.19636730310020134,5.1807265089837555,1.956941145420135
3.153310618497046,3.81300130577495,4.588376218354727,-1.4958790819351373
0.13940731507904183,0.1167167861205669,0.25303861287933316,0.0406805315675797
4.838352435488535,5.0638975698068265,4.196038133323953,2.594398454409184
0.20742676357703663,0.5829480512174124,-0.3349694502706439,-0.16477607661841884
-1.6641692208583896,2.161726577830132,4.073704501263723,4.684426259579422
3.758986386108865,3.9336037037967575,-1.2083224662801948,-0.9728124084978838
-0.176302644736686,2.146560770260912,-0.09335325717017184,1.7109717840227
3.636690953231189,4.3389526199485005,4.000861575182148,4.343719514994111
3.750149539410004,3.7939051679826497,3.7445140289679157,3.5872476212557785
-0.5322670648161826,-0.36041319171133573,0.32887703710170535,0.2583110563338994
0.4764203656782785,0.033793251671978414,-0.0005624075177311721,0.18958448520279983
0.8447214355535086,2.9755719785958705,-1.591163768221005,-0.09401949753450278
0.2955847697127484,-0.0035707413670989937,0.10252637044560463,-0.00020374938224510973
-0.24332933649928543,-0.11625693108407971,-0.15375181369211485,0.15833409364578807
3.9604188308815527,3.8447772192911467,3.8117820780987848,3.7654882295967416
3.9108005837035273,4.132059517721889,4.30680323738441,4.726069981166123
3.8521487416321776,3.9608260534305773,4.205131563054236,4.161297529693853
3.8186195194134434,4.0734946138420565,3.9067614800036923,3.880203880390316
3.9460769399925573,3.6961082535482372,4.489253292854881,4.6206777378803485
4.566660136359066,4.295041781001668,3.7518745326784857,3.933008561808831
2.799410752441384,5.846510556784718,0.7470658684839435,2.3309553921451167
3.8935435037389965,3.7757453074742022,4.246838327452516,4.2726588660810805
0.2516185351561111,2.073352885028256,1.2907581527427032,4.3734722921363725
5.146715178358155,0.7250820676683318,-1.7012061388989927,-0.5320661475115323
4.268070683598059,4.4430806154284,3.6639991854175538,4.109089133198924
4.088605894947157,4.146261540692381,4.198797679845344,3.9152440702409304
3.702908515973056,3.863768270303852,3.868280680973243,4.016251970952454
3.8065366325007863,3.7341398475706633,4.025322409932943,3.713757672231433
-1.0088080058595112,-1.8481577980332915,4.426938334226058,2.2926338861687805
3.6550916565286133,3.8541958781860415,3.914299496305421,4.105514621712949
0.2059038644613751,-0.5273098836413951,0.19758526943768315,0.21338650200885834
3.8596674113127847,3.969952246188126,4.308499206541115,4.238791457858389
0.031070411196998562,-0.35368108621002764,-0.35464586739811815,0.3267496147375151
0.4587042927351437,0.19124778067792186,0.6351400189497036,0.14926678259026216
0.656072817809106,0.7477132782202184,0.5562971099718604,0.7440900402522046
3.940333948950483,4.049430193226067,3.778266586455563,3.523099420158339
0.3758654225924768,0.0777476527679297,0.0927730228155044,-0.0632768693319582
0.3054402803036247,4.442968070540145,-0.18773539761386537,3.6294824721736783
-1.4875514416700346,1.9826218047172661,4.854640108112018,-1.37275765106698
3.754470923627038,3.658591273670592,4.3187777015553,3.7506879597998797
0.7797953290345835,0.6339941914091024,0.596124330143713,0.7560108753009163
3.597372457240357,3.969281333333434,4.076313051701778,4.052184097958111
4.203164249830467,4.006905280792542,4.192498137395399,3.3993402656975245
3.6300510530222585,3.5923050210513026,3.642118497812686,3.3979781881753044
3.9485676447195104,4.055928912446196,4.159088391998164,4.054798284313971
-0.43192071230380524,-0.012602195571370567,0.14581992085297898,0.525872881753038
1.9774082116936351,1.9619499016507267,2.023835395933394,2.05646367301647
3.6918453608702526,3.9925078730584094,3.8703688072540983,3.780697344396487
4.184792624064091,4.130159983476619,4.052454650491534,3.745148318811525
3.4615403606704094,4.071105798985935,5.890995224513824,1.9546827562890297
3.36450204939177,3.5998239460902646,3.2913149921925515,3.4049550344868726
0.7594182358611441,5.961537080413291,4.901102471017736,0.8090901948835896
3.90690024595451,4.176170343779105,4.1674424484409585,4.756411333752326
3.454586623371858,3.963180130913377,4.538345805108869,3.903847145952723
4.003871336772041,4.077234981281854,3.792129764084871,4.046521624706699
3.5572159743981864,1.4646331874329128,3.2642977811592893,5.816637604705585
0.482607290406616,-0.08106971760274743,0.2437023989930461,0.14992204345955187
-0.3959674678079731,0.3799287895997539,0.14855426663579585,-0.1542721172133212
4.16766793724758,3.7154037193431826,3.967655866350684,3.5832926894368877
0.5228164639973478,1.892918860950597,2.9778739708070985,5.852680511136827
4.08107685110821,4.339757578766533,3.998768947909382,3.6890188352059137
-0.11884677672290947,-0.011496365322945488,-0.7274508976365747,0.3318799972784165
4.297986609728509,4.366216324924031,3.81517034271658,4.250199282370544
4.023743594825435,3.9087997251377575,4.298012908147804,3.602633365078635
4.096189361798527,4.089064733999584,3.504582181165638,4.095708600561784
3.9609396299308357,3.961543222223357,3.9279347133150444,3.819034810673606
1.3000321639862689,1.6855386368944316,-0.15907557490784807,1.6144049850496645
0.07973100789560816,0.19656467562057103,0.18766884200850792,0.2792788313781289
1.896967775357993,2.036128290167552,2.7630435929020827,4.727124585233649
-0.09694029984680996,0.3497540877876325,0.04319440386930319,0.018707936590650943
0.10375402857572501,0.30231847100989007,-0.1578792045662087,-0.15550596158072003
-0.18245257812931995,-0.10351251942853122,0.6202471448937178,-0.02025054912848261
4.0971210317459255,3.9165028277172853,4.044778247580134,3.8808668879258037
0.09135455262781338,-0.38913000589999547,-0.11769275763872622,-0.5491999086533413
3.2340980539905866,3.2585193972714723,3.1199478352725656,3.072667068994296
-0.11502489333473483,0.5545139852650336,0.11762341396550083,0.22421788846389498
0.009722176321161192,0.2838557690236164,0.17447694085835677,-0.07032447357536141
4.143125528085912,3.77933463184935,4.206793460162617,4.080747662339486
-0.5063660190095003,-0.1982493799830283,0.27308989933360994,0.20150192330480501
-0.09407851464985822,-0.22796129429487982,0.01748144914992869,0.19032261184158916
0.04801793783894669,-0.053403784297357086,0.10266162119875767,0.08569505883296248
-0.6476089880878986,1.680795812583261,5.069533173989465,2.0317681633069276
3.64109294007799,2.301635068042345,2.5748319834144837,0.3882521180958163
3.5279984869505534,4.247703307162293,3.905424874618138,4.0726890440105805
3.4262922753792893,3.4217921897087535,3.448879298562822,3.287680855045713
4.00145354417111,2.8607041225067595,-1.3158122676215074,-1.2940323496868293
0.3087932915068843,-0.07651104076091193,0.1829300724878242,-0.43220219820973604
3.2081295831962824,3.9400568895596506,3.9031907593794206,4.457868459213648
3.8065064509418494,4.1535635244771365,3.9461673409742706,3.767490591182776
-0.1618170358435603,0.2686112539821531,0.30491738056232304,0.2800755283184018
-0.32537037360172993,-0.4090414633855753,0.11382018362344083,-0.11375293037176565
3.0250641968709058,3.1198969649833117,2.9653215634939447,3.05826401804853
-0.49929162747658096,-0.21454665252569363,-0.43554876055353225,0.10966106899117246
3.3214667102861615,3.3913480279366675,3.168988444893597,3.3716933860304517
1.3798418057626956,1.2327740950013943,1.1709898898358988,1.4116898981775112
-0.14927063491469866,0.076553256419007,-0.30318511082158517,0.07357961246893988
0.2185606202505401,-0.029627941760013966,-0.15899665926435427,-0.7329227357637944
2.4051512939099635,2.4858172986527993,2.346661760414608,2.5445808586540433
0.5684629607564682,0.6411518908836835,0.6531347215007451,0.5885427890810943
2.6047706671411768,2.6163660971419063,2.6993021583090036,2.693778499459128
1.201913417631687,1.236872241510903,1.166127416273161,0.9530228424042617
-0.09734617245567233,-0.05010008230714788,0.5789497301997066,0.05744469763197361
1.0798779073321594,1.1010548341013102,1.1596438787880008,1.178161704112217
3.897281875902845,3.3992038310213495,4.188483107315481,3.679259103566228
4.205014004180442,3.760997867530947,3.7558646072971884,3.619032309934216
0.12201835087910863,-0.1341250932741781,0.2280498698902631,-0.5511794587690924
4.63428346755975,4.153084901008469,4.334739924432345,4.089679680590698
0.023768104227183718,-0.08231897205670577,-0.3146975031955462,-0.022536176392149453
3.957634840097769,3.976569614198931,3.197652912909066,4.209447034291189
-1.8754930025350136,0.8896125135982356,1.0536664893898466,2.930510401484222
3.6367243339709603,4.194519422556431,3.7435493002550935,3.818867989839037
3.1119033668565375,4.195639427229418,4.124296662476443,3.73616996157512
-1.590451732707173,-1.4787860871846021,4.208929981619877,-1.023794206355884
-0.3155911270098311,-0.21052515588925633,0.14026514209050667,-0.08536601262026201
-0.16976403576815177,0.10294924710703314,0.15844259200589395,0.2957499736753639
2.2474322969232947,2.2651091176939504,2.2699008258627495,2.365063906047855
5.493243516250897,-0.8016172895339579,1.3896583553291402,5.108842322567288
-0.169100793346514,0.46437697968982894,0.3526205742886294,-0.06379490121418298
4.295304480766855,5.885069006254827,3.9004609803390506,5.441160360074167
0.08173857993438267,0.27536518384624237,-0.03937209580069861,0.08184748261957946
2.854898956637729,2.780096174446668,2.749360330564719,2.7337177577249006
-0.5104488284243076,-0.07156950546108184,0.1248371443432877,-0.03984035235359246
0.11470835094966797,0.18707787668057818,0.31039311154398286,-0.19131516303404164
5.008798921399515,4.278411432785752,3.3412737766454095,2.7995145361279308
0.15585700822499565,0.18832322890074704,-0.2906834263867567,0.18031412797516613
1.1233732691039842,0.9485382165081491,1.0163517536798936,1.0094074947478822
3.882380283419256,3.858198991155325,3.732003442215408,4.060211187861122
3.750930867343257,4.524422611902284,4.182674707123461,4.098767440651883
4.428423449109635,4.059606207478647,3.702819118057451,3.845333752380692
3.601333499345572,3.9012295140324467,4.0998217117508045,4.034378183215775
0.779596067948412,3.0685843892741422,1.1112846674513523,3.284806779865125
4.1667173403551,4.2825983167965065,4.243080198522296,3.844806196257896
3.6343440313990913,4.3464665541023875,4.080117586459587,4.245844831370316
1.1319565096714546,1.2565018646449164,1.2418465848537068,1.0406687433255097
0.31996273409083664,-0.27807659161034753,0.1345286892446172,-0.5638425731731203
4.003965481306109,4.3863900781836875,4.256347945072489,4.105937864646978
0.3978504178775996,-0.15607551340022385,0.2404632514644846,0.0869386796536837
4.181330319866539,4.165369515164069,4.3143202516478745,3.8488009444822775
3.46536373858122,3.591875204038751,3.5758356646679537,3.379765960371828
3.7225506989544312,4.317426441954973,3.7556994296070654,3.8765324314083185
4.4850449546499656,4.231287526154521,4.3094258682335,3.830262565929604
4.173726020728725,3.834902369886639,3.928223298531705,3.9414963667932423
4.172567596068458,4.049765526251493,4.663011460870663,4.079072108278004
-0.12042432853710441,0.20204738342949743,-0.12412706441401873,0.20278901790089324
-0.08805924814283905,4.073189413340784,-0.4286319171833384,5.756874599885537
4.031661480612265,3.923944119039061,4.025393875123584,3.813581853277005
3.382029427335816,4.325560318245733,3.872006657017225,3.978588714310246
-0.24574480298589804,-0.044413208709375804,0.3063618637528467,0.1367125900745809
-0.22056508683002293,0.15037469687022,0.3038217161869112,0.08362225682879994
1.6399092563030966,1.6206620624510057,1.8490544513574867,1.5624195675021908
-0.6157195214929817,0.18017132829315216,-0.4732346381481016,-0.27197685664930715
5.728689743648723,-0.05529493865930224,4.125592943401872,2.3217203535383613
0.06310125904014292,-0.13301324689440222,-0.09062870273079225,0.6813101302370081
2.738960502399425,2.8273628164191646,2.734482128479886,2.82552107589126
0.47197188893483755,0.3810074630473153,0.16613238227117336,-0.6478324938300142
4.225710034793744,4.07639628958184,4.215137784088346,4.37927430765706
1.531100054683253,0.1305614416768126,4.579551173026897,-1.109901256364969
3.187407504627475,3.165211161340142,3.248555054029255,3.1750322229513266
3.7888607441621835,4.131518921439186,4.354253252071554,4.181142507423691
1.9850309890467144,1.8770651154720674,1.8946907981740653,2.022510593762266
4.001337765862406,3.9207797859212636,4.127952365527325,4.132029215778335
0.48212548401501054,0.22134761771187172,-0.12112786016743791,-0.6343644441269
-0.037106619856709745,0.26645836240226267,-0.020886929616027776,-0.028695823347989865
4.033053457831296,3.793983177664364,3.8431317604501283,4.313294487755846
4.576913966891194,3.8991334394263975,4.342993452487154,4.184587882246722
3.835320647172445,4.069234758049483,3.6349254700934637,4.125105442282163
3.1251518502243636,2.9933193087308334,3.159940588463651,3.054839250903587
1.712981144011423,1.4873328091594613,1.639364528120819,1.4934205677045456
0.08628621391132076,-0.19141858122491862,0.14278016171283653,-0.11600866121092823
-1.812367683053938,-1.8056643650216522,5.130092196232598,3.769243663220318
4.2874573420894615,3.899959053927287,4.611235582712614,3.484097828853374
3.9674478385009295,3.7495342788707675,3.8079610978273446,4.251673033714343
1.3208684450076995,1.2248043513785092,1.268551373728164,1.1808702278378336
1.3769433471021284,1.2941757661104152,1.2917397984683479,1.2674102121994928
3.5890735950417207,3.5549111931505775,3.4915972281086463,3.381893401938935
1.2646615492943882,1.383973327796555,1.318131605668931,1.3602296896575838
2.0813812772369644,1.3430127646504184,1.3475163573788587,-1.049563986431143
3.4573061304556028,3.7057024864681494,4.096250074149582,4.137032618679024
-0.24611265604042107,-0.18679904666426797,0.0903871451947727,0.04647355792011313
-1.3672581435523758,4.285388807412966,-0.6112532647598234,3.2528433051509653
1.5691590986198192,1.6693910334073152,1.6379252852170185,1.5944916295081106
-0.24548261038807984,-0.19639295281280827,0.017312642027095235,-0.23888893928715146
-1.445843213979165,3.619693839860294,-1.3812872017235946,0.05555743888544029
3.6559012144869207,4.117343393289301,4.216984552955936,4.37833005299583
0.6752028093092602,-0.17128742605722896,-0.4510375197748183,-0.06970721894782195
3.787673157220435,4.206697048435915,4.323853249991499,4.150718960623597
5.358407752395604,-0.43563308230221764,0.832625764041433,2.2827910271989147
2.280284463121377,0.1796848773952311,3.422170328970825,2.3356267377864803
4.519016583939374,3.8502087759481634,3.5767649113627016,3.836551403395256
-1.9668577433210892,2.3048272993973677,5.3930462796380025,5.866852854289181
2.132845244911471,-0.565388044669116,5.874811470260072,2.6208673219979364
3.816692394441181,4.175726031689946,4.07787565029315,3.7615689917906594
-0.5475084975512787,0.05792823846862561,0.13184101099537088,0.41465203926121513
4.357394692465091,4.187178437735325,4.213204352480552,4.05278456848198
4.417752629225973,-0.16189272655688836,-0.7013618742693328,3.11428638335419
-0.052042090392398044,-0.5075253504338528,0.11031164831132312,-0.4545040542450849
-1.6628645092297267,2.5643281998541765,3.7946136268825077,0.2698491646244312
0.28023018612239514,0.09196196859407313,0.35351254460153464,-0.37006851091656817
-0.16468652885872226,0.5417910329797425,0.4556596870894619,-0.106200033825052
4.192894773159008,4.135261044468819,3.9336020234690685,3.558216113637053
-0.8695827000721179,2.2406139876014564,-1.7117453724694665,5.277379722800167
4.649749520929279,4.284504563480327,4.100456634930748,4.105246154064825
3.933792746153336,5.7449324033047064,5.966644927140659,-1.5907159750342954
3.9811453683312923,4.456199251964372,-0.6835503497720197,3.826846995808097
0.017815745313557663,0.7761026485689028,-0.19091130731973954,0.1559031324182323
1.3944403791211748,4.8892036985725,1.7570635813737203,0.3006783696251274
4.471660429293722,3.409687536838873,3.5027301718273383,4.248806048155064
4.055425660033234,4.400359402292056,4.304041311188586,3.721865460136913
5.612475975768747,5.7980596013655585,0.867288435214868,4.5723503150141696
3.601266958630057,3.681801523914992,3.659381343743489,3.725592480081502
-0.3014901460146312,0.19206560412595416,0.4124971894482597,-0.03913340669538711
-0.1348544012459081,-0.2669733170648801,0.08376501456419631,0.24334351339684493
4.375255614311291,4.0814728928928155,4.232647823932889,4.03514435888274
-0.1510753705348518,0.3096240533257381,0.27224488352722487,0.11973661435561342
3.8264511031463138,4.239247074769392,3.9208938770196373,4.057748105648616
3.867742006368906,3.89748486606887,4.182078302631442,4.289393797658215
0.09481105838567583,0.26561507858573474,4.945125785617648,5.818361946732581
-0.5620011791748354,4.324467210924706,0.41716099383832894,-1.615417411118992
3.65955084367212,3.7845757376479754,4.2819779720446265,4.322522312561917
2.6425373528748706,1.598058916390336,3.069171952724372,5.643234723915854
4.2185490382860555,3.6645748651611036,3.643091691024356,3.9694491997231744
4.639097459800239,3.8239259422624685,4.180015762051626,4.368378699849599
0.9797426782309877,1.1948775771064575,1.085790357987863,0.9563692037982052
0.04531100707521596,0.020820934508177073,-1.1404134590582973,-0.33815166147094017
3.843769589261867,4.216854043415788,4.20175171485995,3.9358081619781413
4.1492661417715615,4.181461370661279,4.356768374170712,4.434701586376174
0.056756692478807554,0.2481217524160401,0.3932628029096038,-0.4470640283488297
3.833022477043683,4.336703708282158,3.678540110132237,3.809721905026208
1.2017682364005218,0.4012814208692532,0.0049350337572819925,5.425630458831307
0.3393455715917968,0.040523301745409614,-0.3636806888688191,0.20723318187469283
1.2241711948742342,-1.7516535980246015,4.490820809676822,5.040964745480088
4.32819096029969,3.5525376819573355,3.8436406212353185,4.2931711107834545
0.06636030308888041,0.05720928285958499,0.08354529727415753,0.04001417605640088
4.0373904596829755,4.205872787316646,3.955988816873781,3.7903643336514823
2.829800845551322,2.892685371999215,2.7329405893643703,2.85310144522862
0.20917273337275008,-0.24599071008238282,0.34425225692336026,0.15895856328212918
0.14183245723486038,0.19504647029010067,0.07155036365637275,-0.6150653032149291
-0.1759847852556641,0.046287015165561336,-0.3441711423720706,0.4560499326619596
-0.3199838226134187,-0.022842135887312393,0.06621443724037747,-0.1706057236683025
3.978745492426357,4.033194803206948,3.7217082616595847,4.044513007288098
4.083355005844931,3.8767119405057464,3.476924272708243,3.630219638399498
-1.8939774387293697,3.6934465443602855,-0.24918742781735226,4.923590654865124
0.3849131960308719,0.09720884987682082,-0.11842647564695379,-0.2962714591016885
3.3570544576181307,3.98124619717833,3.8730388296147122,3.8936520954680893
4.077406603451315,4.005725937020359,3.787595142904406,3.8455748772326293
4.1573569760062785,4.199826090629808,4.134442782625824,4.148314712934268
0.06961109146167214,0.4502767864970193,0.14758713833896983,-0.056814656319809094
4.295921795638567,4.296718101042922,3.6532885212938657,3.703742764607473
3.7848747221620083,4.781156703531793,4.1934187964466645,3.7514941108962754
-0.01179880039347461,0.43467108348772826,-0.5611192436241602,-0.1796195300035288
4.309454262145598,4.1592095986958855,4.021136319400932,4.679438288903446
0.37824638076802847,0.40123614769236376,-0.2970824067958446,-0.16033416241250922
2.7294757967934893,2.6584122700066675,2.7419129443959327,2.8318685548401836
4.025855629880417,3.803802835729057,4.008065880837177,4.494882918998325
3.827031834591286,4.14762569972529,3.8439390489229033,4.463617095982766
0.7872065264249413,3.528286534587859,3.390687998031548,-0.9242730587152712
-0.034800115940692156,0.3040478847608337,0.31917150833690766,0.5104824504338235
3.9608585445818094,4.126554605173439,3.7200305261093027,4.433800402301662
3.87283300975457,4.351457525477848,3.8841260169212948,4.452477221317084
0.03497756600094766,0.5069792131801792,0.1557678551650127,0.443493100382199
1.9096627180175252,1.7660412881946077,1.8378008731623778,1.9189823287221068
3.96022976590322,4.265752333515335,3.7277224013580046,4.1563412543318154
0.5627401640140905,0.12470836196773019,0.04816332644391541,0.24592818288305673
3.0792430089540077,2.964956258803618,3.044658464217475,3.0318273810277754
-0.08165293970621797,-0.3480388984600586,-0.22795052657779893,-0.19631432574614793
3.527703160843747,3.7410615334839865,3.611398858830902,3.6902286546168046
1.8619952281018897,3.9090679792680696,-1.0899183412658484,-0.2675605084444008
2.329950353357159,4.14662643955889,5.78785983655323,2.4211598062338577
3.881095652311093,4.036942289525514,4.048957859945189,4.070882523058286
-1.990693422431396,-1.246025682406902,-1.297010568073972,-0.6502578592718837
1.9987155607664298,2.067196556551135,2.171185779526789,2.0535113253086847
-0.438125252735663,0.25762854457157,0.518170470374871,0.18200952691163044
0.39056331838086056,2.7230845244553734,-0.4031579656219275,-1.429685060006669
-1.690495205383887,4.674703488366283,4.124649224893274,1.5918694380504075
3.1318348342898883,2.9900882770389594,3.0651707376707793,2.936853417938375
0.07901227491266785,-0.09927064368105418,0.05633681992497623,0.44464903701251457
0.058970885794851026,-0.1898600875026974,0.002314097176258215,-0.18708875793592908
3.6410158333547957,4.1963475369079095,4.557144748201538,4.5094079700079694
-0.7799902880753056,5.301161981320075,0.8410808409174946,1.805476903113373
0.6293522028303572,-0.0051095128492829435,0.23581698242984656,0.28859059674515974
3.5848776965211933,4.031572978317424,3.9734015417890554,3.9529483917044623
3.491313460363946,4.310202956794016,4.192082352954069,4.49858425810399
3.886118498862995,3.779921410189818,4.295744475642864,4.25876605663877
0.2172398282037958,0.318181861845019,0.1385858388593121,0.2561968172501211
0.4388306888308041,0.2661623179815654,0.2809904493218353,0.26896720470656865
0.0018182141944987002,-0.42875268331052396,0.24077083515098832,0.5648646929250256
-0.1437368835943058,0.10801521842425103,0.11307603433128918,-0.33560868034367186
2.228700274609613,2.1992106571886065,2.1763678738787124,2.142024230354906
0.03234896468058334,0.30418760365348496,0.10543515496814064,0.013452658864302627
-0.02856076177740284,0.08360505501811631,0.1738624846719689,0.17390693374330007
2.9022388556687,5.592267772800335,0.4184748182536575,-1.7631290164747426
0.029089090999767246,0.15828738820517962,-0.2919035404545701,0.43446256556845897
-0.24873718458436578,4.498949565261429,3.7793078838406693,-0.7515347859007653
2.457877546219829,2.465924527885379,2.568964291613705,2.5199726170216694
0.1424694968810954,-0.560549943975165,-0.060797672149666186,-0.34027440788350244
-1.3016237518181377,-0.5843502894948696,-1.353762094530353,2.1213319929600347
2.045069027272252,1.915486663511151,1.791801320081917,1.983659783691879
3.670441540410012,3.8959211782593157,3.6983779331709066,3.8081586462966657
0.04498014854944812,0.16489277874011563,0.0911363792358569,0.0731297281592621
-0.18077256726829458,0.2097985663284728,0.554236025551358,0.25371037263644214
3.7779767247602103,4.080511922652871,4.016553347183273,3.724796971455314
0.3832988028618341,0.21937462069491173,0.5889533029621717,0.30618507361938807
0.08070035690163847,-0.41902775278049265,-0.1250273005020901,0.43046603956246277
0.11467944986760334,-0.12146909232417161,0.15914442410445492,-0.05958808215188823
4.331776154951355,4.086322718564717,3.6424671604019294,4.098952788073445
0.23607096657349347,0.08192195643380776,0.39327710895115714,-0.020430136408070683
2.301512446628467,2.2731251137358295,2.198909989269027,2.331716911829057
0.183371347932119,0.39280529220992716,0.2087638985152621,0.09609246382388097
-1.8183589475894788,2.03929605939335,4.092967613058113,4.658935615308527
-0.06005393179531128,0.10778624112668114,-0.032736182244332196,0.19993333809545363
3.7920403339918987,4.178574974386881,4.390841362542573,4.147744650092304
5.705587442310439,1.2320220067660275,5.94289753930196,5.7985333497406275
0.5064231722674882,-0.1406835936176533,-0.3058221395617786,-0.16286445394825583
0.34219687288423895,-0.23644966766629788,0.07957018751948966,-0.11168151940748576
-1.9978309693454213,3.4326325770096906,-1.9239853299657383,3.8488688435684493
1.6207237271088988,1.5038986367876588,1.4918807073407487,1.6651710629461407
3.712997496869014,4.2436776967211,3.966448708539387,3.9730389486904567
3.8154805486121814,3.9630617707630846,3.6339243853043848,4.132968577408855
0.09064638732653132,0.02762107941613038,0.14477322966674636,0.16057093230147335
4.428184491181821,4.260053091544196,4.306636715642796,3.653947362934464
-0.001838988313673694,-0.04777356277597945,-0.03643460262120662,-0.17506101501229707
-0.4815542387361177,0.037854204264185655,0.35736973711952974,-0.10447743565181407
1.9249943381258408,1.9037303477518095,2.1471589149024193,2.032410236756849
3.8066941103186887,4.404177844276424,3.6080163256972066,3.955107290290426
3.9733248197774365,3.9899805989338613,4.098678789857694,4.33174675269598
5.364316865549049,3.7279130622120897,0.8512737886208663,1.044221741838017
3.3828156708682924,3.3510530851521763,3.3401005986903867,3.3280454368662173
4.080780353827708,3.7681737235745776,4.2466464777542035,4.06748604918063
4.690333480375335,4.1017177738152855,3.986704998559501,3.7860247537192486
3.2824835215351333,5.165016611265616,-1.0861039417300322,0.784467839615484
-0.2881807411715757,-0.21662271476924566,-0.8522542067409826,-0.04682503552250917
-0.06798392239878001,-0.29856835355359396,0.19904377678389504,-0.23687138228194213
-0.44275685268436854,-0.2351446002432647,0.12015131249241887,-0.06466048895854487
0.36446499003157745,0.48123174116669226,0.4412340899703512,0.3041296699419543
0.15823903230809058,0.09902148590064722,0.2269979144588345,0.07964484517787558
4.046628603051832,3.9239215850012887,3.698722060355454,4.202950378539234
-0.9438117513209345,1.019646707428275,2.7516949846041516,2.3697077453466404
3.949700251277968,3.5467750959289552,3.875583235307462,4.448725453297321
4.486310705772235,3.3199182567872745,3.9600496323353993,3.820694919503237
0.05187998826285141,-0.4783308054331194,-0.0537877039654393,0.047884413993518206
5.903084369324214,1.4727351289126975,-0.7736141834128132,-1.268383715316448
-0.6371262559966091,4.364742427653346,3.0904464376858805,3.0146330084092963
3.473809646553536,-1.3762286174392093,4.421569759699592,0.7840205099652096
1.8424468346836045,1.8546579411042639,1.9005055263548498,1.69542642175179
4.308239859203793,3.5918135811371523,3.7670789815337145,3.9616521301129697
0.11693430478310791,0.24827837555958857,0.5903307268171972,-0.6276305310762654
0.3217889238701347,-0.24698554938434727,0.24179463348664623,0.2858492585434969
-0.16567588490547813,-0.01823823180349237,-0.15841216526454935,-0.041604883582453685
3.89536193573153,4.274350552014645,4.0270613282265275,4.195160127148339
4.105955888560756,3.863108781666731,4.279123553668342,4.159078127611684
0.5864200689465882,-0.07190098418823558,0.23062075809557994,0.40373075403450187
0.42521255852843876,-0.1415675191058045,-0.4474436024732686,0.055987715868175796
3.681756530592586,-1.2308754462339326,4.005384459851823,2.0527658460754097
0.46022708679115937,-0.15897422959010296,-0.14729168476975404,-0.3927495942907745
3.9257156129208868,3.96343065666675,4.102514777217179,4.052419542618351
-0.042020616056599826,-0.25852646875790564,-0.07668581115917907,-0.8395767316382173
3.6521407488696425,4.1828773902438305,3.4241254324678767,3.8720094513390517
-0.10644733742844562,0.11747527270503332,0.053157698759696365,-0.008990402114262677
3.9825740720811713,3.795558394597973,4.175162411408517,4.682411013611017
4.123966793310243,4.027364735572544,4.242103775139141,4.321359961618733
-0.3967419330170001,0.7318242191595501,-0.5004243941728165,0.10377022471078126
3.6749911201594405,3.7455021403132625,4.265169869535194,4.2647781045867585
-0.2892600104137184,-0.39624429425149443,-0.13341113365500942,0.10500274098216388
2.76172495170216,2.796983478652872,2.736356971026961,2.6805656636524766
-0.7119874303281586,-0.6036624362620655,1.5102435202442042,1.0193962080690548
3.86265058531478,4.0029539213506125,4.4555096895318975,4.240305181527514
3.6693893519815046,3.6039760122437747,3.5574365403984416,3.560820995529867
0.3614905808549205,0.4590694460437097,0.41813147994846445,0.3652650443917093
4.318223149199719,0.3468476925639594,1.1248093532199173,4.772209202885928
4.373757698192735,4.044029791056842,3.79316229587592,3.686619543945436
3.956836436101034,3.762711329138267,3.545759245634722,3.988950799282395
3.7409275061012677,1.8590531687240777,4.79600986152882,1.6172188285441118
2.679575638368719,2.7383453592292013,2.5077450191749167,2.58519393460807
0.3660235542714837,-0.1249035855899328,0.011449893600602324,0.188496030856551
0.4575749802010261,0.04570192586218298,0.18001633514175022,-0.13007018330082795
4.261150567300038,3.937109397028989,3.9559986065735355,4.414177369696227
-1.3152977071822587,2.4600555112432385,3.19720661092442,5.440212617734483
0.08890759681587132,0.16961896921164174,-0.20076168163933475,0.012975162869505974
3.8639971284405044,3.727368928322475,3.72156335687184,4.204526786986374
3.937271752965066,3.543769535504838,3.832078827305454,4.014103301812396
-0.3673587278448873,0.302595286892531,-0.14470959453254748,0.32393890509028067
-0.21842335928289994,-0.005613460602497141,-0.025703096436272638,0.04952868535013733
4.070321415299395,4.664349130387668,3.9560355372593983,3.951532386250596
4.1931545362041325,4.182335158034515,3.745994053815587,4.074326640172286
1.0161805403381432,0.9510381271117415,0.9942894472387942,0.9279694550386407
0.21166131739523264,-0.4434856307277491,-0.37535548205305624,0.15730330596781733
-0.4279452354496538,4.026343045214426,4.144376454538583,-0.5419971571135296
-0.0034410022622944625,0.12520476196523334,0.010445741731505434,0.041623279422009274
-0.24702942179569976,0.039064486247390874,0.3801895935163058,0.09982949317623512
-1.8986297136959545,4.491109022819339,-1.8015086485218017,5.068931967753197
1.4877586594546894,-0.25965561946053484,5.232843825362173,-1.969642193096715
3.8260656884189714,4.0547432054706105,4.684504857960283,4.262298077429051
4.155843227115836,4.028449710229722,4.394773432318546,4.40649333157238
4.0453387317845255,4.014725382493006,3.458718008474003,3.972669126192127
-0.03955963894111119,-0.41841255942281064,-0.22620245822197277,0.16211770360176952
0.2471689327827735,0.14827034971954228,0.02001459276721799,0.1978324187236987
-0.10382701015895833,0.03282094693237871,-0.231775119711732,0.22344579371853474
4.06486647976667,3.855361738697394,3.814499517607539,3.9202264904133495
4.448557610139981,3.5291703880680463,4.033930488014204,4.259262781267317
4.008208377777523,4.140386774938175,4.0663912140241925,3.763522354956673
4.5714170267010354,4.040047374780161,4.3845531517139005,3.652243967872725
-0.08179633846133509,0.007263408268588041,0.26126934203681973,0.18293715181178366
4.197339320986917,4.00662792599791,4.1446047746163215,3.7610307425899783
3.375649108107439,4.257834270740445,4.2696622031914355,3.6529615587087125
0.21607500692902218,-0.20183572084857346,0.37287536912473396,0.35525313850435236
0.4672721148378373,0.4927495024689662,-0.15812758256161283,-0.07354952054970472
-0.17935652417766149,-0.047498141114766045,-0.0629921207652584,0.09023863181011506
4.087429185287959,4.087846039541473,4.7253496774493575,3.9311917842556854
0.20461043305002305,0.08896697018596177,0.15700278913036306,0.07162820151891162
0.3924101615451976,5.9062319286599605,4.436046492731682,3.962324698693914
3.8869779980272052,3.896462672715792,3.560847098323393,3.4074103291920257
3.0110234901696735,3.200022499747058,3.1480997424588124,3.0144070734780795
3.134967723613425,3.228999600391822,3.318791743911701,3.2504618781414645
-0.3077700204918539,0.01445124704928526,-0.027556673499246075,-0.2980620569124257
-0.4112845410283823,-0.09974258260542417,0.5878234027164858,-0.6075137288992413
3.5424139442950997,3.5002790641683688,3.4050207229230938,3.4767920888546806
-1.0437392644795729,5.053651471269682,0.5034194303766997,5.819679100392443
4.243771174300375,4.191208355405077,4.099813581949897,4.077471040543697
4.001771793978075,4.368525338491957,3.7216618865849247,3.419540317318837
0.222528533374416,-0.031229315854984546,0.15156876333208918,-0.23297360038312753
4.444237922960592,3.6113195642840914,4.234150868423843,4.14010245452294
4.041134208242008,3.68435440180543,3.503848754913683,3.724061723793859
-0.38325318106888573,0.06027926985007014,-0.11526947128200113,0.3947182382391273
3.386343902176118,4.028277788368299,3.4902276378111314,4.357270030276994
1.071534350321096,1.0600623223902577,1.164722956449693,1.2463206755367542
3.6971988780023084,3.9588488261162365,3.7044146015417745,3.847589941367074
3.930318639208328,3.740431834237574,4.347357169059131,3.7921974344865337
2.836943369612529,-1.120772390236806,-1.6455419530637432,1.0007766063430896
1.9879407318139293,1.9046938641488718,1.8796356524313145,1.983701152777259
4.159344674007837,3.9030690131722596,3.9794511170650386,3.807028229272416
-1.3556886399235566,5.45477688600643,3.2891291475699793,4.556406523040196
3.0888602470590034,3.1223210157446353,3.220731723307471,3.1273705203085798
4.005538214099947,3.826622555476595,3.852636831027979,3.8196134527469137
3.9623650735673093,4.108463691423323,4.022731601897307,4.108630739520554
0.30974391472601326,-0.05830281801829051,0.17822107657172098,-0.05973371482717567
4.248262081196825,4.513498270964398,4.311411254851317,3.947402744324315
0.9784568078453031,0.9105083813036411,0.8675462021381659,1.0433008323618056
3.8761164070672716,4.333440160518746,3.7394496703014273,4.317918219030769
0.3740849283532736,0.057064370661504174,0.0019067627051154788,-0.37188692113396965
2.80301930275394,-0.6104562539198755,-0.43754996690987724,-1.1615319216690452
3.914290775394309,3.991988399484915,3.951104801817105,3.3658883811806453
3.2416344344333243,3.3789087088155654,3.3496951951241893,3.454743653755711
2.4676218291034644,2.598514981297754,2.54405459345952,2.5774605092865572
0.1651732027645434,0.1436100017076005,0.11215281152189546,0.0011499258877528497
3.8419561712109704,4.058015038302143,3.853442175204734,4.3292292988558945
0.29491001887777224,-0.05147880157701467,0.27945888401638974,0.1155198308331813
3.4343349810420887,4.221679061087831,3.931994779094675,3.653767318490153
3.793058017651317,4.2150751640030295,4.132742835841604,3.7205467410545876
-0.1735800755905609,0.4954309611291453,-0.7280037730179222,-0.12867378865685317
0.6218001594348168,-1.1907144767889424,-0.30401516760268343,3.642022416615662
2.162696081142003,-0.793027778086282,1.0196519576659968,-0.9339454858140632
3.72271244174713,4.16451858535005,3.7351157567483675,4.718071051266966
3.1270270472440123,0.8847904357997409,4.872860184723537,-0.2933608402676944
-0.4238338457989768,0.14610278813005603,-0.2940019941907443,0.3035818969103706
3.021219207476228,2.841599845526137,2.9747748879737665,3.035781113692173
1.4983209907906447,-0.7423853278159704,-0.7221542068417657,4.690171024964339
4.052895894194546,4.024734559374397,3.924986801107889,4.045293878732649
2.454015617888585,2.4926659413023153,2.5177667327778814,2.465963576978398
-0.356229978441643,0.14331971212752495,0.3252022487830844,0.0029313518825839226
3.737803286849083,3.3707322188587514,3.729480111708774,3.8540115919093005
0.10176865920462357,0.3787309610392516,-0.06602531070816957,-0.44617238032186507
-0.14403018655984567,-0.2770245589863362,0.3503821684615735,0.5054944486872804
1.5975532522761071,1.7857308559686467,1.646001550197044,1.6354487834557252
4.5514001757879265,3.4364716713438677,1.5493890763446858,-1.2742426250044243
3.4430014948137817,3.9355860819628083,4.117848280182239,3.6605037426060276
-0.26328548302497706,-0.12277248502260593,-0.061444050463310224,0.04718196852115699
4.122512224444903,4.32842557446384,4.138097176788948,4.088564783286568
0.24309767924535763,0.3503971774273834,0.14871867465710245,-0.3395869601883846
0.04843690902229064,-0.4918190902622328,0.5355506440549423,0.09303675618795786
4.082209583451442,4.248824683327672,4.200371918803697,4.106933419644174
3.5873678380557896,3.493062731593413,3.8092355170822794,4.50010773605318
-1.7928126150994936,5.087907116970413,-1.056588750247439,2.8442029493128915
2.194424071545642,2.07898365952521,2.0210723950055685,2.0774920361923885
2.257485791896963,2.55771544731361,2.4134494424902266,2.4548770501482173
0.19366011529641797,0.16979545549383626,0.2223154480781065,0.21775384972302964
4.152173828163259,4.496587148927814,4.0840579662724865,3.5169672041231035
0.7657128845375809,0.8876404037936519,0.9180524442117869,1.024178309762455
-0.06174347658484264,0.06946779370636441,0.1266985670855587,0.031191559338403993
0.2879119114042532,0.24875111970745473,-0.23273100612306657,0.353417101187988
0.09221526558822435,-0.18336760209144745,-0.11748594321588046,0.041993431834369085
3.8654495285030914,3.9719232465193364,4.565364243041573,4.340737198350048
-1.281639170477285,3.287093955300805,2.324128059256939,-0.6460444435929178
3.9551855985087054,3.816312075458011,3.794628071542672,3.880437247079864
-1.2671735934529496,2.703276899286389,-1.904706704665026,-1.3749747334995375
2.0297733662211686,-1.142785206223503,5.008418339128102,-0.6579541623458889
4.196524577451118,3.8470347390683477,4.463867802171496,4.128012009104557
3.553557595235318,4.2045390573086,4.039427989185652,3.909454763753735
0.7654745687953328,5.600797192654887,3.0940620396403515,0.04850088533486563
4.206953998785419,4.4743798802160395,4.225110138521589,3.4871596659385498
0.14564256782342766,0.20115371719415018,-0.09832927341635651,0.30386045845616233
1.7823554666566093,-0.4047674843642026,3.92548301052084,0.5631873916311845
4.318722344596591,4.358723976369543,4.025048876847342,4.04521423323269
3.5420566412567918,3.6314092509121334,3.6217466128739337,3.7421561716175082
0.5964823000104268,0.5257298863674222,-0.18241805751355525,-0.41076557846910294
2.4322720058082927,-0.7903035665703175,4.424705586092982,4.514269950446695
2.9074864833922427,2.948043208320441,2.8789737635670036,3.0507427734579524
0.3173587641516306,0.10854460409467016,-0.05442823890803125,0.06986073970186335
3.6103358134650776,3.770626596984369,3.7531642199141295,3.663847689501205
0.14645121832883579,-0.8695317242007832,1.5777055752267426,1.3800612459196442
-0.5275229035801376,-0.08373566383390584,-0.4297147385270695,0.4107636226479098
4.095776464829346,3.7132031184606227,4.108416090649729,3.8661784341006693
-0.1302014214895945,-0.5003067684443703,0.015066577429220792,-0.33276928297488184
3.554281575891068,3.7762719529587687,3.8451803557636772,4.138000769073535
3.6059873340769983,3.5471194207538934,3.795036334497341,3.6202589449852507
-0.056252666067290846,1.2051550735403058,2.1613366457445355,3.275514107971156
3.6790148139518477,4.195422622702059,3.720876325231797,4.170228637861017
4.051542579858389,3.733044374317734,4.1239100009892065,4.258093673484154
4.259182558096216,3.7260974945122474,4.126130898378301,3.9795150377382367
0.3417207180498423,5.768117253760084,-0.4356269032177611,3.8250183578095074
3.4419102866705815,3.5875420968910405,3.5217556580083853,3.446441755497417
0.995201674748575,5.9928704523575975,-1.0343291019238263,2.0299908360955694
0.334020503410764,0.0428970084501484,-0.37705014376010443,0.07859675903500231
0.4751368832871418,-0.1608365501051423,0.17314491704057425,0.24224917129549114
3.5557304474035476,3.632192015448749,3.5981420700023143,3.5903338389704462
4.223451457316468,4.373958959950825,3.6674073806307637,3.5678282315552714
-0.3653810319962398,0.3856775167241998,-0.32723532864544264,0.005988331171299757
2.6073816182247076,2.6917428719370267,2.6147856634787137,2.6555046768329755
0.6063841399451699,0.65230602571322,0.7608983712926617,0.7672889345306694
3.545288241950232,4.068342566878032,4.084273150150835,4.352433563075992
1.3674424646644243,1.3698192684960986,1.1925183213386583,1.4741095414865066
0.3437128525962496,5.490169084730861,2.2370593847503324,-0.4958122743320139
0.05317746213328345,2.767821557980332,4.434245697553073,3.9459134378405567
-0.4207845811769175,-1.5066365853593213,4.188120664434184,3.248382824927872
4.057275615595142,3.664482944831843,3.863414575744282,4.039164637022917
5.557735898322542,-1.8457409420548618,3.172920773546595,-0.7438973189400331
1.87391190545301,3.1731923121316106,0.4970124062899135,-1.4646912926413034
-0.0365224485771276,-0.5288693203203223,0.34742066233195584,-0.20482941595121137
0.6261340078764556,0.04933236906894749,0.34506166276398964,-0.38020561470306824
2.0146452470849585,5.383408950907537,-0.44796417225371954,0.4697313342933027
0.21099303534201905,-0.17943159940224762,0.6602106297651383,0.2064890790666265
-0.022369107850836286,-0.4841193301627263,0.16437718747551153,0.43306552930552383
2.323133195980921,2.1773616687999207,2.24390006631484,2.0598383643730327
5.647826447466974,-0.5371640316285458,-0.685606021917021,1.5692140112132291
3.913915484190933,4.590395391658005,3.7728924104848813,4.443349756647875
3.0500513607734288,0.2992131788006116,0.018913842806116854,2.5747678758590613
1.037412523101679,3.2939681196319963,1.0594152882112544,2.470987599080871
4.121028185888208,4.148583674411976,3.86797121123664,4.378602390619123
-0.05537975315185517,-0.6708506526051331,-0.10740603076900261,-0.06841036148577516
0.7898898615000021,0.8418148177079847,0.6148822085433809,0.8178030397463063
0.010782150751175558,0.25503086505733114,0.11486107170805956,0.09763908845463917
3.792626432679127,3.483050307347514,4.6193987930400535,3.8682098317250593
3.54412143147285,4.683744256275619,3.852498662895675,3.3606580848753267
0.2541780949938529,-0.006968457611336204,0.05046858224801919,0.026514872521832964
0.8544595044879796,0.6807400547621654,0.7134504846025193,0.6560078226708146
-0.1994337756526142,-0.1066839384890877,-0.24047153424072615,-0.15391518313302013
2.0590586758169858,-0.3852652903041722,3.083621413304839,3.1719338000699535
0.015312251381800274,0.060086251319241786,-0.03422394945394418,-0.1658835923225058
-0.47939772293015803,1.1914488689316691,3.492960630409814,5.593098977577318
4.133818797144298,3.786842601132132,4.085343839674569,4.14476452223636
1.182779893491281,3.4407560101055354,4.202749901966937,3.669767556067665
0.07532250572685695,-0.3236690738069089,-0.2786813162872725,-0.21903325793654607
4.27001076994936,3.739681547658585,3.8269120967254464,4.060261667329528
0.07888771655074371,0.19261264481617396,-0.834251182464426,0.12102096287055364
1.7188148910791863,1.6929017180905752,1.6655273111491375,1.6131087311436514
3.9033532081638036,3.826394539867517,4.272587671633878,4.2976933278186875
-0.008237513006871266,-0.029427474838079903,-0.4591538692066872,0.3223395421606523
2.4933051309385927,2.6277741465666846,2.7078294370716716,2.567897404840168
1.100764348356134,-0.2047505456698282,1.929443421755355,-0.5734209632484619
3.928717954054704,4.005892344734816,3.9187139485245632,3.996012824540122
3.088963185699166,3.0251572273070946,3.0000572733980033,3.0192080720012884
3.9034200609519627,3.9128968119710317,3.234467865420783,4.030479792877645
-0.1721414784840332,-0.06544425410194558,-0.1861144207245232,0.1703584495015543
3.9111045797387103,4.0363891976135,3.7314007285335276,3.7420674790971824
3.570219647609999,3.9944364453365613,4.537256674412822,4.364728266467298
4.24284564817199,4.361240573165516,4.1490010689319075,3.953326911862596
-0.07861139984808485,3.7915515893697513,0.021757138878453652,4.274367130179447
0.46460467163339214,-0.0419722055825123,0.12341032556396517,-0.277640091929282
1.109430352238019,1.0040883585274338,0.9131339635588189,1.0273905421440381
0.15389485487961727,-0.008076777170481724,0.09347445101486401,-0.04261521813875488
0.10272677282399605,0.37260498679308846,-0.049462553705962684,0.004671534904763554
4.157767846346931,3.7580804061809707,4.703263816825233,4.248395658061955
3.7729692035678144,4.076510820135551,3.807086800787727,3.5647781636901312
-1.2111076024260266,3.0495631456716525,4.785821602260911,2.259568206487387
1.0245642991148893,0.9785176289138984,1.1356511977691177,1.1033926391817115
-0.11498103987109039,0.3523134454628088,0.11240230584748999,0.10088890346536691
0.2511306641703125,-0.32976458717751067,0.17811933637485902,0.15979721838401653
3.608740449037032,3.696362458262637,3.643552553477372,3.6565283427989765
4.369787163308552,-0.8714448089557365,4.1113987217891035,2.0088555148207154
-0.5295461367347647,4.437968659009235,-1.1405570522323094,-0.1692015023133253
3.981752501204658,4.386572332098623,4.512937527538924,3.750599825872579
0.18179107145401172,0.1919905774493225,-0.5147704469863893,-0.2035121434184799
0.4299720391739249,0.39306868044238047,-0.15905145275183113,-0.044105620843212824
2.999785261867138,3.13881812663324,3.1033743966974368,3.1965918630641386
2.919491479332942,2.937916114623058,2.9969632236698382,2.873391816444045
-1.3621815452541206,-1.75644018709444,1.1901700773490047,2.976647974800396
0.49464535844574237,0.5146405776509971,-0.07029561736763024,-0.4445875368308564
0.22561010048018437,0.020892224845606783,-0.07963368746873196,0.27887534098281325
0.15840314219376242,0.4263128305104994,0.5162760959430225,-0.47053201404940725
-0.24407142764626136,-0.4991185239995137,0.07002219354863098,-0.49958412624894705
0.5317866765948948,0.4171959054514685,0.4332480022368036,0.23965381728911042
-0.0025981400224756703,0.29304389474088305,-0.5253211047577109,-0.19975709010581627
4.363626100885315,3.949593118953696,4.734343866142168,4.257683705980464
4.105237055912004,3.8030725034873125,3.7240875135477873,3.6175061343700663
3.97068108504057,3.663291523278457,3.636864256065018,4.026962528244206
3.48567211588272,3.611775880300229,3.9763253214307355,3.5801150115574236
3.8781245162704536,4.329929797987452,4.499217460147152,3.993601937949383
4.9152264804169175,4.088965483546598,3.8554471579383023,4.279235954958223
1.0424076361168744,1.1837147112363036,1.125362479343862,1.0892855943755864
1.4781690836239745,1.546362703227081,1.5775349598182529,1.4449869621980254
3.930276999833787,3.9966068023961356,4.02584551430425,3.8600328050117234
0.006915662477841073,0.40146615957917653,0.025197856839492105,0.07418520907128563
0.07439396542426156,0.24515648403522242,0.028245865656663587,-0.07005119793903
-0.13451749153828235,0.12384562850630731,0.1802647526076058,-0.3394922780253457
3.010132464503715,2.9512942193953022,3.0907240919203733,3.0969675206371794
-0.6366896649127775,-0.2178342082552038,-0.1770974753858593,-0.10438930138047793
1.006608616844947,1.2819553002812119,1.1712205573806642,1.177846944676033
1.2817060312674113,1.3375933053994704,1.347680256817088,1.473229077572888
4.390100853763723,3.8177732026339934,3.759534696609028,4.182638504745866
3.9200873044213744,4.241425953674052,3.474808026444569,4.461967172531581
1.919699674414721,-1.4276323343158275,5.513534383391336,3.209374185111492
3.861565941053622,3.5417292201239134,4.318503649564292,3.587815852644574
1.9195725339136742,1.819292253184959,2.110120638644607,2.049088464083732
3.063257127341871,3.1320301414398823,3.0547063059214286,2.9452063912124378
3.79296513366022,3.960511535028739,4.090416991428932,4.417291049565902
0.47265028075272164,0.09916898296465339,-0.0538765502937307,-0.049030749196848786
0.024447269611023514,-0.014703509638338254,0.44491175242959047,0.2162968175111726
2.5905631275621803,2.501764446082561,2.5778754761396447,2.460972950840225
4.050907433701676,3.791309347233971,4.153312874378963,3.9357230929878817
1.728787965396712,1.9194998446170919,2.080696202333192,2.038323222281395
-0.5772794045169531,5.152164421937877,3.0038068726734313,5.917600886237707
-0.4881501591625149,0.0780029046491524,-0.18235578924737042,0.35960037148377383
3.855700442572449,4.1273945725203305,4.0529391491256135,3.830994314881381
1.2899355513840032,-0.7591150769431199,5.279533612106486,1.245067698465216
3.8996001085272862,5.384287666882696,1.837433614457483,-1.2548397027937597
-0.23677665893290756,0.05918074951182287,-0.11075261168334018,-0.0585325410637766
4.23871167978273,3.838551458236186,3.5362015275853156,3.6523089339229884
-0.07531123656361279,0.23185361870187254,0.4866625463550454,-0.14914804400665965
0.3508360772964343,4.985749304136554,-0.7904203902627458,-1.1320950242327577
-1.863364475632924,4.691139269651195,5.303361010176008,0.9787057473110643
2.3678473312215056,2.337733587618155,1.635932016838173,5.7115650848598465
4.030858462061581,3.532755784136577,4.194654083613206,3.582317069133539
3.0638863898353677,3.8706140890716423,4.1854482560092325,3.239422426698165
4.264337899800655,4.46630431109842,3.9521550208179845,3.3212749173721825
-0.3359767541500847,-0.10778901476955109,-0.48290852523523997,0.004071018567592946
3.737385225705901,3.7422239770520354,3.855761050930277,3.750483545140567
0.7627265666787416,0.6705649006144767,0.583769178829955,0.6331356867780463
3.935976882208258,3.975939995813622,3.665847163535401,3.949360723582647
-0.09236370797289029,0.026253003056613933,-0.09122588776470307,-0.2909392810520601
0.8236384795321754,0.9265627892838098,0.839052880239277,0.8264276803829856
0.9545996231335094,0.8997438221324067,0.9676686628107174,0.7977093269461912
3.8590406034078097,4.435001922416334,4.0232412058415195,4.323556214135229
0.9235688644203952,0.1888350196087183,5.641398571794146,4.273076536973603
-0.035855634129022686,0.29307646937249476,-0.2262606488172574,-0.37853100352411273
3.678426472296793,3.6543340011923897,4.175248520992629,3.643963519150714
3.9792665610136377,3.688518546195609,3.656669215154132,4.1109889429391195
1.8377040398745692,1.9828944897031326,1.9131228071529365,1.8531647139211784
4.043243913780209,3.972079910862275,4.571560466708716,4.302206161831999
3.9500584636456115,4.6186190161301175,4.192958360113977,4.0700975336101815
4.0080206121243505,4.14484721417056,3.873910681205951,3.4186285454030996
-0.10385014440065943,-0.32779059735201965,-0.2473501724260863,0.4285991503317896
1.0165047367958273,0.9868084299053467,0.9948250511680594,1.0016169745493904
-0.13648895712436562,-0.23887381764838897,-0.23898904621871425,-0.15954369505366595
0.15209294529607995,-0.0879287103261101,-0.008683783493021622,-0.010892212439680365
4.2067291177492425,5.192321238544225,-1.4089273151910522,-0.6553308328170342
4.2175386328087745,4.161775473025237,4.199259053739072,4.327200718592949
3.2871584002673657,3.207307192946936,3.308277946442353,3.2380139252163724
4.432222915438729,4.427851083051074,3.840608429892272,3.7353137779937677
0.1235156492265801,-0.1266344190781758,-0.23214177153260335,-0.11212350831333089
3.0869114526852837,3.195056290789328,3.0853619854711885,3.099606185565684
4.429497072629154,4.388739127223407,0.699127154821535,4.66419190638844
4.386013566763515,4.070100977938882,3.808891925488864,4.345094268592994
-0.21536726754406896,-0.2469576115414731,0.4607752704502131,0.3923220160139274
4.113423724288491,4.098742165540127,3.6228459841367147,4.135801908857364
3.87244118548317,4.181601306855708,3.7035855011614074,4.134782951536916
0.44232150477363685,-0.15715800314523912,-0.04079472062793471,-0.24166859590730455
-1.5501843857703372,3.410852606671795,2.729397580009592,1.063311874683266
4.005104922737597,3.883733447320783,3.8759040777730216,3.5892668802540784
4.0241299554557495,3.789354257974968,3.593854113636427,4.2793994708078875
0.12182135854395341,-0.08085567156402178,-0.0010227439614393938,-0.1513749808837384
0.5730901546694549,0.5340619831302338,0.4049668663319215,0.42110785312294396
3.9402972192097403,3.901270547064,4.100607143644647,4.145935521630506
4.064259338344196,4.423008877609629,3.4955338998722176,4.324251305099847
0.041709991175300186,0.007672964026782242,-0.05893287545433768,0.3936765610564901
0.5950507521936785,4.403930048501517,0.35260475588086493,0.8778035973775138
4.045146964956009,3.913343826899479,4.33696986531354,3.7273271073032754
5.852799139085181,-0.8904771336402293,-0.12255805407429765,5.464110917037958
1.9713876767115668,4.048199662960159,0.048705427665198364,-1.775954209825735
3.897233137349852,4.153551821104004,3.9649086175982666,4.133054565528187
0.9514080412663717,0.8817797887274372,0.9777908133673833,0.9104520771353009
0.042727675503882,0.1623693891593018,0.4020296110609304,-0.470776838218339
4.058353924776768,4.8375913499092125,3.84718150190502,4.0062553049371035
3.0656115508158965,1.9825356417811815,1.8038274130797527,-0.7045674346733151
-0.3171231424596895,-0.026749109748094593,0.6497104149879206,0.20228583406871192
4.138092764194493,3.9434666402865433,3.99202472727598,3.7386156407712874
1.0675581167266799,3.0303011488994684,5.8379174208267175,3.2295526909793777
0.12111091520903305,-0.06297790236721067,-0.15783277893633005,-0.07908860960192846
0.10279139441076833,-0.037931269112890305,0.35277323155038215,0.2040214598602289
3.764895215100586,4.362742659003117,3.863604290487125,4.007410174165261
3.8064800109681807,3.8527363994069908,4.122592572968479,4.476808205974255
3.997101130398308,0.12015684337966182,-1.5204072375195388,-0.7168302577907664
3.9496553170938786,4.278460207820144,4.00877326529635,4.509359508605186
-0.05778449573822714,0.13474068400791506,-0.04360906294626311,0.5606179370519425
0.5218150800868426,0.7500625424994072,0.779267371603468,0.7087568409966767
3.9228140623375363,4.311252590605181,3.9688207720263513,3.84394538327706
3.78776965292829,3.7092090699335643,3.7264886502261025,3.780443971788191
3.7418222345381724,4.397616382006136,3.99428860102117,3.5078880639786743
-0.4452984936121912,0.2958751718369479,-0.14269156785751727,0.07045312730348732
3.972128906399048,3.3496576470401425,4.507705090058346,3.7847743111892873
4.492239133970294,3.958947127370329,4.717923792567992,4.0700502436888755
-0.3520575285625042,-0.07070558626034006,0.007295143459377517,-0.12118798047882928
3.8120384036069503,3.8513163523232525,4.045939420118266,4.39447375393375
4.0121021117749995,4.205942776009806,4.201415245511281,4.706570662421029
4.145393688021952,4.201291281576533,4.26639742063833,4.148184703139696
-1.4397228330505394,0.9537733333700977,3.3463532516797816,3.623050258967007
-0.37535696204195856,-0.3552982015534991,-0.45543239257909757,-0.13835622394101663
0.2503496801877199,-0.2830151809172041,-0.020349025739420986,0.455841329004296
3.6868619654361754,4.179545195911724,4.0154885741070885,3.8140478861151306
0.3267054964853387,0.34274159521703496,0.3010865266086322,0.21473645019811421
4.303422946825269,4.398405592024927,3.911916819791384,4.180106425393481
4.192402271526687,4.836846022385043,3.7234807782461785,3.895186308339179
3.9495250880968698,4.090863074462034,4.107755568835102,4.246902756553594
1.8477670705477944,1.9271021688592078,1.7976263249630682,1.8701240869251887
0.12415892446072707,0.014202564272139898,0.08398307137707682,0.4787763514831346
-1.129219270362852,-0.15766692353492573,4.213525621007846,-1.3884360149288488
2.8717425959458494,3.5112151014820965,2.9270848011743347,5.22476569499413
2.601138415611424,4.471465729933406,4.403219283782654,0.06137639990478405
3.7696541993400414,4.116166970835369,3.6361247365445424,4.605614187876448
0.40787399056311013,0.2806256461001609,0.5000550020804143,0.453517894841495
-0.12919795338269077,-0.04392473236033543,0.34805278410161367,-0.1924537007494367
-0.5359580558037016,-0.045718349404928346,-0.13607075285625864,0.29977584091416104
-0.3779315138279981,-0.005837626911996708,-0.1887036764060109,0.3287765333455758
1.5254216873609092,1.5543421741058716,1.5538802170473682,1.5634323935890873
0.028038248838645353,0.43787678046852624,0.4186058789270864,-0.10768077787267838
3.98833460219936,4.077730013013291,4.056276414992189,3.8519548638166214
4.031791900282694,3.634580213441344,4.586579493219855,3.7395397603593326
1.605755734136205,1.550398471847499,1.612468652588935,1.5276550027148679
0.6617790248176367,0.656035826692136,0.30121616936366313,0.11585591975245679
3.6659348289361744,4.11838687646403,4.266937505723103,4.568721244981976
-0.2275885270080073,-0.360012983395507,0.292239730577327,0.04808811632888193
2.625820796650922,2.598149580941158,2.5832118055471196,2.5793287677295655
4.28476637494512,3.924676564781081,4.2654304752994925,3.319149467999158
5.65909725220053,5.384265810761629,-0.36521520167469124,4.697063124227439
3.9264132045920026,3.1638842032638106,3.447733082616499,4.099721949368497
3.8652328551689887,3.8759100269103186,3.980951271150078,3.902721992496501
3.9152559306891854,3.803900486866998,4.132821912280663,3.860671916687216
-0.07190063444331322,0.042992319752361764,0.0761449429648882,0.08511760673131119
4.624151826780753,3.3839654799743144,-1.4526490819933722,1.796256681438794
0.49673194604225035,0.1443861178236254,-0.09306826601441236,-0.16564322514983557
-0.14269433037193163,-0.29158105112563515,-0.471158580318363,-0.5381666762778711
0.01988471839346198,0.03618476030577679,-0.0699559723903369,-0.29185650158045795
3.53828024503654,4.096376282652817,3.581858006987482,3.9168005331730065
0.29936698971593506,0.5058110493888732,-0.23827570766088302,0.0647405086598621
4.080890306490829,3.804306688395928,3.6101491330039623,3.699275208699386
0.6304952726888999,0.7218775245942557,0.6809016868601319,0.5747776140398893
3.907684385423726,4.378250084427107,3.7051171473057485,4.1563224591809576
0.039446776918385516,-0.34701266658711655,0.14983706773875932,0.21290794204871075
-0.0379158541362675,0.22271177629280245,0.1876290978631503,0.6238616041073032
4.442402042288139,4.082228446326113,3.977906854765059,3.979071693008043
3.8032731027986175,3.747301053409083,3.791503901014754,3.659096015516987
5.762011808864107,2.896096639365167,5.188658897528689,3.3653409385071233
2.4768899876736103,1.8596904153172584,4.522820912367686,3.785935399650773
0.006436867213471603,0.5518045152377832,-0.01583284150819466,-0.4480205443988761
1.4147510342919347,1.292770995359683,1.3658128914406127,1.4283466212540838
3.892158268194532,3.6884063896570236,3.978242918828868,3.919373708232597
3.9315761570987418,4.026894730934261,3.624302479200476,3.7793957371333105
4.208935492338805,4.4493245759599125,4.73838843547402,3.924660270521937
3.5583290596512356,4.5640789318159065,3.836885426073645,3.8377633428505327
0.015841702622317967,-0.48622559409595717,-0.07367929978463135,0.014432568940985113
5.263649599702952,1.9717179233783053,-0.5926457295293979,4.303751902762024
-0.10757818502207955,-0.01857928457376122,0.03695723195200301,0.40092455122678555
0.3910642358317597,0.342437174869811,0.5146292634173777,0.5461516433511365
-0.07449509197091064,0.9210417586834998,1.7381802796287298,0.9218527613661269
-1.1780246223689312,0.6935193424946258,3.038006248174855,0.25041532091730634
1.9508711391903149,2.188680683603465,2.12031765000767,1.9604611041280051
-0.3767006056987446,-0.16558106270882209,-0.07356100250555851,-0.1084919795595639
0.41336463570442117,-0.5904277270459648,-0.7547253996389749,1.3371120222396717
0.16171486280500413,0.11490052564805409,0.07992427912837817,0.25908692177290527
3.69197201943721,3.9400219857763883,3.5836261572976946,3.8936944088518395
-0.08745201376960952,0.07361382217790759,-0.050527929489141823,0.07320808144214838
0.13025930042795883,0.26416072467707913,0.10348120070801912,0.10373097883804767
-0.08633530906833593,0.30348478301789417,0.637744987382637,-0.018696802557460982
-0.2960411667870966,0.017787340168412023,0.5232123261032501,-0.29032331870984335
0.6900743009010208,0.5676298809276475,0.5071941556971485,0.46692248913761336
0.22894815424635473,-0.5422863831727716,-0.09422231227268241,0.03412679186395119
4.05068024617083,3.9513268713421836,3.996259256887995,4.007320031722544
3.7009150354940124,-1.5643471765135892,0.7888567926120489,3.4978452362455315
-0.025700656185671557,0.5958728886699406,-0.2696409195692384,0.07214572444608933
2.6477302370155567,3.50538972743474,-1.6142686966285371,5.299661898040099
4.172458232451405,4.004862622810607,4.000805958951883,4.0748161244475085
2.978662692068072,5.423601613592189,0.8467790899440129,4.701896922124727
3.5664178516638576,4.2143474663613825,4.096556413363209,3.316936864296342
3.7635361331322628,4.422564267905222,3.978387127550796,4.3765754418772564
4.212516995024731,3.5620621138871127,4.079442103042977,3.510556700932736
0.30695729333400223,-0.5366803695752768,-0.05315693405756246,-0.04869195991073922
1.9106494371461986,-1.382905828122647,3.762614447823702,-0.7453787550121778
1.5850822926651809,5.67036085087241,2.510405006984966,1.401496314106776
0.5694493059751081,0.5330559674771431,0.3899299747022236,0.6164908713799776
3.35531149893376,3.4286014058518055,3.4702688339649437,3.295246213901916
2.3484416658161704,4.133910563186619,2.096874339511002,2.8520725850425084
2.6268083707852847,4.381674845931809,2.3497763503433235,3.600399240131245
3.8621351357479816,4.037746590439678,3.6640160291000106,3.8434339136561406
1.4612894006472934,1.5197594170049162,1.3159309484216122,1.5746036614625212
3.281369768938432,3.2938165630881624,3.3432953494715703,3.4695830055630106
1.4336449035468528,1.3978148547409415,1.4073645876087961,1.3458738073633811
0.8938982955216023,0.6993445581119749,0.7647419248364731,0.8524259065600128
0.3567451454166432,0.41791987217489773,-0.09500998617100673,-0.07967284760357461
3.833825747485289,4.214053514396712,3.862714594823029,4.032355109217016
3.981078615159859,4.061996377457215,4.16339431462354,4.1441012952765375
5.749212699901107,5.5012366835127775,4.705821530387019,4.8376102118740345
-1.3059828572565193,2.520149953719968,0.05413299754015366,3.398656252683611
0.2390003604316411,-0.25112501634958784,0.328233030039605,-0.050039247387072855
0.15696553238478947,-0.1280069309981403,-0.5266205533652419,-0.10458225442155297
3.8930540125828585,-0.532949863536551,-0.6325380476191311,0.024653291941445943
4.714732415800862,4.033802559460536,4.12340248077881,4.0608214555411895
0.12801053975256546,-0.21249674532406446,0.2879491349981192,-0.09427517595582897
-0.16459263845585947,-0.7671163812203575,-0.164676123996666,-0.2934173118252851
0.11247556007202812,-0.684525727891944,-0.3354896635374474,-0.009423945955938743
0.6448697682168545,0.6291056423717283,0.7228975760471642,0.618210217138701
1.8229469517376324,1.7804318100687901,1.872527398484343,1.894325659033091
-0.27220844767665414,-0.048435341485246024,-0.11004341509573534,0.49732869896419507
3.8172630161772547,4.022969657191982,4.183254535464596,3.837955965459896
2.6982075778179238,2.5835974830706996,2.652221561158015,2.6818178381746205
3.758844196345085,3.9307418967942933,4.107565358005213,3.7919090150065227
3.941661274461437,3.696542364515716,3.5701151806037013,4.702761093980515
3.68086039321241,3.767543965165134,4.185107921217472,3.9662880887667264
-1.462708583729417,-0.3334949526947497,1.9850069911370714,4.926702834338451
3.75926617972122,3.9010969568537326,3.9960464067633086,3.842955541560458
0.35622524480688394,0.04371505637333341,-0.2569949631317986,-0.3530544957568836
1.4482266068389893,1.4255355115199844,1.5128611666013425,1.4457371284153455
-0.07459675511549199,-0.20089414429305738,-0.0040811657026053015,0.20586020581587297
0.04657089254881426,0.07034974966926102,0.16286824525149296,0.06649641924452662
-0.06608773959001914,0.5584692371495454,0.28079653526289516,0.11406574345985156
2.8333855817640075,2.839615147045957,3.142302035761471,0.4410866944037206
4.176461922408912,4.112309926223084,4.312329076574741,3.750277352293825
3.7161402781458435,4.612129598362229,4.304775091966025,3.5098635494447286
3.9468584908788262,4.522963511378799,4.264818531063444,4.017722322317626
-0.21478121863048893,-0.23230484517713165,0.08084180500811881,-0.29966347498052764
4.773148661501628,-0.2012765270903616,2.775676824118423,2.2711546138414187
4.6139461860347275,3.9976163528357302,3.6766464534189627,4.3685270878073865
4.392019726566843,3.5333131250806593,3.893072943658444,4.1755277049700075
2.3512636750691307,3.6020196345887987,3.0396048992487,3.5419360297564806
3.6957847785282665,4.1896698355335396,4.375822491467742,4.0545117945457045
0.2321263077715832,0.062224573343661105,0.29941591858552624,-0.6701715756882877
3.911731545928399,0.2685425481818209,-0.5112279305135257,-1.7998451639177633
-0.20736013359983327,0.11267469193307954,0.07838176594061257,-0.03853552630003279
0.45763327093208334,-0.27602793254688407,-0.1872074550719595,0.5413308970207804
1.1642335391877854,4.112654704998904,4.293238365415762,5.568673505934589
3.6076113919281214,3.7422739992608105,3.7127366799508312,3.737688422038543
4.063765392204918,4.368686953654926,3.7324338733180915,3.8229995762674047
0.13152927084733637,-0.17044178781352337,-0.21611739407690134,0.47403108237627445
3.620802970531751,4.064091877741394,3.781294431891844,4.1120729679329795
0.9392708131724387,0.9224834843316319,0.9542464963178121,0.7640194329010996
1.5857797214459048,1.482720525866718,1.529750072931018,1.4636640630795228
2.8367711494249175,1.5262035280663548,5.5370827795825726,2.9492973652951475
-0.3970308797403793,0.2488641432956719,-0.2284585761875001,0.1133113691448759
4.00536027863071,4.194399849716876,4.065442505531986,3.4551138846993084
3.696112352247981,3.7318389955173594,3.614466225373173,3.7296333978762246
-1.9530169072292836,2.5974438446708152,-0.6201871999714212,2.826334246239191
-0.14086500386516776,0.0141718841197253,-0.3241239014930983,0.0482667500476343
0.44067566877713343,0.4030164143538329,0.20076415092473623,-0.042550345742561474
1.0728321571259114,1.2971980318482503,1.178956030835759,1.2524713672646381
0.39965996516847163,-0.11748831314977724,0.06327488886660321,-0.019223022048947092
0.008433529879867254,-0.32468830865404497,0.055885481368224355,-0.11438143835522341
-0.22693116281973696,0.09650597275986798,0.22828481793849886,0.09704065435706855
-0.04940135855717712,0.23229784871629766,-0.07404849059383449,-0.10960247097080189
3.6197457986678403,3.712435746760309,3.7576675841553264,4.063565437980086
3.8088675197442923,-1.0327280482074634,4.862690845125145,5.900729886963538
0.22121057276887265,0.44721960844523967,-0.2807501605207174,0.352748713434631
3.246650433214029,3.289725993693297,3.2748874478115138,3.2421445693509847
4.908567276229886,0.5109497570020771,3.6705855690682005,2.6647713170300964
1.408519000863526,1.1990292653287429,1.313418370100435,1.2170732035220888
4.3151296264284085,4.073970227435899,4.579969963603174,3.5604013491952977
4.767090910694285,3.7738750583299288,3.8507635377514293,3.9638977579524686
4.200259560645958,4.030137432113546,3.9962171396628765,4.065972010205236
4.0705185005336695,3.550791469166056,3.7630545313221493,3.6466066993878234
-0.2929733293733295,0.2834460935582207,0.11996865643065206,-0.2622438960805171
0.906521022930578,3.890028039068625,0.29913432393213313,1.5995501438209887
1.1444298621076836,5.471774689863033,3.812904693165075,0.3563237963777208
1.1120661050018796,0.20878551649533428,3.1859629767699067,3.941050516878164
4.290591663008083,3.9495612363016828,4.765669049020864,4.377648909634186
2.6730651635087366,3.63693744254806,5.768115133359015,5.103291190299771
1.5515022742162032,1.3470121838654086,1.47131424774885,1.373371948973146
2.056050303519291,2.0461035879142315,2.0241323178451394,2.1408826695164755
0.5282557753492728,0.626449161648652,0.40489929137063496,0.5561747298852914
3.969801917957382,4.4684824303287956,3.737366837460837,4.313444692202914
0.19005070303618332,4.4662268792310975,0.33141297298334926,-0.9043218212592556
3.6999222163083445,3.519281921411992,3.7698917158169283,4.261643732509285
-0.5442097795694606,0.03457185892597917,0.3487889752910246,0.1985432851904414
4.084450330778939,3.4363540929724814,4.652977334686382,3.9482557328792813
-0.09193061428579415,-0.06537705167442061,0.43259974463289086,-0.18017545964968112
3.438429109405617,3.446463719554503,3.3274072293303765,3.3926137381328942
3.8406366110958827,3.9170712065112325,3.349214988718179,3.922704585116803
-0.5591652897902243,-0.3689907185039319,-0.09727060447215811,-0.09292534320483185
-0.86313583377994,3.610636896731516,0.9200295766672442,5.144956487289132
2.077508990194529,0.4516543091879397,1.4507734750776784,2.580222668016506
-0.5002720042742118,0.6161340823691459,0.03498082971377546,-0.02912792437166029
1.1951324002284647,3.2853902093069394,-0.8111654854154722,3.3590963255203983
-0.0678630764689439,-0.4891489532223164,0.050391468323553,0.17597390408596222
-0.10647264952202551,-0.20476144626099177,-0.4961093516902923,0.37600078405679865
0.21473243301085124,0.17536711291296703,0.11042439659747398,0.30781927395160175
3.941915265789438,3.9499818673477023,4.2717558982590536,4.2377029507968915
5.424617997711713,-0.43951433522743155,2.894148521134664,4.838353160316304
-0.3345119860258321,-0.43520494248144015,-0.14175917760749956,0.3661706741143582
3.7615482345988625,4.134663788573843,4.059369767371199,3.7332511582684837
-0.10542202000904981,0.38580040324385456,-0.07629005613905761,-0.21027002648540966
3.7610414757550346,4.213634747580639,3.6672013216450776,4.207542963115866
4.204661940847948,4.51040223450965,3.748011659353752,4.05381838975382
3.993458743044103,4.392770046923587,3.89238480681922,3.92960095245256
0.01798295782428538,0.09820210992248951,-0.11368981757368016,0.20467110504085861
1.22289361427727,1.400347856984534,-1.4046185316844593,5.190036246137799
3.9951693428571877,4.2241029519047855,3.9226474652662198,4.168486560498757
-0.16452550283135026,0.31961488393094845,-0.15717672243651576,0.1637963955499502
4.394003008934834,4.020405083612063,4.223641629417111,4.2160212088132685
2.1232479397667747,-0.7008594454195354,0.1443925775687056,-0.07165723397501989
4.432288865373902,4.579846174561449,4.582374788669226,4.016657658794687
0.4813842374018747,0.2466654612769817,-0.2974814057462634,0.09295903602676034
0.30372007284356434,-0.10997042243008359,-0.018445103620561926,-0.44853260080194024
0.5514570440279135,-0.2825458000344438,0.18282219555047044,-0.26580134674671635
-0.3319157717896311,0.11001965944274221,0.3071716514977621,-0.06301692379374536
0.1713090715195016,0.2326223429689258,0.18200792161330667,0.3055387930170157
4.502886367350584,4.156200395465222,4.271631380194611,3.9870388365544867
4.477606146719877,4.060001352195472,3.9706346639502237,3.848545224735987
3.1298488672541773,3.1293658010376664,2.9644834086043668,3.0291913331265055
3.5030439942251124,3.435843392691821,3.390551243212516,3.453628042140993
2.5558315431967618,2.737214474133008,2.6353706484029313,2.6560088100509818
0.020463986975178587,0.3776101322304012,0.010553948227189629,-0.009614229951433637
3.262559900169029,3.402054274011865,3.3244340241657517,3.364936160019733
-1.309081822022434,5.727160989045817,-1.6259143405265615,-1.536332545969735
0.29553958167833544,0.4145438499168779,0.2109445869134255,0.4241437070762155
4.141476083082375,3.754401511286738,3.9483984517318502,4.148986857824285
0.29403525180250795,-0.1647233581620198,-0.2039334448026261,0.10386407204181232
3.947001252455321,4.134529521070809,4.236246331010093,4.266020680247007
0.24835154384360136,-0.042128469226123795,0.1186765868426207,-0.2342725818699376
-0.1891426199999174,0.1553659891548734,0.2873969832283516,-0.36288832187568515
4.039228508472658,4.468774366158743,3.5973407705086,3.5329692473225904
2.3406076650207646,2.356058672758457,2.3770323392004964,2.2522052273690973
-0.2834668226858437,-0.4740178686041272,-0.11462596567049048,0.16137691731713344
4.373081755836515,4.091115986562348,4.259773666406663,3.9486209020189804
3.6987486284402595,3.8928186240289127,3.760293146098624,4.178594732429168
0.12784399190709297,-0.4816229232047894,-0.1283038794371413,0.3728608648811211
2.463394196367188,2.495039656625419,2.5275006422597848,2.5279293910883696
3.874583464316747,4.312943779062489,4.070301643367662,3.514215019228808
0.011451559062441762,-0.4666681021853424,0.023004141144572242,-0.706741773820224
3.8605516800059783,4.320776030642302,3.763836761867165,4.282766027146122
-0.19846519397415185,-0.278913490332725,-0.20777493479140705,-0.017239838100249042
-0.20909700143737311,-0.33042668094449185,-0.10662433077020411,-0.35546308677883304
2.480329820226747,1.4648225215050674,5.928338298776221,-0.8798167366939804
3.7213514380064154,3.863739784236039,3.7149117778512526,3.8976620392468955
4.268600226979235,4.31031787518331,4.4891094071196616,3.905310273263766
4.0000349902183805,4.485315600314597,3.7621052385637976,3.918261132716946
4.231638854585735,4.099899501244409,4.045560930741037,3.759989320273637
5.231564520682924,5.4872011289576275,1.1614052710410983,2.8924869650907983
-0.0533698016939616,0.16164098208773445,-0.27159007957245884,-0.026557591665777133
0.03726824938791928,0.35469949402619555,0.28282991399354995,0.06091334652261321
-0.10438769196149264,0.18809488091213392,-0.46276098416564126,-0.14171427038082296
1.8659546543814516,2.000818909439671,5.112997539382759,-1.0748864312514819
4.077871369872925,3.6723488924881846,3.900714372717033,4.449045515578125
-0.5685526779237956,0.02631913915997292,-0.010106769462281742,0.05392546973139457
1.081462382591541,0.975480100897815,0.9097885426349293,1.028035580845282
4.296966569624691,3.978883777894044,3.9436377002879444,3.7858222802941213
-0.2700025709427482,-0.27930060116241706,-0.3668210879246356,-0.11799325553434706
3.9602780129267074,4.115659389152114,4.215972596555562,4.051422386368666
3.8116749411697612,4.0062767392789675,3.591601342359719,3.5173662590890387
3.5886700618467198,3.5829691841574167,3.4656607126145755,3.3943305731612776
0.16615684980096335,-0.15920236793208722,0.41317724486019203,-0.042952792297856125
4.001917564360787,3.9052106462112146,4.409737707615732,3.9412804713125276
2.173137038729588,2.2683503359261104,2.2681427433352197,2.2386449575892335
3.887477882001759,4.230726890435484,3.4663652175893,3.816362366317073
0.26771602750623985,-0.5045345747150876,-0.16789201584020028,-0.6072912826392858
3.7704954978757694,3.4670795430016628,4.326564712467612,4.17637673827206
-0.15054513088669624,0.11135625152685699,0.15750841623812176,-0.38194147358271513
3.4520451497584297,3.8119480421830305,4.141813413943252,4.006639390397132
1.7108707285411384,3.3252313657562658,2.461518590971985,3.8713683627748816
3.9763972000803656,3.9690682759669382,3.393313128566098,3.459733385819818
1.6027343549293493,1.5597389765901517,1.805099676300585,1.714666432908053
4.160967314546996,4.704119759652865,3.533487612035158,3.288363586708406
0.38526618836215126,-0.04094647143705969,-0.6456345239000668,0.04355840441091121
1.3882209481298744,1.3606103568515022,1.224165649082302,1.299439467122495
2.951968559650575,2.878630010208974,2.9087891152051353,2.8377350115942184
3.1897281841724316,3.3067353954137073,3.1952358290599125,3.248440416234718
0.09270504593628984,0.08533424820703098,-0.09471377701732188,-0.2192026441240279
-0.08527412952618894,-0.01291253273419453,-0.015840444796154016,-0.0462615934457648
0.296228534927272,0.08323464056464278,0.22832674276151466,0.1329991238954499
-0.13190166162779782,0.32646614293480336,0.26632982057203913,-0.35228109084760334
0.39172421985277034,-0.20260027066320305,0.0468958263302469,-0.1179692144718265
4.475137076048978,5.128743174519352,1.9557981154209987,1.3942587596132716
3.8713428876926548,3.9221022813499276,3.9726150848392994,4.075059387532107
4.161296245766659,-1.2681250408924614,2.5546827028758194,-0.4186735425897048
-0.02891733870794156,-0.5826396497754741,-0.10097751722268258,-0.517767001437021
1.4576005347025358,1.3703561804553348,1.4626925705155867,1.4218281683603784
5.263026823761983,2.1596717005098274,-0.8977047610347375,1.9088871890798407
4.312692410476835,4.0676224071538725,4.218558379017383,3.8679267161570756
3.74136201754564,3.8189093141157944,4.223946412489288,3.669641247566639
3.3142463623866103,4.708062421247557,4.077777493703583,4.077076813484669
3.791609257880807,3.9824720984645774,4.1915071176264656,3.9753873130400392
3.7059045322395905,3.9788858958684363,3.9394746644203553,3.752867934513318
0.19261640678154943,-0.5933663794561347,0.21367939064115546,0.7794911781807944
1.7871521079691721,1.812720400673431,1.6957936564086018,1.8046591773412426
0.23074642921605923,-0.2046993137003041,0.014901371991102695,-0.5242887507965308
-0.24230980205914543,-0.38282320564330485,0.16608791860169544,0.16616234112956027
0.2960710018473747,0.35470767591043617,0.32180486478741444,0.32556926878858733
4.035593196048617,3.8024166831998363,4.622713994383443,4.213818829199073
2.7381507204715194,3.0115938486423306,2.8759945600475,2.996476525324084
0.2688174940229843,0.11088587589125222,-0.22838827342803714,0.0010935464921333913
0.37792096286149013,-0.04939866665298551,0.2769193713896849,-0.24660012665745562
-1.8889082757518665,-0.9134191571068975,-0.021002273009662176,5.53270520879794
0.11362109792514294,-0.19069497085814255,-0.4972528274324771,-0.40019978005492723
3.986657054456254,3.9898333669982695,3.988232917621999,3.946574573242032
2.615539415166457,-0.3514277388946585,1.5009898376052808,4.874150429988737
4.029635940435619,3.693785020378557,4.214004771661748,4.231464287407744
3.2771764558842333,3.400313044762685,3.3686391936475193,3.2375722075780033
4.019484716960592,3.6691520786113916,3.868759541939274,4.830519416621317
5.909628937133376,4.22542754083896,1.8544207330924518,4.888617309582538
3.8869221531578635,4.095846625901203,4.137138032409659,3.50092783259447
3.971969129780144,4.495196025953753,3.7464987618262797,4.118751709133134
0.24006626453669425,0.16478646768908034,0.18724033643835256,0.11462358589803953
0.27343818287469474,-0.4123490637309337,-0.16411969350522285,-2.265798318463762e-05
3.9594470665532286,4.338725115622227,4.1632989450821345,4.3060350057950485
3.721245167129875,3.8545460049573643,4.039162595880191,4.540950298456803
-0.22174268230673472,0.0861642842710103,0.10836091793150245,0.3249596408064597
3.9444499839343847,4.151223046367401,4.406370029375211,3.7276143389550547
3.7619004142397063,3.8750218405138916,4.166309830238987,4.006297885088766
4.084786617187518,4.143968308422377,4.277428276710092,4.0172234035401315
0.3127006105322979,-0.6314785288736887,0.028776123718571987,0.24027889399953803
4.523836103502788,4.260266165950453,4.027796326320757,4.262839236556128
2.175253548370586,-0.5328543747189567,2.627358600698104,3.075557076273123
0.9098597071874802,1.0201098280889216,1.0588410280805607,1.1040318719680633
-0.3265949642808445,0.30528384141959863,0.26223158993861084,-0.06628379111053018
0.10157671529994046,-0.003549148343645928,0.7177095797813178,0.12387364809263364
-0.26928910240724857,0.8811614571563018,5.476076754176059,-0.03156610867862053
3.527784533940118,4.185407560532245,3.505692022040649,3.9656222838645747
5.993619784661826,5.547033314448046,3.7907355107571057,2.607791494849115
0.19181600681585742,4.918543863482342,2.6118701052756643,5.271486101022459
4.390276283596971,3.720804390090289,3.7446060182682537,4.040975267404059
3.8611984648047972,4.017021151816494,3.9475751978864433,3.9836257803290844
1.777008650566427,1.7643266034197336,1.704704243646945,1.7440912410894274
0.02255926109743409,-0.2162278704660676,0.040177483315809316,-0.005538650235676475
-0.03880314034224124,0.1508804839949309,0.22303970858215197,-0.2552145139204518
0.44511620749968533,0.09064888616160012,-0.07252504279738452,-0.42178828021185233
3.975188074621912,4.133386401392477,4.568921172052105,4.071274168272612
0.004067857586901493,-0.25790639680325417,0.4864591900342946,0.34957750234971774
4.155745983870506,4.158438811471606,4.0099655905111655,3.6832621012538542
1.8186040709695848,1.9447906663090664,1.8632005594422971,1.9171423194947157
-1.9110185975070593,2.8633220197261435,-0.01714977657747685,1.2865942134868344
3.9113839866120212,3.789822737198857,4.120855539869828,3.752569555536451
-0.04823939912312332,0.8552123211352767,0.14659630769938534,0.045143104782428924
2.8222714884449984,2.7006140706831006,2.679887532874616,2.680704734764033
3.4183281346371133,3.518587305099363,3.4839358574660024,3.573399109285344
4.024589853908653,4.368211492413411,3.9163562098838334,4.042076680704041
5.588908098052278,0.30820257045085864,0.39175557784802173,-1.1561847445607905
-0.23839311536638708,-0.27732605926994425,0.4224531223095858,0.18561504302613716
0.17559540902768572,-0.3442576226031621,0.1600532455019487,-0.1246858128467252
2.6569412100858205,2.730764166807222,2.8105724063390687,2.848998137201812
0.054592238444840784,0.1718528456912278,-0.25173381150709373,0.05773462841534808
-0.44291978875552757,0.17118936596302117,0.20265113427173187,-0.1231531388470925
-0.1816859468263221,3.797692105990217,5.642110763640626,-1.5229199529037016
-0.23181261427415742,0.23845880033796543,0.09428159835206011,-0.39787963798213677
-0.437139235737102,-0.9293394555953292,2.868723001753372,1.050223338929416
-0.0876012488310724,-0.03507952204402489,-0.030717322531106993,-0.6817853132862906
-0.562349521115705,-0.4046666736616156,0.32720323136627366,0.20752316105607302
3.8648203937323253,4.182877097223948,4.352123314208379,4.261544376782066
-0.14074623026957334,-0.2744993466870425,0.058646086434479654,0.020679508630422647
-0.5116548926031292,1.1685868038060434,-1.9255034847571064,-0.7253975442763707
2.758820311513235,2.6821532862055957,2.7286286339208603,2.8060026523531816
0.8331703207900202,0.910766252181185,0.8083404676599205,0.8755119979555834
4.061241817619244,-1.0509197874932443,3.9428407585740732,-0.5110775909910519
3.742403306003933,3.937132650390536,3.8815303287903653,3.639733616658477
4.329819646352684,3.9152759895190843,4.102145841333057,4.091635341164734
5.556719059751499,-0.18179259566696881,3.3802150020511794,2.115167217259274
4.050911582780823,4.457240033542034,3.9705308416685443,4.32303776973744
0.5019825773412827,0.524951084151431,0.5455680611003229,0.4652304344707779
3.8074910358429914,4.194105509105482,4.07540718344904,4.2435528723674585
4.235065427988834,3.7142938380458306,3.6035034743167733,4.378339276649337
4.126322035816836,3.5174059758365215,4.24902288967115,3.6093706419031957
0.5231136675368792,-0.23941882057231875,0.008904969090999066,0.32079479082730455
-0.2872745516269902,0.6169402023675664,-0.5665477141160445,-0.33849916445453815
1.6119929829851491,2.901253788456571,2.3163095912543126,2.7085950100513987
1.0227771538552772,1.143462135821221,1.0036793192349762,1.0067893287551315
3.937738074753338,4.333486746164781,4.063852430585167,4.020685577355473
4.329070182146362,3.900829073662609,4.026270375670971,3.574203583183248
5.7548190801768815,-0.9326867050782983,0.2433782341602413,3.6930314711901984
0.1239969490438025,-0.30569183409506,0.02622270228515711,-0.0584645271262928
3.6004935961995144,3.6073875825977466,3.5122106337632215,3.7315160966028045
-1.3503873745358312,2.429691482155736,1.8634617637529134,4.171731543551947
-0.31568369442328176,0.09707838838773035,0.5410757743839271,0.5195886390558576
0.28727362454914157,-0.7057075233530554,-0.06241565286896416,0.2552162022352394
0.08753078421281278,-0.5372339414175691,0.06239504753450184,-0.4946388734157734
0.3793875860904022,-0.42606389968455366,-0.25994856112788284,-0.2000422526389558
4.370056087783376,3.6180141369387755,3.633418102936779,3.6406978088259114
4.1456655221656495,4.326459724170292,4.188688094283634,4.253991634949949
2.06537063676136,0.18038596058736367,-1.6722352069320907,3.794336489088672
0.024124228065799305,-0.09773748274524743,-0.5080362142534617,-0.0789460139634568
3.673707496317691,4.3558409786503125,4.110003580909147,4.319831279927256
0.3268597971643359,-0.021157025388704932,0.32044811619872443,0.10297739429326984
4.1369545099177705,4.2016299310929055,4.4423251273328415,3.9048124845306305
3.0363156961837197,1.4427514291647467,2.146528434913984,1.5013899392143006
3.9351927493197034,4.196550600150547,3.877326885628982,3.922819133238615
-0.3421602793090477,0.025769146317836885,0.17821206143561502,-0.23229981790095824
-0.004204117411925192,0.3809267536455574,-0.30909668753519576,-0.027560764767805238
3.8788874034749696,4.200240782076638,3.552751587465089,4.010353517215236
2.5071679320912397,2.519011209685701,2.5293076618789105,2.5720738986153515
1.2758387843383265,1.2899071444565542,1.2618487416965165,1.3677952526562622
-0.3407064110355092,-0.19765258333733543,-0.05499954313827108,0.1362853404435224
1.9472304254425101,2.0662499040268747,2.014228785231979,2.139176137841024
0.49389824415688743,0.33400979612704945,0.38237778558468855,0.5017781845988052
3.346506973688835,4.425084282611699,4.055685417275299,3.5711363297822243
0.3242745397392853,0.7643609350907264,-0.02862356896089626,-0.054558619259038245
-0.03977302655501617,0.3111486098040793,-0.45549789413978037,-0.05435640689004676
2.1586965100737787,2.21102585386184,2.197724983518467,2.344180015559878
3.3881911569795027,4.192859402388135,3.9393593339983157,4.135577547438989
3.7822744232077947,4.218672270945949,3.646598329949447,4.148940820215594
-0.28897610576363697,-0.07428641360808512,-0.7894314110425001,0.3776163907767997
1.6492432249114408,1.5962663068255565,1.4800444727746989,1.4739249479164007
5.416835997083706,-1.3825885628640915,-1.1982157238985938,-1.3036925222230904
4.579439903875821,3.827376402901803,4.049616881491995,4.015372006448379
3.861596660880892,4.139973700194805,3.8667573820351056,3.9859126157350167
0.39440297873708197,4.179890329548749,4.030813209376629,3.528155878131008
-0.4360826973442716,0.23461927325804935,0.04117527556823102,0.12363348717823912
-0.04631520177972049,-0.3862785530339557,0.19285617155428975,-0.117421103942582
0.8555925168557843,0.8846507044818124,0.6939782501810242,0.7923465029351136
4.065255269803546,4.246614561200464,3.93874513708697,3.7456644896666598
4.176727410240325,4.379438819506188,3.8682839643937865,3.9166578488833492
4.027751419127192,3.702766454441704,4.215452249776905,4.283941818745649
1.016682086260385,5.867417449697832,4.482807129612994,-0.2906672840014668
3.964390542952943,3.6949336549555136,3.5184979056683714,4.191275114728496
0.48886025835323005,0.019741884738849396,0.03881565713294477,-0.3787631228351459
3.7474262500695312,3.705781281740549,3.9230797171136977,3.6611876495732973
0.20197664663179316,-0.24008120431276392,-0.035845832942626346,0.2073595817154241
-0.08273580415985264,-0.16563242144643234,0.036224208929141605,0.2244646851561691
-0.5040402446833894,-0.01927733606676385,-0.31986794621947034,0.03504056067391539
2.1265098116391528,2.0557218228428,2.021109274589198,2.070639211655474
4.387551023126179,3.512403422283725,4.472931416850445,4.1089203900655855
-0.8582471223062376,-1.259910582202659,0.22923547955563883,2.633457058908168
-0.15549462142101156,5.783479997628004,4.004597414840469,3.6793037618499858
4.230703803995002,4.6082481793060515,1.9671829936487093,5.546469166036161
5.821855558373199,-1.0965123019922425,3.7578446537446517,4.706966932678282
4.456941852514609,4.600392075219185,3.9564880790133325,4.094997686127393
0.17499351937653884,0.5767681418490254,0.6580835628724833,4.675393661923942
2.1567126413952455,2.2405803313508725,2.3698009423793494,2.1833906603973796
0.6610898966849601,0.6264025603863165,0.6780544525913372,0.6048923206143277
3.1886426793847944,3.2705832281644187,3.169157059271864,3.223177354217492
4.100885742116406,4.012584443411426,3.6899686901898976,3.977399541253441
3.894632778632686,3.7996231533768,3.7792962130571617,3.8404511464160986
0.717425632826036,0.7877375861099509,0.767533060091377,0.7557172915407719
3.5222871416153407,4.108149358395755,4.372251655891078,4.186559830276122
-0.2222441319877195,0.021872172982815668,0.1209257883658101,0.44157881069198146
-0.582644862975348,0.4256187826530187,0.04851309282527871,0.21149384411193162
0.7214229899302472,0.6493720390092756,0.6438888444525112,0.6786508602522752
0.049787092342253,0.4805722953050785,0.017606231534972965,0.3193268065232723
5.060970548824366,5.531419671550561,2.6345339556506326,-0.4399681636794188
3.6405868456643664,3.5535846948296976,3.5139456021713498,4.084322169796372
1.400859049993656,1.7675876695221886,4.54883474781803,-1.1748950656295403
3.7383668214136887,3.983614720314229,3.9117544443009495,3.980923252538738
4.296159760572593,3.861055896305331,4.280235198138064,4.566100339319956
4.40870739029485,3.8597338884319785,3.9862396282165835,3.910120372367993
0.18398249731695163,-0.046933841449441835,-0.08979921546290123,0.37807703615774374
-0.5164654310300616,3.6439880985252904,1.521206037967377,-1.254909086530252
-0.09933848948474154,0.45077427174283047,-0.8364338649255006,-0.4761619280362891
-0.09379320676742528,0.22316762485954464,0.09087338896668891,-0.6139866621199496
1.9603064230201968,1.379408755537912,-1.7390553514282363,5.852440817535188
-0.2643518924478726,-0.19782451574880663,-0.008876464528528973,0.10369818524467342
-0.5406872240020081,-0.16764710738989405,-0.17599509247607,-0.1399722095879708
3.344315489536964,5.98820939460416,0.06399032211965228,-1.673398290440348
0.05987463332655411,-0.03783533196929751,0.05910567976304282,-0.9693165023757937
-1.6681570711371885,-0.7942345705826765,4.98819749841235,1.3930368988745192
3.7930160680886673,3.700913898443707,3.7372611403307348,3.648175304048413
-1.1912517399950726,-0.3329575700767675,1.5289032629794796,2.1011176341622404
-1.915747337052708,2.0506542789637026,5.618213170757555,3.7073281695577274
3.633261621917546,4.099140246880635,2.2623696666959523,3.7768597393425196
-0.7478963710273572,5.13152001993298,4.773580476867621,-0.7367032189945766
1.516724467086196,1.6878318117828206,1.6713419039246238,1.7132331106362129
4.083452314928297,4.0708852426773445,3.83531379262915,4.423916570010629
4.163837014772037,4.243766052310659,3.915282169331292,4.2180803725109115
0.8161736085673348,0.8152561728926145,0.7599339356834145,0.9367857464263435
2.566879501023555,3.773696132833857,3.3571292411233395,-1.1206144716376087
0.011534122994307878,-0.28454958785822304,0.48401446057830716,0.11427643013166795
-0.19605260787932705,0.20042619619111496,-0.06462314674615531,0.055793576626676604
2.515670899291825,2.635394651380865,2.634538187280274,2.5934285724896546
-0.1420064910212371,0.3137571984100106,-0.18070199490786856,-0.11391909827404068
2.1773121173028516,3.553267259716682,0.632241850763986,-1.9882960038762034
-0.007518043374479323,-0.2208791802809015,-0.21524575119216818,-0.2917668970702397
-0.35949034341023606,0.05985722206758977,0.14053173583369327,-0.24934649527298375
-0.07949593555379907,-0.26795878411103785,0.5575423229418556,0.01756132640850726
2.3386000287911264,2.295929568542459,2.369204864067323,2.4900671463279385
0.4702175755401675,0.15964636270888563,-0.03417132347669133,-0.4038900027731226
-0.007387794429444188,0.010242638672952472,0.053864845391603744,-0.5585927132375361
4.546143006652971,3.7644908039066802,4.164262684064153,3.628308519812304
0.9931600614059279,0.5192031384693792,1.5219754509274317,4.788324762288321
3.2401314151456457,4.592936174626396,0.9564743523416572,4.219374752551386
3.654399261554723,3.4340810206010732,4.269506472072421,4.271635850790529
-0.2453004898736243,-0.403907268221172,-0.1127249732945779,-0.413917493597625
3.537683402434377,3.2340090062136584,4.281108805844527,4.537122455384178
4.0769686439370885,5.911156134763219,4.628276679486972,-0.28822928446061624
4.386727503564481,4.2288207009218715,4.054574795437555,4.241435397748328
1.7338302866332542,-0.8868644896832363,1.3836242428522043,-0.5708996951086869
2.204362927084461,2.1016862609410625,2.127090919900997,2.27073485171125
2.423163957554141,2.415655409894842,2.4555322234541705,2.382171042091368
1.353931043875865,1.7279185458096995,2.046181119340889,2.2249727957761847
0.8920899830458008,0.7967348684801714,0.7287460959269662,0.8231644624045052
3.4068679390872165,3.6079448380770134,3.4203148703047423,3.591598240433905
2.4192189092306613,2.3031939586852523,2.387511612465645,2.07890663103247
0.17361243847783742,0.011366056864014332,0.2428427958223601,0.19877040978190447
3.51199548735534,3.8593171246457008,4.217337223799524,3.794017978064984
4.018899923887814,4.210428629784456,3.781793763986751,4.150765108308074
4.093663309758122,3.8822323987967757,4.080925915410131,3.3783991736470873
1.5860171617217986,-0.4359075732076976,2.814790729484147,3.5656109419231212
4.135628893306029,4.247656680657949,4.076742504495621,3.414148365877461
3.810429161663518,4.305792439893481,3.649117062655475,3.4942792834453393
-0.1972398326823725,0.21888123585472838,-0.3353301628168863,-0.1813310174437293
0.0643758224112705,-0.12064792052175531,0.23473212123133264,-0.04690791816878981
3.694374700878135,3.816775202729046,3.829020738581265,4.345197398630847
0.4335530396184613,0.2527933111759791,0.405023396741401,0.2686543205038188
3.8466989130714895,4.804836382087806,3.5380486556520134,3.9021866750136516
4.066093066327786,3.8292930568062515,3.604448715431009,3.9453450646079626
2.8901849857559547,4.791842170194913,0.6401244078373516,0.9335778149537051
3.733729114882811,3.8329499681282653,4.496117767601659,3.259999879568505
-0.9501165985958718,-0.21419669940756875,-0.33370928125115595,-0.37625505317547636
0.030440067735725412,-0.12650523023254584,-0.20787683891173106,-0.23348151793892777
2.821646586766599,2.920252978670061,2.9027333369535615,2.9904651752076727
4.317331139418003,4.043441618285067,3.7202057559929296,3.945514469341796
0.19359112944709245,-0.012795890953853391,0.06675833318073107,-0.08131064796017695
0.4875264474260043,-0.10894462154866102,0.3622590797551085,0.2628978912693963
-0.6257380860308333,0.26265701817120934,-1.5057155395095512,0.6668251750618408
5.778323842130312,-0.9436881011052343,4.783592279009739,2.0145082693717686
2.9464519748901083,2.8742727502226804,2.821511592303367,2.7925807670047105
0.5498717796882951,-0.18891561511766647,-0.17288496094996927,0.24133148678079266
3.1966540197825166,0.2940009271611723,2.336412651938219,5.0569019394861145
1.8231672442670328,1.8569381709086856,2.0081104048360583,1.867414786695123
1.3755127048788474,-1.6054537922583316,3.119282389847988,3.1229410369463872
-0.04478728252423367,0.5960289111507485,-0.2026408301359295,-0.08874872037169158
-1.750427035781681,4.097339034757447,0.006895758187469347,2.038769392396416
2.8300093780715327,-1.4122326895255677,1.9936403231258124,1.6918772322700093
-0.24487329879316366,5.390053379502185,5.659445876542885,2.318842371296091
0.11911795069890133,0.5758579216713058,-0.3984201693006257,0.16490918073441674
1.8050805497388966,1.8065995489134787,1.584220297541399,1.7251345769581485
0.0646108793667882,0.3056651479330552,-0.4161712509981282,0.3676359444612171
5.40284544995706,-1.4362139727394174,-0.915120456888153,3.8275205475504226
-0.059798275458216824,0.29430205667092457,-0.36168208444040806,-0.3062005499419387
-0.18509115600828452,-0.3560660099701064,0.12380087488107488,-0.1897520653023651
3.8823625031831455,4.001763722279437,4.013167940712405,3.8726980923706633
-0.8400171158607215,5.138084438982575,4.039039498823943,-0.7692235112886641
3.0861977497626993,3.1298825679555784,3.068662811909364,2.9981477725856736
0.2954482461239687,-0.13921027608004702,-0.021618029462289485,-0.031580506671726585
0.09865874256504004,-0.48950987113697086,-0.03170911744582953,0.2155543519190767
0.07037807079380862,-0.06019232738513878,-0.09930356571658697,-0.0726578344602978
1.882107677036968,2.0903411751564156,1.9536860526906528,2.08505166837279
2.666444912886357,4.792006186282988,3.0826278172830195,2.07721341569762
3.013387769830699,3.0283907107640387,2.9118268174594113,2.8699020158841453
3.5627948375835725,4.02395874951432,3.7780662087395194,3.92592414124502
0.4924212554206557,0.3457068092472982,-0.1805427396348469,-0.364698619300501
-0.05102532781013167,0.05547894402018655,0.6785360561357483,0.33763206990550926
4.552669688437067,2.379487107266889,5.209129023923707,2.933744036049279
2.370806272807375,4.3567145427860865,4.382549977156169,3.181988828942191
3.80672744613361,4.695210929754303,4.655116132578506,3.5113085735196123
-1.3476806418278668,1.279113662562052,-0.05830378298033079,2.7731714494881485
-0.8320299177825792,-0.9783617337044683,1.3839258735581197,5.32818653419197
0.29594220561028195,0.2981420121409229,0.006125627635672982,-0.17455506294506168
0.039998547658590254,0.1541442367392176,-0.2054463085078542,-0.0920870033246656
1.1193685871845658,1.1676483621025888,1.0825866985867179,1.2139426863083804
4.163452468801691,3.704796202257281,4.424859363061282,3.957469360485627
4.478684799943136,3.8666348257129575,4.372152900345165,4.272182313025451
0.3150820282679383,0.32214587065669975,0.23945770039362463,0.3477381681000405
3.6167306440182836,3.878998541340959,4.040190079271969,4.282289679375653
3.6332473213797987,3.7508173637241553,4.358644541791771,4.076085531311035
4.382586146054893,4.183157306412248,3.9588692657307742,4.189967470598592
5.923660323866463,3.5414672827258737,1.9275506957259827,1.2886582532631259
0.18125085221590206,-0.40381160536960375,0.21784088696641687,0.29940760506666253
1.331074838549493,3.701361716018882,1.6495486663553045,2.3906204778624893
0.04879962314657199,-0.21755203493858047,0.14676104806761095,0.46980998184825756
2.086683555366765,2.2176040173761007,2.0960429714342523,2.1214340706586925
3.66810569019856,4.280183584172419,3.9635741427570403,4.303349256619096
3.9388369232967517,4.104819195368167,4.166309332580286,4.2559530641106695
0.28674970655014936,-0.26328407598829656,-0.5771147189091378,0.2087361957418823
1.5361598594400983,1.64289331724797,1.4465467465052542,1.7404458621549461
4.7184042767772425,3.9821825961594994,3.9008685166724897,3.483760573103984
-0.017571723733825984,-0.40139393828278536,-1.4954667523857452,0.5783641472662984
4.49118823915604,3.602224894707581,3.841134059893905,3.855049509604321
4.271245985551473,4.716616383881825,4.170136852600564,3.7973184617071154
-0.24338095009073146,0.03942638773509447,-0.23089873929712607,0.07610299516355239
4.440939012654786,2.771490222301936,3.9483582624259004,-0.7748011866570534
3.8009814590666715,3.862997554920007,3.5909084053214597,3.670947813869046
2.8259410599140407,2.7485347513813836,2.7310726073550042,2.7142940437287235
5.968530540962363,3.6351344059465838,1.6547839774800437,4.647957654702028
3.8674692118758207,3.273146731409623,4.0833435819919455,3.8826834504261813
4.562172423616954,4.488659547735,4.424013176030346,3.9935100055364154
-0.7782098969502789,0.2014485739414278,3.917344936967699,1.078018424926368
3.5467069746123183,3.527012338084277,3.6533344303153865,3.6141544480955097
4.106058914174554,3.6665563810993924,3.716826787439564,4.204221545438978
3.008539120906426,1.167857557323714,3.7289298964153756,4.63790639539988
0.06851133007936754,0.18952767571939888,0.3040997280021099,0.0729635131964547
3.872723672971783,3.969183687709274,4.2041924538917375,3.9413749605772015
4.331313461558865,4.796484188514361,3.969932025212261,4.1830845059765505
2.731570904420419,3.0046267677343375,2.8768465287666465,3.0121396226765054
-0.12178188400737186,-0.5700187582911139,-0.29290505250167803,-0.15959897557643776
3.856077166257812,3.833478948598404,4.352687452174084,4.045140712782349
5.792473699083395,-0.2536977833814955,3.4661819368696705,0.3647859548609249
3.7836562655734634,4.1167456619639635,4.241690995936611,4.422323960872114
3.889774307611148,4.1725817784454575,4.131805252180118,3.781554345641316
2.2434864886291397,2.3024396696989475,2.237839978792882,2.210449855840573
4.216632706661324,3.901856919953704,3.606194545989111,3.8579863151400846
-0.004738311583067379,0.2868887639037924,-0.060704165987328154,-0.13737882308510982
1.3976804473030784,1.3788652016179679,1.4986838526289894,1.3328532890111213
-0.4235666628213682,-0.5630605967621684,-0.30589652127655176,0.050382688620500445
3.9272420871033,3.959696881987446,3.991227544115565,4.0716449699529065
-0.15561115546169982,-0.018719564574691965,-0.03087318427880117,-0.08478851532210706
-0.21141612678738173,0.2542015974237119,-0.02556161768811657,-0.32780678249322426
0.6413917108758365,0.40833010043112383,0.6444135474338863,0.47182043933347106
3.699689465289014,4.132892423130258,3.8666655349333503,4.5268617396341035
2.5434404519841,2.7235866358810497,2.8386665370287205,2.5791250580676217
0.5183964033844478,-0.27947868763598643,0.27270929793325543,0.09121871694443612
3.8683653456122378,4.014036204854286,3.4847371157632354,3.9819466021339918
-0.11153400438912646,0.04782360122744379,-0.08831871005689339,-0.2581280280276715
-0.4246556311302829,0.4888833955937875,0.3157203206621934,-0.044521616267961285
2.498558448500276,2.5656073886468915,2.287571575134709,2.3651108923376927
3.588128613045868,4.206238451499222,3.923521956568833,3.9392385415275393
3.503413697373645,4.232337845090979,3.686849903575948,3.7193255837478576
4.035547933897525,3.46404735103902,3.679307312837926,4.375409455157992
3.7276999383107348,4.132915800685383,4.126264445419898,3.9398027635692325
1.6517888435193262,2.847670568594518,0.15065687137595507,0.6280698544657168
-0.11920904754311923,-0.1269083235459937,-0.16220650121175087,0.06930518020301141
2.350897017006106,2.56007699712825,2.3664322457598543,2.3753189081546777
4.993721008838561,2.2187450044154406,2.538208352865415,-0.8602965266828315
2.924484878605618,3.047787617715044,3.03856430988239,2.9812591460361872
3.1981337153964957,3.1568939866024714,3.1981561980151008,3.1546999562501736
3.265424529796424,3.395652639047593,3.286982616994665,3.2466580331539485
0.6246667374878544,0.598123712787945,0.7071523982206834,0.7082494537201596
5.324661944202734,5.656869521100253,4.521944349126847,1.7087098479014484
2.23722219768554,2.3273148656026774,2.2553068983009674,2.2869498789870577
5.617066717242113,1.0427089195883434,2.3254532198043947,0.6180570025754806
0.07194291102861268,-0.2604719063600918,0.27060193689548184,0.20924704637638222
-0.11266743569147182,0.04548227809414294,-0.5192968349466456,0.047238825719537546
0.11300674230021644,-0.21934558129842244,-0.25836757595918225,-0.04229724286221425
0.11097565265912672,0.10508087004179832,0.3468086489713794,0.060972488160299515
5.478132561600914,4.228746764633456,-0.41464051899287124,-1.677038906897355
2.297456570555291,2.264124351578835,2.251767085311807,2.2762978114176007
0.26727502514360735,0.16708576179820422,0.035048434670723334,-0.09233229664336809
4.058110255247965,3.626864296157417,4.502748129093794,4.09461344263657
0.15196002828600638,0.19322959623997948,-0.9200962898773999,-0.40478264532484226
4.250359819292562,4.239791011977732,3.9701701414629573,4.301060968794085
3.7624359584143057,4.011518423100199,3.5324039962695752,4.0293805834051595
0.025061232420768263,0.09632142926111152,-0.10075702765563677,-0.16106477073502368
4.414773637532322,3.9195554641308017,4.429851270001793,3.797256311227818
3.730686304053016,3.8799689542159177,3.7148417473108815,3.784513185115731
-0.27638510901676283,0.2841897605316316,-0.15316954026422205,0.08448782343200399
4.043805146117464,3.441472073879036,3.810980434507825,3.9948989251978055
1.6428801349305142,1.694669174018496,1.6120716328500826,1.7874472604768334
-1.3818179187983048,3.5969574937976176,0.5461060829472526,3.263746306923122
5.215105187926158,5.01195443534358,3.887666767702341,3.6481670081531075
3.7922799222843,3.7773547337864892,4.211310490217125,4.005918495608219
-1.10101045449038,0.3998289137914641,0.10672435169158678,1.5810341179658591
4.140342863308426,3.9983199581901516,3.9140843858298364,3.950031536539448
4.418769531655143,2.5976775125019076,0.6652296503387252,-0.48180944424832806
0.6496807202499282,3.7849314250523385,3.3559873380314134,4.108222480321756
-0.05824328790689007,-0.060364808483276966,0.19569158374642334,0.026163701180506264
2.4175311408534963,2.338437910640867,2.3773429481932324,2.380729476037163
4.460450463063786,3.5507559394923476,4.366952008098644,4.025740192836887
3.7434093253036194,3.68178716218796,3.566924478842131,3.5362347638293685
3.6545308127788516,4.103173872485883,3.70347920409989,4.316180918220144
3.8678238357292454,3.9568828320281053,4.415879930961161,3.6628655967205415
-0.0681150737474598,0.6650364399800505,-0.7509483035210812,0.2527956651855487
0.32993750957168566,0.547613292352421,0.3910761049620637,0.3948746013764754
3.514151219093594,4.373029928187481,4.2343956484725345,3.802372341553327
1.4540432466904007,1.4518871587962132,1.4189621665304712,1.4517047919827566
2.9536893256079333,2.951236456606103,2.915753580237546,2.8586120934248647
0.42252540340547223,0.47138726622138155,0.4283267549066384,0.4561219912287448
-0.15179493473559605,-0.2118409318189208,0.24036071577197166,0.11373234856299172
0.6642726109307622,-0.266721722637164,0.07979975015366396,-0.21423077891187578
0.5467904821172529,0.5637497918659501,0.4975542031180709,0.5902644199649975
0.9887696484479462,0.9946281340345305,0.9075040965269937,0.8344890119322131
-0.3987236487516481,0.08341011360686129,-0.3224299779356626,0.2004950600224583
3.697399844653096,4.275453166691445,4.579296069822931,4.085508314099034
0.2000411402446231,0.24753075026578983,0.31760226104380107,0.1741694632586015
-0.005366352174598393,0.1209005497158549,-0.4941347108883434,-0.20689204933723127
-0.2920310985855511,-0.04121297116932397,0.28407247324875806,0.3276203119472096
0.09609430031194098,-0.21274885248202197,-0.5775176018733481,0.25248918699199663
0.14610623252416283,0.25795079094845985,0.2195312725027862,0.08693836345829077
0.7440593345406086,0.7314717065920426,-1.241584811363456,2.907851892467513
-0.04474175539534679,0.10651185873240002,0.260311875816052,0.1709521543357456
4.313053173542021,4.282137441569147,4.248940305083631,3.3175863722196777
3.751415834780475,4.355834341311867,3.77307335752518,3.8663422836643373
2.1999194191891878,2.2826426558775585,0.7686754472516357,5.196798990265412
2.6154886854043937,1.9367006632687271,5.099542185910082,2.5522411225986694
3.8500309666962798,4.176294051896099,3.7220375217289976,4.521094667320899
3.3978636524070174,-1.3259922423928048,4.605032044486672,2.6818202939934084
-0.07327279576029685,-0.8760087960943675,-0.031770169450879245,0.1997632191483751
0.4251897139430557,0.24217096037356994,0.013647024189329147,-0.06992761829532405
2.0170088195356017,1.9980539828952044,2.0007516744719065,1.8468982184816394
3.1845229231487675,3.2010178942502585,3.1349482522893943,3.251370368345615
0.3101634604563353,-0.6373725854231687,0.1666466747286106,-0.2674769647200446
4.030690420688538,3.6208285782984992,4.043287607731775,4.052653076471607
4.008843070189198,3.953542607251871,3.835691829064587,4.911363541465875
-0.4115279052870644,-0.23366325079667227,-1.4728907524543287,4.676751761650916
-0.2801254456470732,-0.1410807679439113,-0.19831678977814468,0.2872505387450525
0.28376309511391024,0.183920318408653,0.20209468014412507,0.447736616145465
-0.0900697191317595,-0.18967823347045665,-0.0612949604331729,0.0641086807013308
3.7957850489462137,3.90003852547974,4.262471761038907,4.215997424058047
1.3944640246502802,1.6012904017309557,0.41483959276914284,3.713232248793531
-0.8586393648489548,0.35795801736062227,4.177791708223029,1.8678684793469795
4.049668720860079,4.372915894576531,3.6128036215338475,3.5810780033368186
2.2461955284296558,2.380320788475948,2.4550979312008896,2.1994579786059685
2.2939171817073305,1.0882536098967117,3.3995238433198827,-0.03332932454074733
0.19969603137369937,-0.269526882182877,0.4570991329435582,-0.32850793722807525
4.336199771348724,3.8490687802249117,4.135520971075887,4.00960721271466
0.7062360216158332,3.6997110238818207,-1.367313626903937,0.35359414614033646
1.069388747240117,1.1773656826724785,4.521511698926481,5.521998896340164
-1.4155321326953905,-1.2411595680470677,-0.18778174860854513,4.872886532222887
-1.021222559605202,0.12363228365727075,4.589489712311463,2.6083459951105894
3.3849669913985827,4.191928350399971,4.426235934444346,4.373989232953294
0.14807386408340378,0.45261153432760665,-0.46462950043474055,0.31025898010834824
-0.9714881995647104,2.9382719576128764,-1.1274535239002805,4.4376313265199245
-0.26615742750158194,-0.22949433486710435,-0.22714922943529064,-0.20407884075685415
-1.7459270215819727,-0.5066142820822632,2.549197561106724,2.1466227705996674
0.32196490489600804,0.3779603028363428,0.1340140380059074,0.2691536226547883
-0.05381868382685106,-0.1253666176256732,0.19524728661947477,0.041550439111874254
0.054310538879101165,0.35335858164257344,-0.10050322857990476,0.3093343376765227
1.765378056082086,1.7046486511099062,1.6426850412238732,1.7115038241315959
3.815853420299495,3.5384489290301775,3.8526403592999334,4.5601001894541024
0.6552941107327609,0.0948584776704581,0.2199919583656548,0.22387137961618364
3.880335004211378,3.309410439997844,3.387505327262598,3.7493649889690794
3.919084958448636,4.391627332734648,4.303542695508577,4.3318427129134385
3.4691968389194723,3.5392790689977365,3.429628181254044,3.4395770321003867
0.333510523531142,0.05428714372256609,0.3998402827268799,0.2966775949049112
0.12603787881535092,0.24983590445676457,-0.12243445706792735,-0.27425297441548463
3.9910985765124436,3.771007576038945,4.025162811556801,4.163082747082983
3.9502721587110594,4.471321083389443,3.591313551436118,3.546018099622316
-0.23042082630291455,0.20047598840369243,0.36268884600221274,0.550668194372035
3.7680894455580085,3.7862647311679813,3.79831794414524,3.8435175804821
-0.35503431042361555,0.028194392856046704,-0.10018002340085973,-0.0038610384143639128
4.330380179583096,3.9652566135174965,4.205020032745779,4.565248923343858
0.20604132203840336,0.1757304416001213,0.13973101981146496,-0.4253683464089008
3.9098029750926027,4.375424589989122,4.178616866959049,4.459635834822699
5.423255982592007,-1.8169325324970202,-1.2805143006608724,2.623094895732004
-0.7161890469424632,4.731444617244972,2.6119413048644438,2.6876017105005054
0.26101665264913504,-0.2984431420622911,0.033340559661178576,-0.5289472601406293
0.5148120966336394,0.3924580691966146,-0.2955070748094216,0.15170575540137696
3.5297875942864345,4.321341611784809,4.3268427187347065,4.056018897077716
4.852221527063208,1.8217056900974038,0.1723452649993762,1.9492009794223764
3.8101550917434266,3.8176010687326403,3.7728446872226122,3.843086431635806
4.0758997455549215,3.8049232365173737,4.0684075258548384,4.699139052358073
2.8934995493223066,2.901473368018295,2.7919796134498744,2.6925441746521845
0.20173591124856302,0.3871343780666803,0.22904267575361026,0.15487539218886015
0.4572139799396431,-0.03897664861863676,0.22740651941493834,-0.17951660110264453
-0.12752283111024648,-0.5325728523310708,-0.3553972478318069,0.043793767504054545
1.905000902517853,1.8860539348220908,1.7697060228400578,1.7409165755299183
-0.5870094757269843,0.6081746087659211,-0.34792341848473635,-0.5656294967615199
4.036063491559899,4.10360262887565,3.997618179267131,3.934058338330938
-1.5893009775678548,1.4616981615757334,1.3577503175497352,4.862922162446255
3.2861287696841,4.253632566560098,0.06203534566022473,3.4522261332379864
4.12710115552704,3.53313779490567,4.189811447977848,4.316201187836246
2.7857867948913864,2.6691105249241374,2.732254654237876,2.693602086904631
0.13076273116423198,-0.09568709672987874,0.1891464091469754,-0.6457480333236912
-0.2977394534569102,3.71953798258369,0.6419692478397989,1.5896494902406149
4.286301769233086,4.167667742551804,4.341402936858893,4.762154278627804
1.2366287042504727,2.968466660204431,4.136973307972093,5.507128792590207
2.95106843797843,2.8717142141266443,2.838535949578046,3.131865998311775
1.644317973966021,1.7205662479576003,1.6644627064029867,1.6513440337001761
4.669106958861294,4.610427448875001,3.1362415161913235,5.7860053230427075
3.599008350584789,3.460283956662785,-0.7413697148676643,1.7181807389730048
0.32097557967820556,-0.27279810496798285,0.1410791242788558,-0.3334291343287063
3.6386848913150063,4.692125959024432,3.8783769947720788,3.868572343893428
-0.4007687852394375,-0.34092552846672725,0.058076701783374596,0.2061857132407483
4.2394944635127825,4.78369495264451,2.3586144336798105,1.1699504105938354
-0.025358853189922544,0.08378726524762942,-0.10592404154631435,0.5609426742243513
-0.2376275851586951,0.20237544937098748,0.047924608516776344,-0.4981425212288871
-0.5541980978721315,0.1811727809018347,-0.41369968752218717,-0.13297558459368422
5.15090528491572,5.757242087665358,3.475659134646376,4.317683786969169
0.36534230875313334,1.1964266292479993,3.2459968882492998,-0.8903874930693929
-1.1307278671782397,-1.9923582471863224,4.332531594798702,0.29643510818890917
4.508340220733961,4.046085252961185,3.957033677322599,4.313123503173802
-0.17656785078094764,-0.014726647375193804,-0.10250999444751713,0.15124156653133972
4.225481860825772,-1.238709446183229,4.850244788132594,-0.5547749782795419
4.4718237468089646,0.5415521028291312,2.4764862205937126,3.4284377633787546
3.734632206936031,3.7677212643455023,3.729765568261157,3.8593475217590756
2.77399170504715,2.6145605487281545,2.637674036849974,2.5364433108010855
4.235312277576251,4.451767055259394,4.231975034643527,3.957350051995047
0.0070117029861745655,0.057063005357756866,-0.2645245580195426,0.25258187190737297
2.535862160909667,2.6548750141719237,2.5424472243434746,2.449288677635732
0.15348121682796248,-0.3738233901600133,0.14183550681650245,0.13968714420322992
-0.4208967263168518,-0.19130764164397254,-0.09795529398561707,0.03121822050308399
2.0962556571599134,4.314274220500296,-0.6222535485907157,3.168241881222068
0.17701345660480713,0.2260435402163665,0.12718308407789786,-0.16357662233037037
4.289021249519107,3.8864429148456865,4.428867625575217,4.459681922776156
3.6849295575955097,3.752740236270568,3.4374484215287215,3.939108888323158
3.34378735756378,3.473991954938625,3.3388274614481848,3.2822164090950414
5.807242584460342,2.8209804142216734,-0.04566193900887239,5.992718289057067
4.3811037883256105,1.0153522908731114,-1.8260477692561992,0.20117842465447122
1.394928873798607,5.890784856149734,-1.1450786643417876,-0.7789677993935173
3.784700719071377,3.9292457479335643,3.8081484283174394,3.845174934857997
0.25513103923885266,0.33049348268451334,0.49669140509019594,0.5595669938213875
4.465062603138606,4.039077012610621,3.9755698817528566,4.012759861255497
-0.059848448294896744,0.09401162032473126,0.054333790986231534,0.25993004453717644
-0.0026708475036907736,0.17333818626731418,-0.05092314533973861,0.49265483161350604
-0.029605409042854035,-0.06449491348916726,-0.5321314059769054,-0.12225377771744067
0.6443444728361509,1.9415920683146712,-1.949830579678001,-1.4666856278618017
0.006094799470387376,-0.058189161165798725,0.04020803782399954,0.21134222221308105
-0.1978680264816889,0.22528337915690408,-0.7315381692135071,-0.3921534564912857
0.16696461147301328,-0.06362403668268772,0.1368812685606692,0.4633633354368415
0.08182042114883833,0.1276007570786357,-0.06927121545845207,1.0714737654078932
0.369561536587191,-0.4221805690187302,-0.4683091534312091,-0.5776760672293058
-0.4250248761582702,0.09392757886558406,-0.23571581963025312,-0.02111515082738696
2.3946262053505665,2.4499809574189024,2.3145610639884295,2.565152447725031
-0.24160995541968472,-0.5183008482361822,-0.11726993812653029,0.1721417587215173
0.43457297559733543,0.2676600255413514,-0.06882798868313887,-0.13490028049889213
0.44741688783728634,-0.1916705990053953,-0.13319458789381963,-0.1303053826855552
3.613888382834765,4.002323470588755,0.8215520613404159,0.8936783700346123
-0.15310286214183622,-0.13433142760567296,0.28135508920851177,-0.10699891832200316
4.013949562955892,3.6988550332964776,4.114216163835649,3.7309844987046343
1.4945003303034512,1.6693078005636803,1.6332576043174059,1.6861125160532735
0.8861457383540177,0.9638501933482383,0.9109072577758043,0.799820446068488
3.0268365874856435,4.019035735203173,3.8731477825027607,3.4119363403149405
3.858617344187215,4.32522172823851,3.8862330172749395,3.8913178347045023
0.4225107438230704,-0.18261324097933254,-0.3961807739368956,-0.2008855799609275
0.2026248855055021,-0.0852829278982431,0.711416536207575,-0.033628587526523535
0.3394330824197304,-0.02824966557618326,0.09924503138272596,0.45558886810964844
-0.06729383579127027,0.14456227710561456,0.3042911650600383,-0.512697532964761
4.025863464164479,3.442570474192464,4.23580809911479,4.42501890769832
3.74150511248117,4.124741192000158,3.5760616752775642,3.935944346237168
4.2440869005914035,4.138884879134944,4.409610503449603,4.514494307099409
2.315057767468544,2.1816577161819315,2.245561570626167,2.122653944666518
4.408978916009569,3.822442157527727,4.581339774605633,4.354055150667284
3.98720738777331,3.871976989062447,3.9316932537379796,4.631349786284259
3.9483507916522105,3.98408849514373,4.018275665213643,3.9472210387119047
-0.12100981143063225,-0.03780887559390454,-0.251255016847516,-0.4817888282152208
-0.2589669188545521,0.1929029585877107,-0.4322279114007215,-0.31398826825813503
0.3182285658431425,1.197686319749101,5.1748634113056395,4.057792472698327
4.349141413976094,4.035809445726102,3.9982378127418166,4.296891796065415
-0.10401608716873277,-0.3760314019313068,0.2978976510153735,-0.3276601039296292
4.492811794408735,-0.9961458534763672,0.11819252735443797,5.215614243088254
-0.3712059638063562,0.037216768933994664,-0.48013215991688146,0.226160633651291
4.407042998383265,3.5906562016913326,3.465403351732094,3.895762896260804
0.18005257089887813,0.5953747195375699,0.3186643406768346,0.3091137993456084
0.5333715891041029,0.48600079360190895,0.4825617068146246,0.528984565013118
3.5624426863326373,3.679218589493016,3.9049913458577348,3.794753887781098
-1.2676437919505403,4.045362303229176,2.39418937970889,-0.4019203573677146
3.9979610087347823,4.396853559023678,3.8439502353806287,3.893128788673546
-0.036350040986462655,-0.6025756405111877,-0.27619396278400987,0.05047030272702965
1.953970150844016,1.9206741978861042,1.7066017254685155,1.8885519220894926
1.814409831246583,1.8647225606301823,1.8015730022092356,1.6973731090893363
-0.1649094207626354,-0.056371181633031855,-0.36058100426009215,-0.1412356673122022
0.3486612147298588,-0.32916091394491026,-0.6369301050127325,0.31191812726781015
3.7184722793750358,4.4971155944035175,4.150718145775011,4.191438590177547
4.142042172717068,3.9194360354418016,4.3047363147953845,3.779523311515134
5.889786931780584,-0.6780383015420801,3.276798664829615,1.0270801122791182
4.704806708370364,4.1697500646584205,3.5735563465123517,3.701592490767269
1.6165604111543204,1.5112643448520064,1.315149409762783,1.501705376770076
4.085723164007963,4.09998381988827,4.159542011997432,3.893570293866304
3.842306499367146,4.1979869833128935,4.070938802844113,4.581800437688437
0.5894668216017872,0.4515024568049052,-0.009550205284065375,-0.03745253179348641
4.652808964001053,5.270472579486846,1.55657550556412,3.4339830088661305
4.016773660801064,3.303495823853515,3.9630375211619326,3.806793500029415
0.293620801781204,0.6714430015493859,-0.3882255969483746,-0.311636463061486
1.5089631172428757,1.5604062920318786,1.4978795141639654,1.5898147378314258
-0.20761578051625657,0.040491032997088255,0.8299809213305612,-0.016082838021402635
2.7257284251613996,0.014535186139183587,2.140084791804041,-1.577013734730624
3.7551922202971553,3.417554062080253,3.491195877171441,4.660741890364723
3.388167915373446,3.4923957091218285,3.5898781959840416,3.606647881699845
0.10550381152488049,-0.356077615958823,-0.10236181938620191,-0.1469339341240227
0.06914956830710188,0.577053894770262,0.1586972532388885,-0.04042078401904901
3.206972510905176,3.8653027195970995,3.8923278497943503,4.039958203206462
-0.22784253056694806,-0.38108283718932784,0.1339474249174343,0.1272730157468938
-0.12111393160294061,0.19456886956334463,-0.4630331726677424,0.17238642867635043
4.802352081520027,5.470247138447599,-1.171584494812655,-1.9722849294770404
0.8661106764934542,1.025334560847488,0.7625916824197841,0.7825764188756684
1.2747073652271481,1.2579766094069003,1.2395425778817641,1.2444480599888266
0.177921001539094,0.3718904967903614,0.2986785035999476,0.047387634047678276
3.93781104029607,3.9753234472891212,4.042807477088005,4.593401314355139
0.35263161328861536,0.29697771537644113,0.2537423777335637,0.44054840854427485
2.150744432784284,2.077929384642606,2.1659570704903763,2.1436500264358296
0.12540112223068262,0.3857103163047706,-0.0520775386576885,0.35710633171586376
3.571585911546573,4.178572369913832,4.056422797981019,4.320711179959668
1.9726050370958788,1.9586854279935373,1.877081304092149,2.07268683330406
2.9374128696961757,3.919568597039442,-1.4459489048302148,-0.9832387453180509
0.14323550541146562,0.24422954207298397,-0.44687451212980317,-0.2083679360092718
3.799424256586444,3.7970863300928133,3.822220059096918,3.820078291111887
-0.8168186245960625,3.9781594038943755,1.5778423715997336,-0.26485507395150076
3.8117690274756515,4.099264418866482,4.30002866850033,3.887632431494158
-1.3258834048905426,-0.8478060331891584,0.95325650892093,-0.1963106147692244
0.17721126536831558,0.03458961666323731,0.00889287753614857,0.8875876337679528
-0.6924249729995342,1.4037037174718474,3.376274632597992,4.686501728911676
0.04934408759304124,0.22456245862803487,0.05366313279502148,-0.08065538020442302
1.4640536726250586,2.1027501757455562,3.0825684351900033,4.043218308708548
-0.13692778684307771,-0.22354416655757797,0.03730758978567462,0.45509210347398343
1.9664470517639927,2.0613873479195375,2.0758044356444993,1.9463097237886817
-0.2186259135874126,0.14654278736724616,0.32895984852310406,0.27481237819676657
4.08430920536038,4.112346481562875,3.6391272689548675,3.9013444684961
1.5730771217798298,1.6764083099828064,1.7765268130754572,1.7715654750964176
0.6474510598750733,-0.252263585141958,0.004291527213941067,-0.11471610878866767
0.34313243273008176,1.7697197968327014,-0.5880393935189359,4.218220261376784
-0.30586863795870267,-0.032225369570962135,0.1356795640424471,0.07200088568563281
-0.2246482396708356,0.17027841780832947,0.21544516276555314,-0.2998142247820556
-0.5128982706480855,-0.28854160253540806,-0.2451926944322341,-0.25430432099960937
3.7550772016450384,3.819761515416779,3.9734858568102753,4.228706935176158
3.9612948918032704,3.9450740291187723,3.7305044864867614,4.507512542658301
0.23694841042028958,-0.3022526403705528,-0.391735759902492,-0.26484869631661107
2.8157174671528464,2.314447345250154,4.059483849468148,2.7790287840986316
0.22261751500095067,0.22856789722483922,0.20658475257041647,0.31287965829054276
4.300521063445767,3.8192337738140236,4.374469616241733,3.661493971554971
1.2002248978270855,1.3151942994767525,1.2882084873053037,1.2743129106737296
2.5897450234805923,4.071760972427695,-1.7405915184532956,-1.306865675831605
3.2778019406633145,3.292825233384219,3.3684252442424927,3.5006655594498612
2.9022181554433333,-0.9057530563604388,2.8227789852331933,0.9620337119574209
3.7377322207304515,4.030293880491594,3.651522245311186,4.113962408851349
0.18332390218514752,0.2189529864484791,0.12779224225416647,0.11504489798623649
4.157820912206115,4.117142022614448,3.9185088277067557,4.443627849641596
-0.22061904413967867,0.05592888011984087,0.3253929070037817,0.3573567786980961
-0.8500972368040508,-0.1600222877735001,0.2543780438732082,0.4146692516565652
-0.4561101371899559,-0.13423204915352477,0.13904617647732131,0.11774797740320807
4.646753967262367,3.4065999704228025,3.820999512748623,3.543695240858475
1.6221509664092693,1.6330003198315173,1.6665227890501118,1.5380153006559376
-0.5791589657598362,-1.4343727829192368,-0.8822896645921663,3.9608827860924203
3.7694496991813033,4.258738774208538,3.4095552513148957,4.610748080961511
3.942010071130996,4.143205842900769,4.284551410083596,4.223598826720209
-0.6709252050973942,-0.3282820257527969,0.699618598862897,0.10353727218362149
1.2796147316664968,1.2778688994201943,1.2186412402623856,1.0436544139517367
0.22123846337634667,3.468115726074134,1.7928669667461001,-1.1125198600841806
1.0655128660820763,1.0609672570426119,1.226077580698872,1.1384907028055113
4.057915661771768,4.460190733200697,4.115092956849108,3.7403131984867337
2.6548881442131034,4.898543918922602,-0.4765987571705219,2.411414013879962
3.651997070026464,3.5132353653137725,3.8128898027226805,4.124713226301962
-1.417891418579437,0.37882581048840525,0.4661722521037577,4.361498847947742
4.111475275816565,-1.0212849969328497,5.911145903797966,-0.20604830717938238
-0.05917091052128549,-0.612628924648627,-0.41977016058287603,0.31730853042846474
2.294083143594368,-0.43728822802571354,2.019059752340077,2.7950981706546036
1.1431832418784837,1.2673107191028838,1.100202504444237,1.1021872096094003
0.062133166029128786,0.25403601038995915,0.13848161796923036,-0.32890605155299324
3.8785829884138527,4.011239436860752,3.8231380748133597,4.055732523285222
5.903876654631357,3.9012161531336886,3.9164633403522595,-1.5325173720993996
3.7334411123189497,3.979868289119891,3.7921478338864207,3.9607294403776767
0.777258527734423,-0.28249199759088395,-0.8496489310207913,2.2854926716836585
4.159444484450783,0.7739095538504932,4.589050818226295,0.12654735626049973
3.395970984307773,3.9913874801343034,3.9690572627318628,3.471606052806676
4.078292336638208,2.417074920697641,-0.894384260473112,2.96238512518548
3.286484142050147,3.352974367356129,3.2082144172801317,3.2258018732471476
4.224490881335285,5.1575406034095534,0.7314795610003957,4.7241244579755115
-0.3564320055923238,2.2393600582350146,-0.5179465836469648,1.3279115568656925
0.9930409173627448,1.0496966382223074,0.9816570706245645,1.1346007950338182
-0.4729871708720712,0.11949840150726268,-0.033423092823694864,0.01823798004562189
4.216848723326938,4.105035480360032,3.8355868050869857,4.326177628639095
3.8505600517071343,4.354252840372029,4.012388147954709,3.6446717264271604
4.275024010313072,4.173538729072631,4.586377155920348,4.210107315363527
0.9959534638396397,0.9586793631279198,0.5093494762260447,5.694835866945099
0.06774432778383102,0.1360943938261826,0.4194752495881594,0.0864521487694181
3.971482842351099,4.0158525443851625,4.06506765563056,4.0087512529907325
-0.4868860684251072,0.04880118777064518,-0.15639168168483844,0.25425521094867115
-0.24749761615414811,-0.07705360830733414,-0.3150656970774271,0.1703640202361991
-1.944452950358551,3.3558520900688995,-1.325990053071072,4.253944049781329
0.3792624181168824,0.34667194674527935,0.5588761125719163,0.3864099061084784
0.16412073942694103,0.4497947900707475,-0.47527912105731723,-0.07835904626062755
0.8300230072598357,0.9142146995011435,0.8171044223162515,0.8995667332523374
4.612095007636656,4.288552121647843,4.39260647822366,3.888478210733968
5.670077634906754,1.5598423344469419,-0.32287390238322367,-1.7727957033990602
3.6730998909793233,3.6977461937890332,3.9252995442276157,3.8297198164347486
-0.08078804692522627,-0.0332552163159021,-0.10237851486197573,-0.06538387863088253
3.970455012942921,3.6351083339699413,3.895414872378333,3.8106297082868985
1.9936561674407771,2.029487218668247,2.141748848613751,2.080929190306861
2.6916866619246953,1.2426465587817361,-0.7616215415246765,1.2391639746485437
3.8485069382833785,4.145369937843388,3.910331208065095,3.968834219148961
5.647068103695343,-1.9332519398957144,0.9197493190570318,5.049545982059018
4.626309629337399,4.414994740929785,4.211345502740226,4.215862285215516
1.4089952390300557,1.4425787344539487,1.4284965941527503,1.3051367040597328
3.994382537220258,4.125343792095241,3.8713347233905093,3.810656173795456
0.15438254198147466,-0.01607048426574814,0.12685609521130298,0.03721789842205255
4.3116466258082085,4.455936037636613,4.243553473892772,3.315545093332141
1.4007647376573011,1.5210908028082935,1.4509359252121539,1.471648812038736
4.745825506225217,3.9518983558223746,4.318809091873991,3.826804958922404
4.024289822693135,3.537667596130932,3.862286683435071,4.087446538416724
0.36569575863972786,0.1260538790965084,-0.36401543428429417,-0.3979463355161822
5.03956073350573,-0.31956049499693684,4.477796214146958,5.233467578684487
0.3650717412416333,0.05903402781043318,-0.34920356351084486,0.27390136022456407
0.8595672548772217,3.7573110400838603,-1.3596267650809297,4.340389187596944
0.23338893957550777,-0.36688414468473257,-0.05613992054868871,0.28747069314967877
4.084388735513404,4.531633401803758,4.184853583576559,4.021334191700917
3.7120816965096473,4.225844133099736,3.69339066520999,4.2506234904350855
4.1485513236752825,0.32780722176205135,3.7832073984439054,-1.0766938397971373
3.994066835813892,3.5414610538906164,4.519361711065302,4.186704499967767
0.7811204178507529,0.7962791279605045,0.6689910841702251,0.8901260007168436
0.09106306037323447,-0.15831394953603523,-0.6905773383355046,-0.4562724768935751
3.3136035819347516,-1.2571480233060193,0.8076893646816625,4.52580671030738
1.4796552629108644,1.5493066494596497,1.5600161660367882,1.7037312046942972
0.22951645379910535,-0.24869665012830308,-0.19774539320899429,0.18333706501677327
0.3416040482372467,0.505943548222588,0.3475490191834767,0.25664073091151385
4.0191040993681675,4.8896079059224045,5.606209335894899,3.7351383670619667
3.920467884885768,4.222179596259794,4.7170225168052795,3.6104450357396956
3.7547467178803156,4.253904031555283,4.322660154646223,3.761046641172892
0.3523800713872021,0.0902539206619743,0.5877286057521425,-0.3251033038078745
3.8799594817395273,4.033401759255987,4.069983273061815,4.072246605181181
4.211899852145382,4.129219054570429,3.899702406530987,3.994052427144667
2.5202681546439134,5.542696425226352,4.501446251240557,1.9353290648479824
3.716930832391099,3.629015968282694,3.9605481904836655,3.7007063970048426
0.0008537747690433059,0.20646681333068548,-0.2638609029027156,0.0850881971421873
-1.2200566684157375,3.628576254832282,1.5407047326283507,-0.06298287616340659
2.607360516371305,2.8822190555247778,2.6321104046392874,2.633448247213937
-1.2920808448892913,4.0114047211579065,-0.6550109665953014,4.2294149921195086
4.623102723744458,3.7238445894567045,4.219990508650116,4.1908253153390564
0.24336763804449682,0.25161398259743134,0.20967637055471763,0.04375783841512281
4.453553723939997,-1.1630696903985642,-1.5205312683733574,3.6966517802739034
1.2010242122610417,1.263872560427131,1.081452821221077,1.0268119388434733
4.781036937734586,-1.094767841432975,5.281184201181222,-0.016635073127691413
3.6195064463099977,4.524721671293042,3.7439555871543724,4.092877450063348
-1.1945237537016178,4.829456268760279,-0.9945176617206046,3.3730949540889785
2.0487153586977764,2.177502211187454,2.212694115700883,2.1001605533089913
3.8318900274563523,3.7344093438803427,3.856699686427407,3.883239956048351
-1.9234231445887051,-1.710846330756512,5.064665584444224,-1.110601385164192
0.02742849255421712,-0.15069938648090225,0.29209331393974763,0.29938721570314814
0.36075497600091094,-0.46894701184476273,0.4887270874144198,0.7667683377683479
4.234236488361419,4.168502814240174,4.431356145197593,4.510263270949309
4.233946535967603,3.9678785694354457,4.146893899438965,4.007514611712902
3.7889047100571647,3.781951106743698,3.7595979567732214,3.8013963047853476
2.4745252780735303,2.5435753449933536,2.3200444322473683,2.4589477687862447
3.912056867236696,3.8068805857874892,4.011576740662094,4.059527801609172
-0.03716684908878686,0.2617243311171009,0.06040033146744784,-0.17880946079182589
-0.34752477325973746,0.037954951791070606,-0.4080023031369177,0.23220000062273555
1.5731007343998564,1.33936485057583,1.4272251742541884,1.5537280395958113
0.5951473913141695,0.5548148482012283,0.5994868080547392,0.4836996134221925
-0.32568918099016836,0.2992036339750757,0.08489354941559761,-0.4518884141754276
3.6418560429450118,4.374559004717135,3.7292149536408514,3.826702361115085
1.205895428449676,1.1836435892932968,1.1844644963263007,1.189552005583126
1.7059513989351154,1.8015236106467765,1.7356653923413807,1.8150091336607375
4.142538722402628,3.9518545806141554,4.132256424238707,4.587390162075428
-0.38152408485902606,0.22413852350305238,-0.20394836771993638,-0.18150379682189685
-0.09442744401523798,-0.3257707203380599,-0.2197385960161371,-0.36375693932855085
4.200816720815148,4.1685761869432465,3.3917225299597296,4.032882438040133
3.87322176596172,3.758512875790633,3.68823819605119,3.9590885346567846
4.079034142720649,3.829769872565186,4.582234910063631,3.8816897430577297
0.22281600850804534,0.37457146931086005,0.1347233626465851,0.08902415907672433
2.2883899657854836,2.3522572938813213,2.3342938008341343,2.202895574863428
-0.5686546434239634,2.073573470393315,2.5496690853201356,2.3949392026241743
-0.8616175827796846,-0.16453360355146898,0.4328277320972415,0.3163164117526267
5.593463347845082,1.0581773627581486,-0.1924538823493105,-0.05418142353531685
4.273050586331415,4.30423928602804,4.3426357308460695,4.15143366745601
0.16576120419009685,-0.09430029564988293,0.4213385288873866,0.0016495030916850227
0.3797808776116602,-0.2600221206795305,-0.2036658454866163,-0.028412690681067335
-0.15852022648032968,-0.14298046727458338,0.1063965829292816,0.5163647394418177
0.37564616360953906,0.3371648630289139,0.05617727280250589,-0.09799551065025816
4.090401489063728,4.132670703956368,4.153816811413753,4.426067542024855
3.7676106363259945,4.256677715569891,3.6546841686234703,4.181676951142999
4.0428255547758525,3.85226995875634,4.342658952774429,4.040653193330909
4.124984742781773,-0.4204747819843755,0.14815274866427242,4.842437237584272
0.6853045450275047,0.6987265513757009,0.5351350454402439,0.6941535908660915
3.848529162963738,3.84360223210428,4.429885798227521,4.237842717959973
0.3991892329081945,0.064918970481603,0.37663929658389417,0.29231586100334817
3.15960728371899,3.2238768138592975,3.2294614936877744,3.146909544792794
4.210872466352131,4.46794106304831,4.395295530810548,4.3226175856851015
-0.21973466433353275,0.37704624955450927,0.3394933527587663,-0.1660212986404695
-0.5314599313529541,-0.20996317037937517,0.2782387295275747,-0.05209070483706474
0.5520461952262814,0.5282087921972007,0.3823996340218019,0.5509032717384575
3.7133585899476502,4.1660511523574275,4.506963858806976,3.921280427793803
3.9299932980027314,4.107476515502326,4.305268293510674,3.2245766630490644
4.660940460141358,4.751646591905629,1.3144994108574872,3.7975960012745213
3.84974392102081,4.100266737469714,4.20822281488364,3.6247858387866523
-0.1098245084695922,0.15588334395984063,0.6174278804024883,0.11052550268623557
0.6157391754494246,0.7885722518947809,0.815759710446007,0.6184570587147169
4.039168930341195,3.757940852411359,3.4750526502010453,3.6326433569011383
-0.11408732913350425,0.09377805592539673,0.3969821128963859,-0.0009464519618326766
-0.014404257525137189,-0.3337587930734296,-0.019423485445871937,0.12687578388478468
-0.2931283509912691,0.23848675023188726,-0.5572692972809954,0.15861050588116937
5.5804020059411386,0.5522907726883499,1.489106737162901,-1.0284236024866082
-0.26130757323693626,-0.1716686242731038,-0.5797642090947795,-0.09316987064400656
4.243420220696583,3.91712546611155,4.246818180378435,3.586871277309984
-0.41410539709628974,0.5094176976741752,-0.20656455973906632,-0.3254306313759246
2.1405344198822607,2.1394086689300194,2.2561567342159794,2.2666800606347244
2.794438673766721,5.890947548506719,4.059872600490583,-1.6222248915202337
4.029097414849662,4.180855779807534,4.0051286961339425,3.724385719354743
4.318052104993221,4.0693234306852535,4.182516799979605,3.7848981570104754
0.22787814835758002,5.212828543588715,2.6611681172016928,0.4644011212640349
3.6938492199826953,-0.5105954756191373,0.41825859955196787,4.339065200414209
0.646825693453601,0.08251204536962194,-0.052303104420069545,-0.2144642323832447
5.482354338204897,2.4781672669975627,5.0322118559483275,3.0314437596689316
2.105824846105919,2.942483484258977,3.6267236799283795,1.9648836166375432
0.8187057263861361,0.896214702624123,0.8528316995214363,0.7952535898454747
1.8868503654423898,1.8254380525757274,1.9277172306292243,2.0539931119631945
0.06019800261575904,-0.25596045473416823,-0.4728698542189968,-0.03826864860297927
1.4552210461687487,4.957762298550581,2.6495478700369572,3.717380333124198
0.09766564886417158,-0.08097537035551804,-0.2628980215876459,-0.42756328827631934
-0.14237902642259004,0.5778743723762577,-0.5154843002521977,0.16360167057621558
4.772086835640002,5.193045721954829,4.766402460719806,5.714850315484285
-0.3761642003247037,-0.19132545073602308,0.2721315587400904,-0.42860421006779065
4.651615274074842,3.814050389789023,4.433273518747416,3.526651663665208
4.124897845167617,3.951431320802574,3.7065091464257747,4.52378216224902
-0.46607345265602096,0.12258766825218295,-0.3034931259518721,0.2533003818257634
-0.05036316796388384,0.39255553569780505,0.2644250759277775,0.2662326955339769
3.2697396285553912,3.3730694948209647,3.1981543222543385,3.3093644394142605
0.06979489746316395,0.48197904157044125,0.050616680080943735,0.08260255892397685
0.05908907907851634,0.13478147858208556,-0.08635182726201918,0.04876274198900775
0.053482265129297095,0.4577996750588004,-0.08436451595681876,0.03249257951470629
1.0438617498254175,0.9540958225752766,1.0166106782294246,0.9237031832555452
3.4090030401578892,3.613352244323584,3.7242306127633493,3.5914566514109216
1.8917074355166512,2.030274325565726,2.1003232414565063,2.07630469166985
0.07811239755729031,-0.3106585252262852,-0.39544101955051597,0.1556144645821924
3.6019806679781996,4.465798127495425,3.98227899236368,3.4319904188951966
0.061458095713971074,0.03348820759500173,0.1356649271878232,-0.18399815371848113
3.955679175302417,4.177654953169597,3.2402336424954417,3.9847397781513427
4.134990423283142,4.021219802606979,3.294601417866691,3.9625580752851906
3.6637556287999438,3.9868620782953816,4.153902485427142,4.153479467339015
3.6037365392070946,3.6271135230146863,3.8988131795433683,3.8952935803731914
0.7427399650913006,0.8732347591115042,0.7402727239190005,0.7553953243528401
4.140152559896893,3.8543559249278543,3.793768183899289,3.5615822686626997
0.0201800732291222,-0.32413862857466264,0.06859863947131685,0.09682665641879998
3.5888464993910927,3.7399940917342085,3.393995128752758,3.962331150612405
-0.3954131470426367,-0.5795306936702965,-0.12589222248303242,0.19042893947805675
2.828932233779963,2.8037927341541096,2.804861631278882,2.784121169480748
5.89326596000834,-1.5961410488195824,1.9629707779074872,1.9034334039934722
3.473267371683167,3.3165380821306245,3.4664110084695374,3.2766335177575803
0.056713032724232997,-0.3245457369871859,0.27129186604039274,0.359996294574784
4.212232060788055,3.5837105840371786,5.701792187808227,-1.6037944007136833
3.9662672969812256,4.0046671543600985,4.183725409810014,4.207156313808416
4.027739938798372,4.025979326853993,4.053809947279044,3.8391885470353184
4.060324905818666,4.23825473773354,4.277595385768177,4.110882474784999
3.484392357099815,1.36226170187481,1.0324982206085052,5.79094110681428
1.2279304922077472,2.264561629272582,-0.6129908170221308,5.179584449120662
3.706134736470211,3.8244999768096357,4.146616293683184,4.8152286198604894
-0.19278295243997137,0.08996551996373196,-0.0024769544003560772,-0.2398017462591398
4.033799764103431,4.272112678661755,4.231825011709445,3.7418712752607926
0.1766634947336495,0.24459676190977242,0.24785346319372276,0.112878874766591
3.9459085661261692,3.8857095677494127,3.9776036321645094,3.9734505576367587
3.867943935884281,4.153990421680322,4.268966417183535,4.4191390493297265
0.1111444184935932,0.08400117449769076,-0.32178817264490095,-0.11500354097819916
-0.7154364422938393,1.7201500601668496,-0.7103990732645418,1.1885068775992238
0.16417572395490915,-0.21528950532648403,0.2513805681580566,0.22205954381596574
3.417780576043817,4.368016562022367,4.030870113956284,3.9352505762178374
-1.5015295941231797,-1.241685869698454,-0.4091209870618284,1.6645961513455676
0.9122188088329537,1.1745086662619162,3.0157176120010565,-0.004876820165834239
-0.30957402689979063,-0.7913767461865135,0.4801872417999968,-0.2374986709915683
1.4362148921648914,1.5320138240282881,1.5815954945856285,1.56802651588076
-0.24266974159362467,-0.18373657441555633,0.4396368003721206,-0.13946976767259062
3.3909186840446095,3.4359347282413757,3.5591589137845787,3.8222177417283016
2.309525415165139,2.2975983331061767,2.3354118190314486,2.3940324467026164
0.17660566641324363,0.39995721085297004,0.7679550691897412,0.010470769218601331
-0.43987470277678575,3.7755872056790176,1.0632529615037862,0.48865770991484503
4.217725176510232,4.053278337837467,3.993053344909898,4.051819263807992
-0.4395348666164853,0.10903366864050859,0.5588782755315685,0.25051762404337097
1.7618674088602884,1.7579488253776345,1.7255416659619232,1.7662873254001992
2.917230687148672,3.102174459749119,3.0552794224746576,3.0198243014157606
2.665239719834778,2.705351084691266,2.8928012631869198,2.7738924214353964
3.543594798406852,3.8721641562901317,3.8148714081317268,3.806294944441813
4.343607192156133,4.20820358879491,3.7927649653195528,3.883837678997248
0.3609578556189952,-0.023912651726476383,0.07218935724920097,-0.046770054217158026
3.6768511271997038,4.4515337914663915,3.6800088588461417,4.389068485226583
3.2162869650968067,3.3168643979712122,3.0800284290468256,3.34150427853212
4.171576849647916,3.9348302145551264,4.016295395267476,4.046799275827868
4.262260507485693,4.270140622210691,3.6225083347820037,4.328756466172425
4.199973239061992,3.826408711961759,4.246729108881914,4.425163071558663
-1.0242398189159339,0.045832212442008746,0.4899653019417185,-1.1645839606674695
1.145312369779825,3.7691794301333568,4.805681883819871,4.983624206283025
4.825859284772204,3.3969883757454458,3.8546845591240597,3.867813611395802
2.7831360715795004,2.712681128897459,2.84084897119734,2.749116518158184
0.2622239427480598,0.1228065074776921,0.23155399066822901,-0.34288561186245
3.9842487334007566,3.5646781515997916,4.003262129891654,4.2470267490591125
2.0510427282531585,1.9784894220350293,2.098619768916975,2.107086213206339
0.3982454862046911,0.3397127335372402,-0.029427390365832706,-0.3309149583048233
4.221999436441944,3.787652549418373,3.7899555646221117,4.145721332885495
4.265759056838047,4.439498320354561,3.500009671182416,4.1580890735446285
4.115166285172007,4.136611785106967,3.743304331378123,4.158778477047853
-0.10580880522210638,0.050484611341457986,-0.024417420625588025,-0.2441239799911905
2.1035053670776627,2.832508159696454,3.0881606502829015,-1.4961026447401924
1.4459710251212128,-1.589060215265092,1.173586074109373,0.1486375236492492
-0.8790668533103929,0.3105787688738247,0.16885835434718627,0.2438435611490604
3.842918899061748,4.321753256442078,4.23873030313503,4.14346084761476
0.6906962166822755,0.7194006617237385,0.6066413283787101,0.6633208153011438
1.0144326498429248,1.0640302490523703,1.069217923647907,0.9783867039222091
0.351136289208436,-0.1652679615351427,-0.11958717742017014,0.033135932787169614
0.1894363849087317,-0.05257531639054167,0.003572361565406525,-0.4253435298057817
-0.19347763725742728,0.4726949237899433,0.2259828635997956,0.08534086701886502
2.9616522296428545,2.9076346540090547,3.037091311459958,2.960746736124838
2.829596037296291,4.174360742176177,-1.0331817719409697,5.264934924712621
4.635855613015392,4.4257671838056885,4.533990569723969,4.503520430576329
-0.6434842603392532,-0.8053033382012087,1.308747350418522,2.962977284876552
0.16539066542092662,0.12587674355941855,0.5446956191757322,-0.0758250902099281
-0.3120488642938446,0.515710404325351,-0.09715793513560388,-0.05648905754810006
3.8476188023174362,4.548494849782211,3.6455952993777903,4.0822024380238915
1.145388241190153,1.2157056719741333,1.1634359022463847,0.9960129911746504
2.347962390422852,2.0826504850903955,2.0959864871504323,2.2217644452478886
-1.0126083508016999,1.8712383459931408,-0.056935566498373724,-0.7447891438008352
0.37657121241726554,-0.20666069515407645,0.49828574644438184,0.24219245586321858
-0.19660107799994397,0.45347049613265183,0.14487448268167735,-0.0911639818331438
3.1651130300196977,3.838709104712499,2.4611968163170452,1.7769709458077294
0.45715560515994097,-0.20496778289993683,-0.552609551521523,0.33045779584595175
4.643915365573327,4.642126233149862,3.8093510306445864,3.847819785595395
4.0002932167719605,4.28681456994492,4.5355054751115,4.203146852688415
0.3437052640203672,0.09804141590248959,0.1298670176326657,0.08932886692513868
-0.1429025263842023,-0.9380035384501753,-0.9876189940461506,5.587144072060809
1.3257215944219924,1.2874285937239123,1.2260182901153307,1.2921592706058578
4.139871079327666,4.271304492754583,4.272179760183667,3.7173134526544986
2.4039671370401523,5.772799680101847,2.12413516690959,2.319751422184458
3.6959806321752113,4.436582307404901,3.7665952992652287,4.182740098492726
2.17496410350606,2.1255968721427205,2.0449057333912197,1.9800705547289152
3.5190164082213644,3.723810572736443,3.926843468954863,4.180761269327538
3.2223138970663943,1.1575819237190608,5.400250361600431,-0.672313113489901
3.657818581180651,3.4620030218681985,3.5002248942705347,3.541763584975733
-0.08246326396978039,-0.42482467575657906,-0.20073078787003365,0.4836579128437164
2.177894745728899,2.117021416539469,2.2325562234845,2.0919805882175395
4.396449215065049,0.9121127344972271,-1.2045139485405087,2.606454099304009
0.028028637644104046,0.11469586769781427,-0.5772588554766729,-0.010221788645631051
0.3367499088667759,0.19557399008124732,-0.06500603940981643,0.1141034368933065
-0.04741745273017695,-0.1832799264789473,-0.3747469894052699,0.10521487751648904
0.2869805793168036,-0.42561777421063574,-0.25962968145454624,-0.4124063913066658
-0.4371300157857407,0.41504739247779593,-0.011513481105715364,-0.1793371722128518
0.16117345831615934,0.03357768556705941,0.10133516129481317,-0.06521795216154262
1.6941036332901036,1.8147730470012253,1.6427173199560317,1.6226014720179016
4.4842571884415525,3.89249064267573,4.331945345327095,4.062150814902913
-0.0432040042440878,0.3949816787590657,-0.21130264413862748,0.22518297506054435
3.982863787340803,3.7062064271761184,4.327078872449421,3.568884380599929
-0.12038540952383503,2.1760513960313537,2.1141991517673375,5.8434209022018635
0.4253900485310097,-0.21985319407576268,-0.25618344576877927,0.17275450857920163
2.506223555036151,2.4011854099917382,2.368338251803829,2.3922958992904744
2.5964670808493153,2.7475216883974865,2.7615754804803165,2.719840931588994
3.9657114851522373,4.43364907590745,3.986272195471622,3.531440106437893
5.5182420897173925,1.7283888528463383,3.289595841367632,4.618672607407293
0.20737838768263198,0.25093737638310193,0.34608529243056163,0.264521589509206
4.357584045781625,4.246344636906059,3.8025042183478948,4.0278920096732
-0.48133092015379564,0.4887363615997492,0.26248869873099223,0.10568147462144185
0.2790004962346228,0.3358269408781842,0.3361171218737383,0.30431705187872793
3.366575463134004,3.4335767611713357,3.4594671437650377,3.303059035189464
0.5792552601144906,-0.12175301253340706,-0.3265525666466787,0.17055126200036266
-0.8383416894922735,-0.311731314979317,-0.6508223875236109,-0.010681645382948872
-0.7088592325356743,0.0722810592211539,0.18608320683530896,-0.07780249028781208
0.2942368419191865,-0.14409435340231375,-0.6270356996258978,-0.4155105169172017
4.843362431061259,1.716761416321254,2.1686663945633597,5.502300065589212
-0.07404473308232266,0.020636499757793247,0.09677302139916112,-0.13024995607547732
0.11145740453993015,-0.0475815620875498,-0.6561257791914668,0.01410073361059333
-0.12157444658982802,-0.14082864751900998,-0.37062559374610005,0.2334029190555
2.362441932910505,2.310774221569285,2.4595953001016726,2.4206131407036935
0.10790611786991876,-0.10930716004986546,-0.060825824829861395,0.23161377820155138
0.016460255737069218,-1.174398768906907,-0.5611458226597366,2.177701150705433
0.06936843775743591,0.3228338229985856,-1.0762481493643372,0.3446608425333886
4.122278038386934,3.7357816304510725,3.3907123383498408,3.7477431008370496
3.6944355751346984,3.332140678693276,4.192516480211113,4.813077875461854
0.2672119173879512,0.5264658545943328,0.4486932411100408,0.320817800911721
-0.0660671585403789,0.22324965262408158,-0.029178395802762772,0.19121429566367984
4.131630615754527,3.954564338961138,3.8453637893560457,3.5302739446884996
2.6171161369268643,2.711502204830258,2.6788771980011257,2.7509382519001866
2.77103130061868,3.053738988577285,0.47494669268951384,0.9635087997968981
4.569461789254081,4.154990859722308,4.1156178294257515,3.894749826731001
1.1337389758011625,1.13021440266904,1.0112208273180938,1.0321558042798797
4.141458256434749,3.6717952776258294,3.4503028316535413,3.766144225810729
2.835982408510356,2.74460002564752,2.8928915397234056,2.9138789436093813
-0.4018324124536702,0.16660698157441198,0.06861622198063094,0.13929463923673302
4.006655732542655,3.7970754425845277,3.5839891965318245,4.183701124246662
4.839857184024903,4.206851498203683,4.03373795266256,4.271602755072584
1.9663444544244832,-1.726995145778111,0.9403093012889556,2.2214655883530305
-0.20473528025999413,-0.5076157246133868,0.22280586634848548,-0.02417496661288524
2.891551418929837,2.9155800372921568,2.839999098998366,2.889493533222858
3.8045432000648676,1.5266057700781568,-1.0251238160900868,1.5621760755674545
1.2285339028688844,1.025637732793313,1.131033574978265,1.2891243108154642
2.4549025250558705,2.379689983084634,2.431071482364657,2.4393738120064206
1.3580687308056978,1.329812889577419,1.3751772574210637,1.5496390128065667
-0.18918551742917278,-0.4183125338139569,0.2738063807459566,-0.38207107104367316
-0.03200234716747268,0.06787849412061076,-0.4418932827334728,0.0018087981513105016
0.9127969489599428,4.360936005983976,4.754728634394481,-1.5613944016324197
0.14230418936154007,-0.16917717945794172,-0.2991964406327702,-0.3300129337862091
0.20371928905599174,-0.1837576056351566,-0.014103376346009801,0.24125430042322865
-0.6674685474038409,-0.17464456865971645,1.961138739860563,-0.652959312175394
3.9636539780780278,4.22604684142546,3.9871582234526355,3.7468602957156465
0.2935677234421529,-0.03830237237489898,0.23009962874412296,0.6819315321186463
3.0857047621924476,3.3292157333650243,3.0708100870575965,3.066729191378999
-0.3810662565521514,-0.03443053715355575,0.21383707922360795,0.0702212718648684
0.12587030276861835,0.062078255784978026,-0.6754604957963609,-0.17669116394120363
5.738676996609003,-0.3991204574616676,-1.1590093074995211,5.884336432444374
0.9584243775327514,0.9982196392586957,0.945331612917604,0.8046561476647203
4.061843080805523,3.9765174850911458,4.029972343045408,3.963569817162057
0.2970398684145938,-0.10612630013440476,0.1907828116933768,0.08538090894406691
4.210181406291235,3.8095726204629896,4.079996086261677,3.6274450778588463
2.178499253483947,2.2101242235768557,2.210135699990798,2.095807264038214
-9.321513934502938e-05,-0.35454282263122494,0.08989038095392403,0.43535064684014263
-0.12632355162150422,-0.3499413961848915,0.2569664569180386,-0.005217366669059154
4.23143260257437,4.139039298248042,3.992310823647915,4.133415299566187
-0.3171167332018808,0.3960804956796302,-0.003009795827215004,-0.2536933285185689
4.27955978943516,4.420152235730639,3.564119268279579,3.8545663049439334
1.8185776407057335,1.9337614238948153,1.778076929786291,1.8901560310643317
-0.2277154591442292,-0.23216106902476685,0.37278488212247307,2.8128978120418635
4.30739148922326,4.373519441785371,3.783859226177642,4.008661376251363
4.833514634844107,3.0769134020961673,2.4524188828590274,-1.6321757038399776
3.3842986332772194,3.4714853660519234,3.535907810618005,3.3183242205509886
0.43010022129116804,0.5164749595455139,0.5884854414920521,0.38649773509440377
0.07543925521307826,-0.20843946453165083,0.2666978752784567,0.34832050729394504
1.9219078847917155,5.173640560865528,2.3417530585123654,2.6351980812736144
0.5034206127875459,0.3552356242787868,-0.21347180131092303,0.5262936775242727
0.2997752547568783,0.18255186021685235,0.41041707156022983,0.32454054967644025
3.702305735662508,3.725613186640139,3.9651399154602482,4.053091692804933
-0.23265609181853975,0.2177774433958129,-0.3209841781725327,0.2327534562569275
3.617472066156816,3.9334101531174976,3.986049665942486,3.437066972770346
2.3689976269700344,2.3237384080904047,2.4467671518502736,2.348859577186501
0.1321746900866998,0.024778625860881035,0.2882640225641532,0.535307038590391
-0.0018921752741616516,-0.06199869095926995,-0.02595668591464055,-0.2745921209831936
4.692555926803096,-0.13233318577510822,1.5225403207327917,1.781705092976523
4.149207442892177,4.1508842833908135,-1.8332269666250758,4.82913130930806
4.138983148718104,4.252761828247648,4.129473373444205,4.041012052918212
4.993871123791796,1.0531584992679228,-1.1876264675935202,5.210572760450488
0.23316654371038767,0.05743137285987433,0.31528760176255616,0.06001469547496399
4.199690864051862,4.417869634052773,4.051480636172441,4.009650796932058
5.964421246123502,3.2701079829260102,0.965970848576414,1.063748476048925
-0.0693875830510354,-0.2837510042490852,-0.09899873165230942,-0.3458828855247063
0.6794832069865337,0.8321224633974824,0.6327366872217861,0.6687367471123021
3.834253513544039,4.46855139714342,3.824492436177167,4.416121708044291
-0.5482615473083285,1.70743885628581,-1.9449086472468435,-0.19134315437216554
4.12272166912013,3.991724620895795,4.231384665671433,4.49989564044789
4.431670028180177,5.538952103038072,-1.1946397077828035,-1.9657357522037193
0.551060551117979,-0.215520946726639,0.3404834082857803,0.46491651637968456
1.895898913526195,-1.9525501069308033,0.461621090879893,2.0064120723435916
3.795678799719144,4.034562335071299,3.994727590305995,4.0487905467345024
3.7035413411104017,4.222989039754826,3.7866519994874888,4.17324432630516
-0.9883057313779053,1.3221510535969054,0.669190434863614,-0.6827205165271515
2.485077958213281,2.5550066575007633,2.4859265040984284,2.626190348377827
