version,n_puntos,n_clusters,tiempo_ms,ite
KDMeansFB,2400,18,19.2199,1
KDMeansFB,2400,18,0.735109,2
KDMeansFB,2400,18,0.734488,3
KDMeansFB,2400,18,0.754959,4
KDMeansFB,2400,18,0.747389,5
KDMeansFB,2400,18,0.738698,6
KDMeansFB,2400,18,0.738409,7
KDMeansFB,2400,18,0.748968,8
KDMeansFB,2400,18,0.788619,9
KDMeansFB,2400,18,0.777689,10
