archivo,Dimension_1,Dimension_2,Dimension_3,Dimension_4,Cluster
anillo_centro_4d.csv,-1.77468,-2.43871,-1.82409,0.228778,1
anillo_centro_4d.csv,1.49373,-0.310678,-2.70412,-2.90283,1
anillo_centro_4d.csv,-2.33398,-0.057537,1.71486,2.68426,1
anillo_centro_4d.csv,-2.74124,-2.63953,-1.12031,0.965842,1
anillo_centro_4d.csv,-0.175376,0.0648221,-0.0129026,-0.0846541,2
anillo_centro_4d.csv,-1.27699,-2.62509,-2.08731,-0.709893,1
anillo_centro_4d.csv,-0.738649,-2.61133,-2.55952,-1.15244,1
anillo_centro_4d.csv,-1.72719,-2.96735,-2.46412,-0.384975,1
anillo_centro_4d.csv,0.360996,2.17326,2.68902,1.85801,1
anillo_centro_4d.csv,-0.352193,-0.222892,0.11045,-0.247771,2
anillo_centro_4d.csv,0.237057,-0.282071,0.0310741,-0.198275,2
anillo_centro_4d.csv,-3.10827,-2.66462,-0.824601,1.62171,1
anillo_centro_4d.csv,0.137843,-0.0322505,-0.352076,0.0741265,2
anillo_centro_4d.csv,2.53444,2.01236,0.205996,-1.77477,1
anillo_centro_4d.csv,-2.46928,-0.897678,1.38712,2.59592,1
anillo_centro_4d.csv,-0.48424,-0.0454834,-0.09912,-0.0407286,2
anillo_centro_4d.csv,0.149724,0.078344,-0.115072,0.111798,2
anillo_centro_4d.csv,-0.499221,-2.05083,-2.93524,-1.93628,1
anillo_centro_4d.csv,2.84641,1.66292,-0.779842,-2.38561,1
anillo_centro_4d.csv,1.67976,-0.504681,-2.58568,-2.93801,1
anillo_centro_4d.csv,-0.0899945,0.280471,-0.430349,-0.184389,2
anillo_centro_4d.csv,0.0614866,0.154004,0.150959,-0.0639992,2
anillo_centro_4d.csv,1.37056,2.8045,2.39936,0.785842,1
anillo_centro_4d.csv,0.139287,0.360154,0.00772335,-0.369044,2
anillo_centro_4d.csv,0.418547,-0.290019,0.242802,0.0102145,2
anillo_centro_4d.csv,1.62074,2.77604,2.2235,0.525276,1
anillo_centro_4d.csv,0.927061,2.75552,2.84765,1.49291,1
anillo_centro_4d.csv,-0.287131,0.400911,-0.0321269,0.316906,2
anillo_centro_4d.csv,-0.0889605,0.0230769,-0.31315,-0.181776,2
anillo_centro_4d.csv,-0.80231,1.12853,2.7281,2.40752,1
anillo_centro_4d.csv,-2.82822,-1.3794,0.658418,2.27798,1
anillo_centro_4d.csv,0.113005,-0.0791906,0.469756,0.329902,2
anillo_centro_4d.csv,-2.94197,-1.82196,0.229485,2.52761,1
anillo_centro_4d.csv,-2.16375,-0.174101,2.31038,3.03148,1
anillo_centro_4d.csv,0.180219,-0.418203,0.707795,-0.180195,2
anillo_centro_4d.csv,-0.397508,-0.473067,0.290447,0.187874,2
anillo_centro_4d.csv,-2.35913,-1.00377,1.30065,2.66094,1
anillo_centro_4d.csv,0.00343887,-0.226093,0.310737,-0.0526605,2
anillo_centro_4d.csv,2.43832,3.36762,2.0485,-0.144355,1
anillo_centro_4d.csv,-0.0324884,-2.48445,-3.22619,-2.50221,1
anillo_centro_4d.csv,2.21945,2.80145,1.98177,-0.401645,1
anillo_centro_4d.csv,0.0873206,-0.0548137,-0.219414,0.0849374,2
anillo_centro_4d.csv,0.0793422,0.0964974,0.398738,-0.228004,2
anillo_centro_4d.csv,0.239283,-0.158075,-0.286822,0.265339,2
anillo_centro_4d.csv,0.362821,-1.94022,-2.96012,-2.35651,1
anillo_centro_4d.csv,0.0376933,-0.0481298,0.195258,-0.30665,2
anillo_centro_4d.csv,-0.0813783,-0.622994,0.434195,0.00511036,2
anillo_centro_4d.csv,-0.0812556,-0.0367884,0.212357,0.260266,2
anillo_centro_4d.csv,-1.35784,-2.92915,-2.92364,-1.19343,1
anillo_centro_4d.csv,2.0919,-0.414696,-2.13521,-2.93789,1
anillo_centro_4d.csv,0.381571,-1.97331,-3.60524,-2.75058,1
anillo_centro_4d.csv,0.345609,2.52799,2.84426,1.90054,1
anillo_centro_4d.csv,-1.50238,-0.272444,1.72505,2.49618,1
anillo_centro_4d.csv,-2.66884,0.0387329,2.5663,3.33174,1
anillo_centro_4d.csv,0.137504,2.46957,3.1965,2.12244,1
anillo_centro_4d.csv,-2.17909,0.153525,2.27712,2.95211,1
anillo_centro_4d.csv,-1.45602,0.790681,2.57121,2.92414,1
anillo_centro_4d.csv,0.422941,-0.269551,-0.113528,0.00295346,2
anillo_centro_4d.csv,0.568634,-0.0977216,-0.105861,0.43411,2
anillo_centro_4d.csv,0.139616,-0.537029,-0.148695,0.00372356,2
anillo_centro_4d.csv,1.73086,-0.465674,-2.13179,-2.76123,1
anillo_centro_4d.csv,-0.203345,-0.518408,0.235882,-0.154164,2
anillo_centro_4d.csv,-3.00754,-2.76155,-0.421503,1.86026,1
anillo_centro_4d.csv,0.172906,-0.0992789,0.0969529,-0.468595,2
anillo_centro_4d.csv,-0.299413,0.0987789,0.016423,0.292902,2
anillo_centro_4d.csv,-0.042431,-0.163676,-0.225704,-0.254261,2
anillo_centro_4d.csv,-2.19991,-0.473679,1.69681,2.9413,1
anillo_centro_4d.csv,-0.410389,0.159544,-0.274956,0.198256,2
anillo_centro_4d.csv,-2.01528,0.454239,2.51271,3.34902,1
anillo_centro_4d.csv,-2.61506,-0.881293,1.19617,2.74454,1
anillo_centro_4d.csv,-2.05408,0.247981,2.56241,3.10542,1
anillo_centro_4d.csv,0.435077,-0.284613,0.201959,0.263495,2
anillo_centro_4d.csv,1.72736,2.75639,1.63095,0.23795,1
anillo_centro_4d.csv,-0.289955,0.344953,0.109924,-0.261274,2
anillo_centro_4d.csv,-0.00905569,0.0642774,-0.201703,-0.292894,2
anillo_centro_4d.csv,1.17429,-1.23131,-2.45874,-2.83248,1
anillo_centro_4d.csv,-0.0190442,0.283102,-0.321615,-0.0168106,2
anillo_centro_4d.csv,0.0208484,0.231551,-0.170282,0.253725,2
anillo_centro_4d.csv,0.442021,0.54512,-0.227656,-0.618156,2
anillo_centro_4d.csv,-2.42335,-0.427418,1.61176,2.82269,1
anillo_centro_4d.csv,-2.85801,-3.04325,-1.91098,0.431822,1
anillo_centro_4d.csv,-3.29203,-2.96628,-0.471648,1.25576,1
anillo_centro_4d.csv,1.31883,3.03978,2.51403,0.990449,1
anillo_centro_4d.csv,0.133871,0.0368132,0.312731,0.197269,2
anillo_centro_4d.csv,2.53991,0.788274,-1.66858,-3.07943,1
anillo_centro_4d.csv,0.327216,0.516656,0.380087,0.149347,2
anillo_centro_4d.csv,2.28543,2.94613,1.91007,-0.202076,1
anillo_centro_4d.csv,-0.185398,-0.247885,0.461628,0.0946674,2
anillo_centro_4d.csv,0.457071,-0.155202,0.161752,-0.158021,2
anillo_centro_4d.csv,0.125657,0.299408,0.0859683,0.209924,2
anillo_centro_4d.csv,0.0827862,-2.14549,-3.28919,-2.16474,1
anillo_centro_4d.csv,0.134509,-0.0372722,0.326158,0.109201,2
anillo_centro_4d.csv,-0.00356581,-0.5304,0.0196648,-0.125383,2
anillo_centro_4d.csv,0.171705,-0.167544,0.192161,0.258952,2
anillo_centro_4d.csv,2.77117,2.78712,1.51578,-1.13648,1
anillo_centro_4d.csv,-3.04057,-1.77602,0.74642,2.35402,1
anillo_centro_4d.csv,0.0391015,0.292273,0.0875374,0.350576,2
anillo_centro_4d.csv,-0.320529,0.0472713,-0.293877,-0.535827,2
anillo_centro_4d.csv,0.281922,-1.81837,-3.29853,-2.43335,1
anillo_centro_4d.csv,-3.4276,-2.80206,-1.29012,1.26459,1
anillo_centro_4d.csv,-3.19063,-2.33221,0.27451,2.58554,1
anillo_centro_4d.csv,0.0734382,0.271139,-0.00158433,-0.0998638,2
anillo_centro_4d.csv,-1.03697,1.45818,2.99073,2.47658,1
anillo_centro_4d.csv,2.20965,2.97005,2.11135,0.00372509,1
anillo_centro_4d.csv,-0.307867,-0.219127,0.194449,-0.24608,2
anillo_centro_4d.csv,-0.077091,-0.365996,0.169882,-0.281942,2
anillo_centro_4d.csv,-0.0151265,-0.235001,-0.335222,0.0204112,2
anillo_centro_4d.csv,-0.151113,-0.500941,-0.22978,0.0998164,2
anillo_centro_4d.csv,1.58253,-0.956273,-2.50077,-3.08927,1
anillo_centro_4d.csv,-0.0957973,-0.0788341,0.317036,-0.0674054,2
anillo_centro_4d.csv,0.37134,0.161145,0.238249,-0.101449,2
anillo_centro_4d.csv,-0.432798,-0.168532,-0.217664,0.238523,2
anillo_centro_4d.csv,0.37057,0.17525,-0.0200439,0.247293,2
anillo_centro_4d.csv,-3.07451,-0.839261,1.56026,3.15382,1
anillo_centro_4d.csv,2.3389,0.124277,-2.13427,-2.94506,1
anillo_centro_4d.csv,-2.17235,-0.210979,1.9248,2.82508,1
anillo_centro_4d.csv,1.70358,-0.603445,-2.1842,-2.68527,1
anillo_centro_4d.csv,-0.113086,-2.14502,-2.61608,-1.54531,1
anillo_centro_4d.csv,-0.719713,-2.2279,-2.49887,-1.48826,1
anillo_centro_4d.csv,-1.35007,0.478754,2.48921,2.62248,1
anillo_centro_4d.csv,-0.117969,-0.379038,-0.21062,0.136093,2
anillo_centro_4d.csv,-1.17422,-2.65935,-2.76148,-1.38971,1
anillo_centro_4d.csv,-0.140215,-0.191174,-0.363675,0.414745,2
anillo_centro_4d.csv,-0.093678,-0.127205,0.0812861,-0.495469,2
anillo_centro_4d.csv,-0.170406,2.32591,3.36067,2.23513,1
anillo_centro_4d.csv,-0.0564484,-0.175498,-0.169987,0.000968138,2
anillo_centro_4d.csv,2.59113,3.30625,1.47583,-0.888649,1
anillo_centro_4d.csv,1.66229,-0.708665,-3.02955,-2.75757,1
anillo_centro_4d.csv,-0.159947,0.110917,0.215132,-0.243121,2
anillo_centro_4d.csv,-1.90219,-2.88809,-2.18781,-0.436128,1
anillo_centro_4d.csv,-0.164891,0.207019,-0.379811,-0.012499,2
anillo_centro_4d.csv,0.630745,-2.2897,-3.31587,-2.55692,1
anillo_centro_4d.csv,-1.97678,0.312357,2.47576,3.1158,1
anillo_centro_4d.csv,0.210348,0.164025,-0.211432,0.100577,2
anillo_centro_4d.csv,0.0107469,0.0757205,0.0359765,0.61616,2
anillo_centro_4d.csv,1.9068,3.0181,2.57857,0.709464,1
anillo_centro_4d.csv,0.0102265,0.437363,0.161033,-0.192846,2
anillo_centro_4d.csv,0.29244,-0.0863343,-0.00101119,0.040002,2
anillo_centro_4d.csv,2.5775,1.17421,-1.18289,-2.67123,1
anillo_centro_4d.csv,2.52471,0.35522,-1.96917,-3.24288,1
anillo_centro_4d.csv,0.521932,2.69331,3.37728,2.02933,1
anillo_centro_4d.csv,-0.241096,0.184065,0.0294059,-0.29255,2
anillo_centro_4d.csv,1.79892,-0.95506,-2.60197,-3.16468,1
anillo_centro_4d.csv,0.182336,0.204409,0.149778,0.0777913,2
anillo_centro_4d.csv,-0.131668,0.0514169,0.116108,-0.124987,2
anillo_centro_4d.csv,2.93337,2.24343,-0.341851,-2.06972,1
anillo_centro_4d.csv,2.7779,2.02458,0.268967,-1.55446,1
anillo_centro_4d.csv,2.88423,1.75214,-0.26455,-2.40346,1
anillo_centro_4d.csv,0.266983,0.145886,0.0472145,0.0818262,2
anillo_centro_4d.csv,2.7359,1.32571,-0.784114,-2.76178,1
anillo_centro_4d.csv,-0.00218633,0.0692515,-0.494598,0.410165,2
anillo_centro_4d.csv,3.36709,2.62135,0.0963055,-1.96415,1
anillo_centro_4d.csv,0.312574,0.163772,0.104202,0.741201,2
anillo_centro_4d.csv,-0.387095,0.0597056,0.00483258,-0.470728,2
anillo_centro_4d.csv,-1.02147,1.60312,3.21226,3.21607,1
anillo_centro_4d.csv,0.0601613,-0.281309,-0.297493,0.240767,2
anillo_centro_4d.csv,3.1769,1.23303,-1.20984,-3.06208,1
anillo_centro_4d.csv,0.346897,0.328705,-0.241415,-0.104929,2
anillo_centro_4d.csv,0.438069,-0.34362,0.00485307,-0.0654062,2
anillo_centro_4d.csv,-0.499731,-0.303121,0.168685,0.367262,2
anillo_centro_4d.csv,-2.52784,-0.98268,1.29571,2.99486,1
anillo_centro_4d.csv,-0.035262,-0.27192,-0.214512,-0.34882,2
anillo_centro_4d.csv,-0.426091,0.121835,0.345486,-0.182354,2
anillo_centro_4d.csv,1.85159,-0.012658,-2.13083,-2.43056,1
anillo_centro_4d.csv,-0.366042,0.0893004,-0.297751,0.2201,2
anillo_centro_4d.csv,0.202168,-0.265629,0.364756,0.155417,2
anillo_centro_4d.csv,-0.203086,-0.501465,-0.136121,0.0631425,2
anillo_centro_4d.csv,-2.61609,-3.29064,-1.88992,0.780579,1
anillo_centro_4d.csv,-0.126024,-2.20258,-2.66779,-1.89163,1
anillo_centro_4d.csv,-0.377855,-2.02335,-2.5162,-1.48612,1
anillo_centro_4d.csv,0.303337,2.33052,2.82267,1.41841,1
anillo_centro_4d.csv,2.74345,3.21805,1.98609,-0.275917,1
anillo_centro_4d.csv,-0.500035,-0.400814,0.0568042,0.323618,2
anillo_centro_4d.csv,-1.029,-2.30741,-2.25393,-0.926599,1
anillo_centro_4d.csv,-0.338627,0.123913,0.259752,-0.133756,2
anillo_centro_4d.csv,0.219981,0.205066,-0.201365,-0.156566,2
anillo_centro_4d.csv,1.19467,2.7613,2.30337,0.916557,1
anillo_centro_4d.csv,1.92564,0.172366,-2.13811,-3.13983,1
anillo_centro_4d.csv,-0.247668,0.464273,0.323593,-0.100595,2
anillo_centro_4d.csv,-2.42952,-0.268636,1.514,2.8776,1
anillo_centro_4d.csv,2.60383,2.85914,1.39733,-0.841045,1
anillo_centro_4d.csv,-0.217048,-0.0856925,0.199976,-0.0421694,2
anillo_centro_4d.csv,-0.0402938,0.0578356,0.182534,-0.261435,2
anillo_centro_4d.csv,-0.895464,-2.6038,-3.06078,-1.4197,1
anillo_centro_4d.csv,-1.14556,-2.80823,-3.0025,-1.03294,1
anillo_centro_4d.csv,2.4709,0.487872,-1.55215,-2.95575,1
anillo_centro_4d.csv,0.308062,-0.0635629,-0.352081,-0.159758,2
anillo_centro_4d.csv,0.030435,0.0108123,0.293125,-0.310008,2
anillo_centro_4d.csv,-0.00729015,0.0505938,0.0343156,0.186952,2
anillo_centro_4d.csv,2.93973,2.2648,0.360211,-1.73021,1
anillo_centro_4d.csv,0.304468,-0.195291,0.254038,0.206149,2
anillo_centro_4d.csv,0.534782,0.233531,-0.0746615,-0.195789,2
anillo_centro_4d.csv,2.46659,0.736624,-1.38675,-2.73746,1
anillo_centro_4d.csv,0.0516504,-0.403495,-0.0558325,0.423516,2
anillo_centro_4d.csv,0.00252621,-0.0438772,0.188025,0.0207322,2
anillo_centro_4d.csv,0.263113,-0.0785744,0.493299,-0.103823,2
anillo_centro_4d.csv,-2.56061,-2.15083,-0.611544,1.29845,1
anillo_centro_4d.csv,-0.0223793,-0.0852303,-0.281347,-0.0350655,2
anillo_centro_4d.csv,0.259611,-0.0341566,0.467952,-0.016624,2
anillo_centro_4d.csv,-0.238908,-0.259829,0.29415,-0.445693,2
anillo_centro_4d.csv,2.60163,1.27755,-1.03032,-2.4951,1
anillo_centro_4d.csv,0.204986,0.0246813,-0.189077,0.114077,2
anillo_centro_4d.csv,-0.108311,-0.342884,0.135242,-0.250838,2
anillo_centro_4d.csv,-1.83593,0.345805,2.57069,3.03854,1
anillo_centro_4d.csv,0.0750159,0.451699,-0.245613,-0.320726,2
anillo_centro_4d.csv,-0.175945,-0.206029,0.130249,0.255466,2
anillo_centro_4d.csv,2.95423,1.91228,-0.20374,-2.18589,1
anillo_centro_4d.csv,0.365104,0.116751,0.00792044,0.00830325,2
anillo_centro_4d.csv,1.85114,-0.391904,-2.60229,-2.90289,1
anillo_centro_4d.csv,-2.5812,-0.504366,1.91275,2.98263,1
anillo_centro_4d.csv,0.107188,-0.250718,-0.0351727,0.0771376,2
anillo_centro_4d.csv,-2.38768,-0.899708,1.15307,2.85078,1
anillo_centro_4d.csv,1.7515,3.01756,2.76442,0.509154,1
anillo_centro_4d.csv,-1.77524,-2.97797,-2.38201,-0.197623,1
anillo_centro_4d.csv,2.12122,2.63907,1.46208,-0.767445,1
anillo_centro_4d.csv,2.39939,2.45776,1.5736,-0.601778,1
anillo_centro_4d.csv,-1.95565,0.222678,2.175,3.20143,1
anillo_centro_4d.csv,-0.162425,-0.318632,0.0652734,0.00248796,2
anillo_centro_4d.csv,0.501727,0.106551,-0.262605,0.125196,2
anillo_centro_4d.csv,0.658918,2.52955,3.11918,1.21286,1
anillo_centro_4d.csv,-0.0714291,-0.0690321,0.347799,-0.399189,2
anillo_centro_4d.csv,-0.079759,-0.122456,0.271258,-0.237721,2
anillo_centro_4d.csv,1.77901,2.85335,2.50484,0.529643,1
anillo_centro_4d.csv,0.297368,-0.0692114,-0.0191606,0.273384,2
anillo_centro_4d.csv,-1.6243,0.742874,2.78983,3.09967,1
anillo_centro_4d.csv,0.363551,0.464368,-0.201578,0.100147,2
anillo_centro_4d.csv,0.325331,-0.448356,-0.137617,-0.479774,2
anillo_centro_4d.csv,0.521818,0.704218,-0.0223909,0.198556,2
anillo_centro_4d.csv,-2.30113,-3.48648,-2.77931,-0.678985,1
anillo_centro_4d.csv,0.0279046,-1.84417,-2.83541,-1.78171,1
anillo_centro_4d.csv,-0.012579,0.110637,-0.639809,-0.0295736,2
anillo_centro_4d.csv,-0.0696775,1.83194,2.71989,2.21475,1
anillo_centro_4d.csv,0.727796,-1.44634,-3.37483,-2.66302,1
anillo_centro_4d.csv,-0.116886,-0.0781827,0.00845185,-0.0242232,2
anillo_centro_4d.csv,0.0509675,0.288249,0.179792,0.138587,2
anillo_centro_4d.csv,0.163039,0.341265,-0.010286,-0.127644,2
anillo_centro_4d.csv,0.325415,0.142662,-0.339966,0.640464,2
anillo_centro_4d.csv,2.73452,0.681023,-1.14222,-2.74545,1
anillo_centro_4d.csv,0.110339,-0.366965,0.330897,-0.0915639,2
anillo_centro_4d.csv,-0.567362,-0.321962,-0.350878,0.0821102,2
anillo_centro_4d.csv,-2.45706,-2.85237,-1.7061,0.60185,1
anillo_centro_4d.csv,-1.91763,-0.198153,1.97539,2.96196,1
anillo_centro_4d.csv,-2.31845,-3.10278,-1.90246,0.304768,1
anillo_centro_4d.csv,-0.00528552,0.0168761,-0.462208,-0.202211,2
anillo_centro_4d.csv,-0.0584209,-0.0503055,-0.317707,0.405113,2
anillo_centro_4d.csv,1.21126,-1.16613,-2.97491,-2.99198,1
anillo_centro_4d.csv,-2.14571,-3.17206,-2.54522,-0.080244,1
anillo_centro_4d.csv,-0.18889,-0.0407695,0.215163,0.00130089,2
anillo_centro_4d.csv,2.49932,3.19038,2.11374,-0.180018,1
anillo_centro_4d.csv,-1.07288,1.54183,2.52142,3.08425,1
anillo_centro_4d.csv,-2.27355,-3.3163,-2.52545,0.360314,1
anillo_centro_4d.csv,0.12733,0.117301,0.310338,-0.0611104,2
anillo_centro_4d.csv,-0.272969,1.8775,2.82644,2.33512,1
anillo_centro_4d.csv,-2.08515,-0.0900502,1.74413,3.00532,1
anillo_centro_4d.csv,-2.1045,-0.365243,1.91588,3.278,1
anillo_centro_4d.csv,0.890961,-0.819323,-2.3217,-2.38958,1
anillo_centro_4d.csv,1.18267,2.3925,2.43807,1.09457,1
anillo_centro_4d.csv,-2.22483,-2.9328,-2.20412,0.0767657,1
anillo_centro_4d.csv,-0.291162,-0.0824222,0.105088,-0.290888,2
anillo_centro_4d.csv,2.31432,-0.169363,-2.32792,-3.2645,1
anillo_centro_4d.csv,2.77585,2.39536,0.315974,-1.73746,1
anillo_centro_4d.csv,0.157541,0.0141957,-0.501482,0.112482,2
anillo_centro_4d.csv,0.127025,-0.174432,0.275928,-0.175196,2
anillo_centro_4d.csv,0.297154,0.251392,-0.0406882,0.0332343,2
anillo_centro_4d.csv,-0.334511,-0.0591194,0.604826,0.177708,2
anillo_centro_4d.csv,2.71684,2.668,0.445389,-1.56243,1
anillo_centro_4d.csv,-0.00345425,-0.156316,0.486167,0.0376051,2
anillo_centro_4d.csv,-0.23762,-0.226878,0.18985,-0.240151,2
anillo_centro_4d.csv,-0.0216207,-0.000316819,-0.182196,-0.0106308,2
anillo_centro_4d.csv,-1.70435,-0.387429,1.57176,2.63169,1
anillo_centro_4d.csv,-0.0429532,-0.414281,0.158643,0.0752632,2
anillo_centro_4d.csv,-2.26477,-0.202003,1.94131,3.12555,1
anillo_centro_4d.csv,2.43605,2.97212,1.61244,-0.566417,1
anillo_centro_4d.csv,0.377644,0.193989,0.374724,0.0614013,2
anillo_centro_4d.csv,1.8791,2.92821,1.89065,-0.00896812,1
anillo_centro_4d.csv,-0.860923,1.46055,2.51527,2.526,1
anillo_centro_4d.csv,-0.630745,0.321402,-0.238909,-0.167036,2
anillo_centro_4d.csv,0.149461,0.116776,0.117235,0.0657839,2
anillo_centro_4d.csv,3.1079,2.05119,-0.0688508,-2.28434,1
anillo_centro_4d.csv,-2.02055,-2.98591,-2.47103,-0.487477,1
anillo_centro_4d.csv,-0.220086,-0.30485,0.0324844,0.208691,2
anillo_centro_4d.csv,-2.34114,-3.08094,-1.90076,0.093875,1
anillo_centro_4d.csv,0.259224,-0.0886758,0.0462164,-0.190419,2
anillo_centro_4d.csv,-0.10607,0.196158,-0.178005,0.314758,2
anillo_centro_4d.csv,-1.63543,-3.18928,-2.56658,-0.901498,1
anillo_centro_4d.csv,2.40068,2.82577,2.08699,-0.629349,1
anillo_centro_4d.csv,2.98706,2.09385,0.018681,-2.15034,1
anillo_centro_4d.csv,2.89366,2.74367,0.96174,-1.48861,1
anillo_centro_4d.csv,0.665804,-1.73927,-2.3985,-2.33697,1
anillo_centro_4d.csv,-0.0971581,2.29584,3.31343,2.2817,1
anillo_centro_4d.csv,-2.99592,-2.95243,-0.962978,1.23859,1
anillo_centro_4d.csv,0.238242,0.319744,0.159153,-0.11944,2
anillo_centro_4d.csv,-2.81188,-1.16552,1.07947,2.81688,1
anillo_centro_4d.csv,3.19313,2.57719,1.35644,-1.25128,1
anillo_centro_4d.csv,-0.454244,-3.09319,-3.43114,-1.84224,1
anillo_centro_4d.csv,0.604099,0.0959172,-0.251981,-0.0214097,2
anillo_centro_4d.csv,0.265001,-0.204949,0.0991761,0.0136692,2
anillo_centro_4d.csv,2.79209,3.14286,1.11967,-0.852809,1
anillo_centro_4d.csv,1.48779,-0.613128,-2.21727,-2.6018,1
anillo_centro_4d.csv,-0.145808,0.0412471,-0.0755076,-0.403825,2
anillo_centro_4d.csv,-0.133332,-1.83107,-2.73028,-2.10765,1
anillo_centro_4d.csv,-2.78462,-3.04306,-1.79701,0.620974,1
anillo_centro_4d.csv,0.259701,-0.567543,0.385504,0.24766,2
anillo_centro_4d.csv,-0.00890054,0.0825479,-0.556234,0.345572,2
anillo_centro_4d.csv,-2.48766,-0.759211,1.653,2.87467,1
anillo_centro_4d.csv,-0.162091,-2.43222,-2.96394,-2.10965,1
anillo_centro_4d.csv,-0.0725923,0.0394843,-0.0944646,-0.305378,2
anillo_centro_4d.csv,-0.691055,0.0291553,-0.214729,-0.33048,2
anillo_centro_4d.csv,-0.0125701,0.326038,0.179651,0.211563,2
anillo_centro_4d.csv,-2.95859,-2.74967,-0.695145,1.73195,1
anillo_centro_4d.csv,0.500236,0.171948,0.244675,0.143801,2
anillo_centro_4d.csv,2.51466,2.96996,1.69684,-0.420692,1
anillo_centro_4d.csv,0.239371,-0.0656079,-0.169234,0.0640413,2
anillo_centro_4d.csv,-3.28972,-2.6218,-0.30176,1.89381,1
anillo_centro_4d.csv,-0.647256,1.42898,2.96946,2.16338,1
anillo_centro_4d.csv,-2.67265,-2.18454,-0.365806,1.64648,1
anillo_centro_4d.csv,-0.353778,-2.00575,-3.21552,-2.20486,1
anillo_centro_4d.csv,0.126607,0.0662614,-0.110034,-0.215018,2
anillo_centro_4d.csv,0.221099,-0.208726,0.229178,0.324173,2
anillo_centro_4d.csv,-3.09089,-2.30745,-0.521966,1.88848,1
anillo_centro_4d.csv,-0.00510313,-0.430768,0.375208,0.0260601,2
anillo_centro_4d.csv,-0.139488,0.170379,0.443522,0.302642,2
anillo_centro_4d.csv,1.01529,-1.31035,-2.65159,-2.52486,1
anillo_centro_4d.csv,1.1759,2.84393,2.64915,0.979623,1
anillo_centro_4d.csv,-1.31676,0.902451,2.58504,2.8776,1
anillo_centro_4d.csv,0.025245,0.165438,0.511317,-0.0269841,2
anillo_centro_4d.csv,0.250402,0.321496,-0.0925582,0.251706,2
anillo_centro_4d.csv,-0.251733,-0.204433,0.0771542,-0.128221,2
anillo_centro_4d.csv,-0.283536,0.0376124,-0.108133,-0.17046,2
anillo_centro_4d.csv,-1.08807,1.16973,2.36628,2.64994,1
anillo_centro_4d.csv,-0.308972,0.874487,0.0171734,0.166485,2
anillo_centro_4d.csv,-0.155211,0.201906,0.123259,0.544915,2
anillo_centro_4d.csv,0.32306,0.469543,0.230246,-0.254034,2
anillo_centro_4d.csv,0.0652324,2.18796,2.85176,2.30087,1
anillo_centro_4d.csv,3.11551,0.975875,-1.24978,-2.88417,1
anillo_centro_4d.csv,1.44692,-0.770774,-2.4699,-3.06185,1
anillo_centro_4d.csv,-0.191361,2.04054,2.93416,2.48052,1
anillo_centro_4d.csv,-0.214372,0.01925,-0.236691,0.47302,2
anillo_centro_4d.csv,1.6387,-0.637719,-2.37979,-2.74121,1
anillo_centro_4d.csv,2.84092,3.01435,1.41147,-1.24213,1
anillo_centro_4d.csv,-0.233854,-0.170751,0.218336,0.179154,2
anillo_centro_4d.csv,-0.167089,-0.0424911,-0.0567479,0.484363,2
anillo_centro_4d.csv,2.80486,2.12017,-0.0991259,-1.64675,1
anillo_centro_4d.csv,-0.142449,0.271048,0.301569,-0.206519,2
anillo_centro_4d.csv,-0.0362898,0.426955,0.183446,-0.0821447,2
anillo_centro_4d.csv,-1.80094,0.284014,2.13294,2.90874,1
anillo_centro_4d.csv,-1.26973,0.500925,2.53097,2.83503,1
anillo_centro_4d.csv,0.204428,-0.0201899,0.210167,-0.189693,2
anillo_centro_4d.csv,0.42984,0.390018,-0.0242948,0.0273064,2
anillo_centro_4d.csv,-0.198522,-0.192203,0.121295,0.0139694,2
anillo_centro_4d.csv,-2.72844,-1.04712,1.05559,2.57135,1
anillo_centro_4d.csv,-0.0264227,-0.405625,0.12867,0.0448767,2
anillo_centro_4d.csv,-0.168158,0.230173,0.357818,0.12675,2
anillo_centro_4d.csv,0.326154,0.271154,0.452489,-0.14594,2
anillo_centro_4d.csv,0.126427,0.281097,0.184485,0.0445706,2
anillo_centro_4d.csv,0.0829507,0.125479,0.243855,-0.128602,2
anillo_centro_4d.csv,0.982398,2.86074,2.61787,1.50466,1
anillo_centro_4d.csv,-0.0462402,0.831969,0.330528,0.439987,2
anillo_centro_4d.csv,1.23179,2.38572,2.59446,1.00498,1
anillo_centro_4d.csv,0.304984,-1.67147,-2.57107,-1.81317,1
anillo_centro_4d.csv,-0.33353,0.164703,0.100746,-0.137887,2
anillo_centro_4d.csv,-2.74804,-2.4153,-1.18431,1.31128,1
anillo_centro_4d.csv,0.149327,2.06732,2.75387,1.68061,1
anillo_centro_4d.csv,0.209087,-0.323235,0.504454,-0.392464,2
anillo_centro_4d.csv,-0.226398,0.257347,-0.0352619,-0.0474676,2
anillo_centro_4d.csv,-0.780545,-2.68759,-2.90815,-1.00196,1
anillo_centro_4d.csv,0.116794,0.520988,-0.190717,0.00108458,2
anillo_centro_4d.csv,1.1255,-1.19895,-2.73841,-2.54019,1
anillo_centro_4d.csv,3.09906,1.364,-1.33367,-2.81318,1
anillo_centro_4d.csv,0.731456,-1.78019,-3.04033,-2.52379,1
anillo_centro_4d.csv,-3.20442,-1.02596,1.18947,2.9867,1
anillo_centro_4d.csv,-0.491461,1.65004,2.6471,2.35074,1
anillo_centro_4d.csv,0.455817,0.129489,0.0568352,0.184379,2
anillo_centro_4d.csv,-2.36363,-2.92119,-1.8743,0.34052,1
anillo_centro_4d.csv,-1.10607,1.22593,2.56072,2.76055,1
anillo_centro_4d.csv,-0.0605753,0.137721,-0.00120374,-0.273919,2
anillo_centro_4d.csv,2.70998,1.21599,-1.20496,-2.82288,1
anillo_centro_4d.csv,2.19865,0.791422,-1.51751,-2.86832,1
anillo_centro_4d.csv,-0.446275,1.94011,2.65194,2.39841,1
anillo_centro_4d.csv,0.175905,-0.00797642,-0.117077,-0.0574877,2
anillo_centro_4d.csv,-0.11119,-0.0868989,-0.00317984,0.292766,2
anillo_centro_4d.csv,0.505492,-0.258806,-0.124171,0.129557,2
anillo_centro_4d.csv,2.65238,2.56449,1.00788,-0.941889,1
anillo_centro_4d.csv,-0.0609284,-0.24208,-0.205656,0.00448669,2
anillo_centro_4d.csv,-2.26669,-0.21471,1.90541,3.07343,1
anillo_centro_4d.csv,-0.66906,1.65397,2.99054,2.11396,1
anillo_centro_4d.csv,0.462914,0.160217,0.206586,0.559545,2
anillo_centro_4d.csv,-2.83632,-1.85269,0.182131,2.49999,1
anillo_centro_4d.csv,-0.0973459,-0.102126,0.0635159,-0.127847,2
anillo_centro_4d.csv,-0.0456347,0.317128,-0.215799,0.472012,2
anillo_centro_4d.csv,-0.00732698,-0.590964,-0.375591,-0.324908,2
anillo_centro_4d.csv,0.251937,-0.37333,0.386709,0.0166019,2
anillo_centro_4d.csv,-2.91576,-2.2148,-0.244514,1.92151,1
anillo_centro_4d.csv,-2.9107,-1.01164,1.73148,3.24052,1
anillo_centro_4d.csv,2.477,0.369615,-1.94709,-2.83728,1
anillo_centro_4d.csv,-0.0958885,0.199407,0.508681,0.118946,2
anillo_centro_4d.csv,-3.33375,-1.9741,0.762375,2.83034,1
anillo_centro_4d.csv,0.202301,2.4875,2.99028,1.56208,1
anillo_centro_4d.csv,0.081048,0.464585,0.300892,0.191697,2
anillo_centro_4d.csv,-0.103881,0.0326222,-0.287787,0.106134,2
anillo_centro_4d.csv,-2.49062,-0.43271,1.64759,3.02943,1
anillo_centro_4d.csv,0.0713916,-0.300062,-0.363472,0.307048,2
anillo_centro_4d.csv,0.421318,-1.39084,-2.45727,-1.90609,1
anillo_centro_4d.csv,-0.0791445,-0.360413,0.161568,0.381092,2
anillo_centro_4d.csv,0.173473,0.110825,0.208126,-0.0523082,2
anillo_centro_4d.csv,-2.4623,-0.82684,1.43884,3.10439,1
anillo_centro_4d.csv,0.395569,2.64033,3.33504,1.78044,1
anillo_centro_4d.csv,-2.80877,-1.02486,1.29258,3.12562,1
anillo_centro_4d.csv,0.0445153,2.82868,3.30015,2.58703,1
anillo_centro_4d.csv,0.285107,0.100471,-0.138975,0.594388,2
anillo_centro_4d.csv,-0.271407,0.291368,-0.17075,0.139458,2
anillo_centro_4d.csv,-0.0476619,-2.40043,-3.05095,-2.19742,1
anillo_centro_4d.csv,3.15698,2.09301,-0.393299,-2.39818,1
anillo_centro_4d.csv,-0.0536426,0.198205,-0.408573,0.261703,2
anillo_centro_4d.csv,3.23317,1.11226,-1.77222,-3.42838,1
anillo_centro_4d.csv,3.17547,1.77576,-0.85925,-2.77843,1
anillo_centro_4d.csv,0.286152,0.149478,-0.33809,-0.158285,2
anillo_centro_4d.csv,-0.177438,0.309808,0.000977303,-0.0508562,2
anillo_centro_4d.csv,-0.214764,-0.396818,0.241441,0.42894,2
anillo_centro_4d.csv,-2.1786,-0.188064,2.06955,2.96821,1
anillo_centro_4d.csv,-0.133858,0.140585,0.712542,0.112365,2
anillo_centro_4d.csv,-0.197629,-0.147822,-0.19434,0.299017,2
anillo_centro_4d.csv,1.89052,-0.193384,-2.04748,-2.93891,1
anillo_centro_4d.csv,-1.34788,-2.56677,-2.51079,-1.24193,1
anillo_centro_4d.csv,-0.161297,0.298226,0.200047,0.252847,2
anillo_centro_4d.csv,-0.0377161,-0.00320115,0.292831,0.143182,2
anillo_centro_4d.csv,-0.986391,-2.68197,-3.23673,-1.60086,1
anillo_centro_4d.csv,-0.0529782,0.118699,0.122881,0.106318,2
anillo_centro_4d.csv,0.33714,-1.92953,-2.87762,-2.67235,1
anillo_centro_4d.csv,2.84787,1.76,-0.263718,-2.58881,1
anillo_centro_4d.csv,-2.02399,-3.18639,-2.81339,-0.364631,1
anillo_centro_4d.csv,0.447443,2.73865,3.44155,2.24979,1
anillo_centro_4d.csv,-0.506588,-2.66067,-3.0049,-2.0221,1
anillo_centro_4d.csv,-0.321811,-2.21532,-2.6244,-2.04478,1
anillo_centro_4d.csv,0.675144,-1.4948,-2.83516,-2.54282,1
anillo_centro_4d.csv,-0.899384,-2.841,-2.86897,-1.46001,1
anillo_centro_4d.csv,0.0204053,-0.0823284,-0.00832484,-0.0548611,2
anillo_centro_4d.csv,-0.256664,-0.162351,0.198856,0.255298,2
anillo_centro_4d.csv,0.0190809,-0.000567725,0.0777747,0.216418,2
anillo_centro_4d.csv,0.126156,-0.0883991,-0.292843,-0.0719695,2
anillo_centro_4d.csv,-3.20996,-2.25691,0.0694241,2.28478,1
anillo_centro_4d.csv,-1.66518,0.87949,2.9881,3.27111,1
anillo_centro_4d.csv,-0.122944,0.345543,-0.174608,0.080732,2
anillo_centro_4d.csv,0.147173,0.0562685,0.333317,0.097475,2
anillo_centro_4d.csv,-0.448739,0.302576,0.00979582,0.146842,2
anillo_centro_4d.csv,-0.463064,-2.19816,-2.75006,-1.5222,1
anillo_centro_4d.csv,-2.60869,-1.78159,0.388473,2.15955,1
anillo_centro_4d.csv,0.556015,2.15485,2.15544,1.15993,1
anillo_centro_4d.csv,-0.581286,-2.7674,-3.11583,-1.73399,1
anillo_centro_4d.csv,-3.12838,-2.595,-0.976231,1.83858,1
anillo_centro_4d.csv,-0.176029,0.431376,0.271946,0.410384,2
anillo_centro_4d.csv,0.155742,-0.275113,-0.242715,-0.167521,2
anillo_centro_4d.csv,0.0663848,0.449801,-0.288847,-0.245069,2
anillo_centro_4d.csv,2.7846,1.45044,-0.364931,-2.34033,1
anillo_centro_4d.csv,-3.13287,-2.52167,-0.0443026,2.14245,1
anillo_centro_4d.csv,0.0278766,0.248251,-0.1363,-0.126293,2
anillo_centro_4d.csv,-1.64887,0.750228,2.35153,2.80687,1
anillo_centro_4d.csv,-2.76539,-2.38996,-0.611095,1.31903,1
anillo_centro_4d.csv,-0.0614434,0.0372012,-0.469521,0.00103059,2
anillo_centro_4d.csv,-1.97969,-2.96253,-2.57463,-0.0873206,1
anillo_centro_4d.csv,-0.109432,-0.0923966,0.333404,0.315011,2
anillo_centro_4d.csv,-0.883096,1.47859,2.52605,2.4881,1
anillo_centro_4d.csv,-0.115477,-0.166799,-0.197973,0.124219,2
anillo_centro_4d.csv,2.48233,2.7453,1.23216,-0.960264,1
anillo_centro_4d.csv,2.90154,2.36114,0.676928,-1.72754,1
anillo_centro_4d.csv,0.0846693,-1.6829,-2.60344,-1.934,1
anillo_centro_4d.csv,0.0342258,0.319113,0.242143,0.162807,2
anillo_centro_4d.csv,-0.433292,0.00552363,-0.38313,-0.311275,2
anillo_centro_4d.csv,0.155295,-0.107146,-0.306417,0.0609449,2
anillo_centro_4d.csv,-0.140122,0.587209,-0.219693,0.217133,2
anillo_centro_4d.csv,1.21359,-0.981218,-2.60248,-3.15177,1
anillo_centro_4d.csv,-0.00927891,-0.0383969,0.0766838,-0.0635082,2
anillo_centro_4d.csv,-0.427378,0.360018,-0.0398035,-0.143452,2
anillo_centro_4d.csv,1.63735,2.80987,2.33217,0.306804,1
anillo_centro_4d.csv,0.0144044,-0.0458613,0.00874392,-0.132542,2
anillo_centro_4d.csv,1.58006,-0.767329,-2.48272,-2.90855,1
anillo_centro_4d.csv,-0.0574331,0.202355,0.00939564,-0.081615,2
anillo_centro_4d.csv,-0.0796595,-0.0674276,0.0247698,0.250794,2
anillo_centro_4d.csv,-0.226305,0.363501,-0.47568,-0.369522,2
anillo_centro_4d.csv,-2.32024,-2.20845,-0.243186,1.63996,1
anillo_centro_4d.csv,-1.40495,-2.70001,-2.66744,-0.680925,1
anillo_centro_4d.csv,-0.439396,-0.222743,0.128491,-0.42047,2
anillo_centro_4d.csv,-0.307075,0.128058,-0.0482652,-0.0296068,2
anillo_centro_4d.csv,-1.97802,-0.0849337,2.02052,2.52591,1
anillo_centro_4d.csv,-0.300841,0.185845,-0.112478,-0.167868,2
anillo_centro_4d.csv,3.15152,1.75482,-0.609062,-2.89429,1
anillo_centro_4d.csv,2.64889,0.601937,-1.81714,-3.33657,1
anillo_centro_4d.csv,-0.519052,-2.62387,-2.80584,-1.8577,1
anillo_centro_4d.csv,2.50331,2.93007,1.67234,-0.255198,1
anillo_centro_4d.csv,-0.163366,0.123274,-0.356842,0.131697,2
anillo_centro_4d.csv,-1.24988,1.1808,2.84203,3.27982,1
anillo_centro_4d.csv,0.260725,2.54916,2.89601,1.90107,1
anillo_centro_4d.csv,2.80731,1.63121,-0.575935,-2.64439,1
anillo_centro_4d.csv,2.82572,3.458,1.48571,-0.782259,1
anillo_centro_4d.csv,1.33792,-0.690606,-2.51469,-2.77851,1
anillo_centro_4d.csv,0.409322,-0.140259,-0.21522,0.48558,2
anillo_centro_4d.csv,2.84173,2.62444,0.690378,-1.80921,1
anillo_centro_4d.csv,-0.0525514,-0.413415,0.0909336,0.0759642,2
anillo_centro_4d.csv,-0.135374,0.115015,0.114238,-0.351795,2
anillo_centro_4d.csv,0.113347,0.166814,0.547963,-0.0337689,2
anillo_centro_4d.csv,0.0675569,-0.154478,0.0721074,0.030929,2
anillo_centro_4d.csv,2.97559,1.17635,-0.995548,-2.90048,1
anillo_centro_4d.csv,-2.71637,-2.10536,-0.0978223,2.05191,1
anillo_centro_4d.csv,2.58559,1.61647,-0.0991206,-1.89411,1
anillo_centro_4d.csv,0.144416,-0.450879,0.0436352,0.175712,2
anillo_centro_4d.csv,0.0939861,-0.0383553,0.159068,-0.217163,2
anillo_centro_4d.csv,-0.846706,1.72978,2.81004,2.40861,1
anillo_centro_4d.csv,0.067185,-0.397395,-0.119443,-0.283187,2
anillo_centro_4d.csv,0.284623,0.280095,-0.189801,0.0602133,2
anillo_centro_4d.csv,0.923222,-1.6838,-2.75969,-2.71742,1
anillo_centro_4d.csv,1.69849,-0.841184,-2.69506,-3.22894,1
anillo_centro_4d.csv,0.321972,-0.0511799,-0.305275,0.125985,2
anillo_centro_4d.csv,2.62782,2.57985,1.19704,-0.804721,1
anillo_centro_4d.csv,0.136539,0.193335,0.270949,-0.0346352,2
anillo_centro_4d.csv,0.363918,0.29668,-0.303732,0.534193,2
anillo_centro_4d.csv,-0.192627,-0.120107,0.200266,0.204383,2
anillo_centro_4d.csv,-0.0278042,-0.150171,-0.0673867,0.373529,2
anillo_centro_4d.csv,0.213551,-0.0273702,0.648024,0.084706,2
anillo_centro_4d.csv,-0.37451,0.412034,-0.285366,-0.14181,2
anillo_centro_4d.csv,-2.30388,-0.761325,1.82541,3.03447,1
anillo_centro_4d.csv,2.15242,0.632186,-1.61304,-2.77581,1
anillo_centro_4d.csv,2.86882,1.8969,-0.430909,-1.99823,1
anillo_centro_4d.csv,-0.0566839,-0.0461754,-0.201958,0.200394,2
anillo_centro_4d.csv,-0.868641,1.66501,3.31806,2.83247,1
anillo_centro_4d.csv,0.351739,2.53317,2.9239,1.92165,1
anillo_centro_4d.csv,-0.0663505,-0.106329,-0.256971,0.190289,2
anillo_centro_4d.csv,0.00720842,-0.0209545,-0.501602,-0.0885345,2
anillo_centro_4d.csv,-1.43025,-2.98069,-2.37975,-0.802876,1
anillo_centro_4d.csv,-2.30545,-2.88685,-1.90777,0.186608,1
anillo_centro_4d.csv,2.31475,0.630658,-1.77079,-3.16567,1
anillo_centro_4d.csv,-1.76422,-2.82356,-2.32741,-0.486164,1
anillo_centro_4d.csv,-2.91237,-1.68572,0.341355,2.32969,1
anillo_centro_4d.csv,-0.0651619,-0.223924,-0.259949,0.270235,2
anillo_centro_4d.csv,0.141476,-0.0557681,-0.108354,-0.253678,2
anillo_centro_4d.csv,2.66447,0.978025,-1.39308,-2.99116,1
anillo_centro_4d.csv,0.0557067,-0.24746,-0.00648125,-0.103135,2
anillo_centro_4d.csv,1.4618,2.86488,2.36682,0.647159,1
anillo_centro_4d.csv,0.121068,0.172153,-0.0313768,0.00172623,2
anillo_centro_4d.csv,1.83557,-0.737955,-2.59624,-3.0402,1
anillo_centro_4d.csv,2.31386,2.70536,2.11638,-0.444535,1
anillo_centro_4d.csv,0.573625,-0.0703113,0.227484,-0.0726836,2
anillo_centro_4d.csv,-0.0776979,-0.00937641,0.248206,0.32323,2
anillo_centro_4d.csv,-0.190354,-0.398437,-0.30289,0.165831,2
anillo_centro_4d.csv,-0.193138,-0.213824,0.0136128,0.263084,2
anillo_centro_4d.csv,1.74247,3.04888,2.66867,0.711289,1
anillo_centro_4d.csv,0.133325,-0.0674384,-0.421007,-0.0220912,2
anillo_centro_4d.csv,2.63694,0.747457,-1.3128,-2.79609,1
anillo_centro_4d.csv,-0.0682411,0.430247,-0.359677,-0.203877,2
anillo_centro_4d.csv,0.263607,-0.120558,-0.291865,0.206586,2
anillo_centro_4d.csv,2.43068,0.881144,-1.78163,-3.23902,1
anillo_centro_4d.csv,0.267672,-0.196662,0.168818,0.596313,2
anillo_centro_4d.csv,0.245704,0.160361,0.55538,-0.493092,2
anillo_centro_4d.csv,-2.63896,-2.39237,-0.626268,1.38596,1
anillo_centro_4d.csv,-0.116769,0.242275,0.131466,-0.0552884,2
anillo_centro_4d.csv,-0.00594307,-0.200424,-0.292302,0.278205,2
anillo_centro_4d.csv,0.142883,0.160649,0.0828497,-0.36132,2
anillo_centro_4d.csv,-2.24738,0.216319,2.23724,3.36197,1
anillo_centro_4d.csv,2.42931,3.15288,1.92876,-0.14163,1
anillo_centro_4d.csv,0.0545867,-0.399201,-0.370435,-0.528667,2
anillo_centro_4d.csv,-0.336817,-0.404499,-0.0874561,-0.0310116,2
anillo_centro_4d.csv,-3.26407,-1.18345,1.09569,2.92406,1
anillo_centro_4d.csv,-1.74315,-2.77091,-2.29165,-0.657785,1
anillo_centro_4d.csv,-0.367737,-0.373659,-0.240125,-0.244428,2
anillo_centro_4d.csv,0.148526,0.330466,-0.213052,0.019277,2
anillo_centro_4d.csv,1.94004,0.330119,-2.3577,-3.0059,1
anillo_centro_4d.csv,0.00512865,0.358477,-0.195456,0.458249,2
anillo_centro_4d.csv,2.08643,3.38049,2.46786,0.562623,1
anillo_centro_4d.csv,0.0163533,-0.0964713,-0.396187,-0.185286,2
anillo_centro_4d.csv,-1.18892,0.98055,2.47514,2.65246,1
anillo_centro_4d.csv,0.119129,-0.040878,0.0945544,0.310786,2
anillo_centro_4d.csv,0.249493,-0.180967,0.17962,-0.216238,2
anillo_centro_4d.csv,-2.2445,-0.126149,2.31559,3.02903,1
anillo_centro_4d.csv,2.70884,1.42989,-0.94993,-2.8179,1
anillo_centro_4d.csv,2.90041,2.28843,-0.0637771,-1.88172,1
anillo_centro_4d.csv,0.312741,0.321026,-0.0590197,0.215936,2
anillo_centro_4d.csv,-0.178634,-0.48488,-0.308323,-0.0458431,2
anillo_centro_4d.csv,-2.03134,-0.032741,2.33592,3.02985,1
anillo_centro_4d.csv,-0.0287497,-0.00876471,0.0998469,-0.242113,2
anillo_centro_4d.csv,-0.807766,-2.57394,-3.24852,-1.65879,1
anillo_centro_4d.csv,1.41704,-0.651137,-2.82912,-3.03206,1
anillo_centro_4d.csv,-0.394479,-0.186964,-0.308329,-0.0671771,2
anillo_centro_4d.csv,2.9153,2.09918,0.374825,-2.09535,1
anillo_centro_4d.csv,0.19277,0.637243,-0.589142,0.139323,2
anillo_centro_4d.csv,-1.60295,0.999893,2.88678,3.17607,1
anillo_centro_4d.csv,-0.00283185,0.145781,0.186033,0.188618,2
anillo_centro_4d.csv,1.31455,2.61772,2.48305,1.09991,1
anillo_centro_4d.csv,2.87263,2.44039,0.544318,-1.3157,1
anillo_centro_4d.csv,0.190156,-0.0108064,-0.156731,0.22335,2
anillo_centro_4d.csv,-0.441593,0.153834,0.387933,0.208212,2
anillo_centro_4d.csv,0.407449,0.332459,-0.343352,0.0650547,2
anillo_centro_4d.csv,-0.19588,0.291163,-0.126875,-0.063995,2
anillo_centro_4d.csv,-0.00480871,-0.0873113,-0.0620707,-0.0158418,2
anillo_centro_4d.csv,-1.20351,1.26641,2.35822,2.51857,1
anillo_centro_4d.csv,-0.165796,0.0428501,-0.652413,-0.336116,2
anillo_centro_4d.csv,2.69098,3.32772,2.00573,-0.502336,1
anillo_centro_4d.csv,-0.0843664,-0.0300204,0.0154768,0.35499,2
anillo_centro_4d.csv,0.282459,-0.250249,-0.210072,-0.00148431,2
anillo_centro_4d.csv,-0.525271,0.259928,-0.00979508,0.248867,2
anillo_centro_4d.csv,0.0652852,0.0756915,-0.0698508,0.0272946,2
anillo_centro_4d.csv,0.532293,-0.216303,-0.00896885,0.120771,2
anillo_centro_4d.csv,-0.0229644,0.0526334,-0.595291,-0.216618,2
anillo_centro_4d.csv,-2.25743,0.320679,2.34143,2.98887,1
anillo_centro_4d.csv,-0.507289,-0.163635,-0.178531,0.272964,2
anillo_centro_4d.csv,-0.164309,-0.196963,0.413958,-0.0437338,2
anillo_centro_4d.csv,-1.20101,-3.16231,-3.38296,-1.67457,1
anillo_centro_4d.csv,0.225726,-2.33735,-3.40963,-2.88862,1
anillo_centro_4d.csv,-0.177907,-0.325108,-0.318883,-0.297825,2
anillo_centro_4d.csv,-0.385856,-0.355076,-0.122911,0.12086,2
anillo_centro_4d.csv,-0.333825,0.33749,0.19845,-0.151127,2
anillo_centro_4d.csv,-2.07161,0.224333,2.543,2.87232,1
anillo_centro_4d.csv,0.0440209,0.04966,0.005235,0.476295,2
anillo_centro_4d.csv,-2.13599,-0.2259,2.1189,3.19139,1
anillo_centro_4d.csv,-1.18532,-2.69608,-2.61434,-1.01533,1
anillo_centro_4d.csv,-0.0975537,-0.00229374,0.120945,0.142081,2
anillo_centro_4d.csv,2.00448,-0.208725,-2.47339,-3.33085,1
anillo_centro_4d.csv,-0.00204491,-0.0895352,-0.102976,0.226735,2
anillo_centro_4d.csv,-0.254029,0.268895,-0.342985,0.361668,2
anillo_centro_4d.csv,-1.03349,0.865731,2.42343,2.43707,1
anillo_centro_4d.csv,-0.24721,-0.576847,-0.206245,0.0537869,2
anillo_centro_4d.csv,-0.223851,0.203686,0.0609305,0.162504,2
anillo_centro_4d.csv,1.23901,-0.889948,-2.5904,-2.45271,1
anillo_centro_4d.csv,-1.26877,-3.03407,-2.8807,-1.09373,1
anillo_centro_4d.csv,-0.847322,1.0536,2.40802,2.43192,1
anillo_centro_4d.csv,2.51475,2.44027,1.04937,-1.15296,1
anillo_centro_4d.csv,-0.203349,-2.22544,-3.42273,-2.45505,1
anillo_centro_4d.csv,-1.95482,-0.158053,2.46679,2.93347,1
anillo_centro_4d.csv,-0.497922,0.0796592,0.24096,0.342588,2
anillo_centro_4d.csv,-2.35422,-0.743688,1.25669,2.55987,1
anillo_centro_4d.csv,-2.85474,-1.9679,0.14932,2.45423,1
anillo_centro_4d.csv,-3.51355,-2.42367,-0.407187,1.84232,1
anillo_centro_4d.csv,0.119517,0.0100013,-0.176596,-0.323383,2
anillo_centro_4d.csv,-0.602848,-0.355065,-0.348923,-0.148674,2
anillo_centro_4d.csv,-0.352503,0.0353842,0.27901,-0.0110515,2
anillo_centro_4d.csv,2.31563,3.04341,1.65013,-0.188626,1
anillo_centro_4d.csv,-2.68388,-2.6924,-1.16983,1.25726,1
anillo_centro_4d.csv,1.52784,-1.18653,-2.6365,-2.93893,1
anillo_centro_4d.csv,-0.116164,-0.658253,0.354684,0.137646,2
anillo_centro_4d.csv,-2.11189,0.254414,2.32829,2.95513,1
anillo_centro_4d.csv,-0.57741,1.95621,3.00168,2.38259,1
anillo_centro_4d.csv,-0.164331,0.0786499,-0.185919,0.0725143,2
anillo_centro_4d.csv,0.354578,-0.211552,-0.108752,0.00418855,2
anillo_centro_4d.csv,0.0971186,-0.08986,-0.163268,-0.137746,2
anillo_centro_4d.csv,3.05526,2.55954,0.560197,-1.71239,1
anillo_centro_4d.csv,0.342376,0.343706,0.41419,0.000437358,2
anillo_centro_4d.csv,-0.108221,0.132707,0.00245807,0.149426,2
anillo_centro_4d.csv,-1.73568,0.542385,2.5827,2.98809,1
anillo_centro_4d.csv,0.0377741,-0.2586,-0.073519,0.0772785,2
anillo_centro_4d.csv,0.387015,-1.85855,-2.88373,-2.32394,1
anillo_centro_4d.csv,-0.191585,0.359016,0.0863015,-0.223437,2
anillo_centro_4d.csv,-0.32876,0.108256,-0.28928,-0.0224199,2
anillo_centro_4d.csv,0.447369,-0.00139312,-0.402417,0.461068,2
anillo_centro_4d.csv,0.134822,-0.0407239,0.199326,-0.0548812,2
anillo_centro_4d.csv,3.10692,2.60358,0.670946,-1.59482,1
anillo_centro_4d.csv,-2.2696,-2.98168,-1.91359,0.120891,1
anillo_centro_4d.csv,-0.0851168,0.016555,-0.134449,0.139033,2
anillo_centro_4d.csv,0.0525858,0.118263,0.254836,0.191297,2
anillo_centro_4d.csv,0.39163,-0.190116,-0.410525,-0.317224,2
anillo_centro_4d.csv,-0.434204,-1.9587,-2.37576,-1.68033,1
anillo_centro_4d.csv,-1.13057,1.06789,2.97497,2.91951,1
anillo_centro_4d.csv,-0.168986,0.0633582,0.224383,-0.124378,2
anillo_centro_4d.csv,-0.157849,-0.436821,-0.216458,0.370849,2
anillo_centro_4d.csv,1.41199,-0.422366,-2.35966,-2.56219,1
anillo_centro_4d.csv,1.04769,-1.36026,-3.00366,-3.20831,1
anillo_centro_4d.csv,0.0767218,-0.0204071,0.0814072,-0.104945,2
anillo_centro_4d.csv,-2.52923,-3.19765,-1.69719,0.71551,1
anillo_centro_4d.csv,0.188633,-0.173704,0.357505,0.300387,2
anillo_centro_4d.csv,-2.07883,0.573087,2.74683,3.2912,1
anillo_centro_4d.csv,-0.257165,-0.152861,0.251115,-0.37486,2
anillo_centro_4d.csv,-0.653528,1.70521,3.0217,2.49362,1
anillo_centro_4d.csv,-0.719243,-2.63754,-3.12208,-1.9033,1
anillo_centro_4d.csv,-0.282912,0.134477,0.237919,-0.0873386,2
anillo_centro_4d.csv,-0.152746,-0.107908,0.0397298,0.30949,2
anillo_centro_4d.csv,-2.34946,-2.89135,-2.10195,0.381473,1
anillo_centro_4d.csv,-0.666831,1.3227,2.90952,2.35309,1
anillo_centro_4d.csv,-0.0868173,-0.114718,0.382046,0.367563,2
anillo_centro_4d.csv,-0.321021,-0.265224,-0.261992,-0.218976,2
anillo_centro_4d.csv,0.100885,-0.34164,0.069835,0.286381,2
anillo_centro_4d.csv,-1.9469,0.737715,2.47646,3.06087,1
anillo_centro_4d.csv,-0.160923,-0.0982583,0.285787,-0.447091,2
anillo_centro_4d.csv,-0.270044,-0.0689343,-0.181923,-0.223872,2
anillo_centro_4d.csv,-3.14281,-1.62456,0.97043,2.80362,1
anillo_centro_4d.csv,1.50231,-0.798211,-2.65469,-3.23558,1
anillo_centro_4d.csv,-1.51461,0.392543,2.32079,2.85297,1
anillo_centro_4d.csv,-2.85101,-1.3466,0.966474,2.56573,1
anillo_centro_4d.csv,0.159252,0.537815,0.0297351,0.0997722,2
anillo_centro_4d.csv,-0.0294382,-0.512532,0.278211,-0.314774,2
anillo_centro_4d.csv,-0.261682,0.0704611,0.0399986,0.0441289,2
anillo_centro_4d.csv,-0.232256,0.240518,0.138427,-0.277373,2
anillo_centro_4d.csv,0.263407,0.215285,-0.365112,-0.322179,2
anillo_centro_4d.csv,2.94972,2.87464,1.3391,-0.883723,1
anillo_centro_4d.csv,0.23603,-0.00540883,-0.112124,0.0716207,2
anillo_centro_4d.csv,2.18834,2.6852,1.52945,-0.496134,1
anillo_centro_4d.csv,-0.342411,-0.265435,-0.394058,-0.0177364,2
anillo_centro_4d.csv,-0.0769471,0.246292,-0.206939,0.106857,2
anillo_centro_4d.csv,2.1127,0.448929,-1.77911,-2.55325,1
anillo_centro_4d.csv,-0.0952507,-0.600234,0.425557,-0.354336,2
anillo_centro_4d.csv,-0.22341,0.306297,-0.0474502,-0.28389,2
anillo_centro_4d.csv,1.10629,2.70216,3.28959,1.78423,1
anillo_centro_4d.csv,-3.19033,-1.53373,0.734096,2.70207,1
anillo_centro_4d.csv,0.544117,-1.74782,-3.08079,-2.51044,1
anillo_centro_4d.csv,2.3609,2.88871,1.77335,-0.290842,1
anillo_centro_4d.csv,0.122414,2.2032,3.31253,2.05221,1
anillo_centro_4d.csv,-0.0461301,-0.142062,-0.292579,-0.361082,2
anillo_centro_4d.csv,-0.209896,-0.261462,-0.0664642,-0.0697685,2
anillo_centro_4d.csv,-2.66184,-0.949043,1.21093,2.68025,1
anillo_centro_4d.csv,-1.89489,-2.97215,-1.91365,-0.440267,1
anillo_centro_4d.csv,0.563286,-1.59869,-2.93228,-2.4126,1
anillo_centro_4d.csv,0.503503,0.0635931,-0.247364,0.191651,2
anillo_centro_4d.csv,0.161287,0.370937,-0.180266,-0.0742563,2
anillo_centro_4d.csv,-0.28784,-0.00444206,0.213828,-0.357232,2
anillo_centro_4d.csv,0.526421,-0.483101,-0.0253145,-0.352489,2
anillo_centro_4d.csv,-0.0984381,-0.285933,0.28269,0.395002,2
anillo_centro_4d.csv,0.316743,0.134631,-0.138805,0.23541,2
anillo_centro_4d.csv,-0.311931,-0.0574423,-0.0651953,0.190596,2
anillo_centro_4d.csv,-0.163839,-0.392579,-0.325565,0.224592,2
anillo_centro_4d.csv,-1.39553,0.532263,1.91494,2.52794,1
anillo_centro_4d.csv,-0.26079,-0.0143368,-0.30216,0.0205773,2
anillo_centro_4d.csv,-0.042867,0.535376,0.00390769,0.18927,2
anillo_centro_4d.csv,-1.45658,-3.22709,-2.74525,-0.64732,1
anillo_centro_4d.csv,0.206733,-0.110825,0.0720242,0.12465,2
anillo_centro_4d.csv,0.19124,0.228566,-0.149615,0.0169583,2
anillo_centro_4d.csv,-2.29705,-3.02096,-2.65829,-0.386429,1
anillo_centro_4d.csv,-1.55211,1.15548,2.63586,3.37776,1
anillo_centro_4d.csv,-0.992975,0.906945,2.75115,2.61191,1
anillo_centro_4d.csv,0.196592,0.288294,-0.271079,0.151439,2
anillo_centro_4d.csv,-3.02903,-1.92694,0.172183,2.38574,1
anillo_centro_4d.csv,0.0978093,0.0318337,-0.235977,0.0320914,2
anillo_centro_4d.csv,0.245803,-2.01623,-2.66103,-2.21321,1
anillo_centro_4d.csv,-0.925082,-2.52424,-2.73684,-1.23385,1
anillo_centro_4d.csv,-1.64207,-3.19162,-2.96618,-0.402921,1
anillo_centro_4d.csv,2.57681,-0.136219,-2.18734,-3.3818,1
anillo_centro_4d.csv,0.109447,0.347155,-0.218362,-0.307165,2
anillo_centro_4d.csv,0.713115,2.06287,2.39573,1.49481,1
anillo_centro_4d.csv,0.244949,0.165171,0.224885,0.0289047,2
anillo_centro_4d.csv,-0.161125,-0.251734,-0.0614376,0.0445421,2
anillo_centro_4d.csv,2.55415,2.13833,0.47316,-1.42475,1
anillo_centro_4d.csv,0.0499499,-0.29522,0.0998438,-0.341755,2
anillo_centro_4d.csv,-0.337835,-0.0275087,-0.229206,-0.0160449,2
anillo_centro_4d.csv,0.13276,-0.185557,0.0391371,-0.563445,2
anillo_centro_4d.csv,0.507791,-0.284979,0.0310189,-0.26849,2
anillo_centro_4d.csv,0.0629154,-0.534667,-0.0824781,0.138555,2
anillo_centro_4d.csv,0.670315,-1.72695,-3.14156,-2.45821,1
anillo_centro_4d.csv,-0.24147,-0.0960838,0.282827,0.14255,2
anillo_centro_4d.csv,-1.69753,0.216319,2.50429,2.74104,1
anillo_centro_4d.csv,0.364955,0.231792,0.426395,0.0624749,2
anillo_centro_4d.csv,0.0243725,-0.548494,-0.0155002,0.201895,2
anillo_centro_4d.csv,0.519112,2.09508,2.52822,1.34433,1
anillo_centro_4d.csv,-0.00508772,0.431273,0.292082,0.384102,2
anillo_centro_4d.csv,2.71098,1.14004,-1.40305,-2.95834,1
anillo_centro_4d.csv,0.17749,0.028507,0.0600666,0.170954,2
anillo_centro_4d.csv,-0.0730306,0.134231,-0.187418,-0.127905,2
anillo_centro_4d.csv,-0.371894,-0.447658,-0.182441,-0.270725,2
anillo_centro_4d.csv,0.268076,-0.275802,-0.211362,0.0385638,2
anillo_centro_4d.csv,1.17402,-0.943133,-2.67251,-2.56314,1
anillo_centro_4d.csv,2.33837,2.62311,1.18156,-0.575862,1
anillo_centro_4d.csv,-0.539664,0.456332,0.308523,0.0459954,2
anillo_centro_4d.csv,0.561818,-0.0549254,-0.0491878,0.0334875,2
anillo_centro_4d.csv,0.25687,2.34161,2.89564,2.00969,1
anillo_centro_4d.csv,-0.0499111,0.301751,0.276122,0.487362,2
anillo_centro_4d.csv,-0.0877221,0.0162008,-0.251743,-0.163121,2
anillo_centro_4d.csv,-0.251731,-0.659408,-0.162521,0.281344,2
anillo_centro_4d.csv,0.11525,0.0858871,0.0607645,0.31152,2
anillo_centro_4d.csv,-1.79795,0.33107,1.82574,2.76704,1
anillo_centro_4d.csv,-1.86255,0.0574986,2.27767,2.61323,1
anillo_centro_4d.csv,-0.0146336,0.053581,-0.0241966,-0.00347167,2
anillo_centro_4d.csv,0.227829,-0.14181,-0.0562994,0.38474,2
anillo_centro_4d.csv,2.8566,1.95049,-0.303393,-2.15984,1
anillo_centro_4d.csv,0.0185891,-0.368715,-0.140153,-0.569047,2
anillo_centro_4d.csv,0.0541016,0.364886,-0.0286103,0.181039,2
anillo_centro_4d.csv,0.251291,-0.0352791,-0.25989,0.319072,2
anillo_centro_4d.csv,0.0825745,-0.443832,-0.266313,-0.0422718,2
anillo_centro_4d.csv,-2.24509,-0.435005,1.75562,2.63202,1
anillo_centro_4d.csv,-2.72729,-1.2992,0.81216,2.80241,1
anillo_centro_4d.csv,1.45718,2.83145,2.44179,1.06234,1
anillo_centro_4d.csv,0.236165,0.207652,0.0637113,0.418744,2
anillo_centro_4d.csv,-0.191674,-0.235562,0.0553861,0.0817964,2
anillo_centro_4d.csv,-0.279944,-0.258774,0.0621763,0.481107,2
anillo_centro_4d.csv,-2.30343,-0.774104,1.15879,2.27562,1
anillo_centro_4d.csv,0.404268,-0.0496139,-0.430171,0.0782834,2
anillo_centro_4d.csv,3.04871,2.81561,1.03405,-1.58686,1
anillo_centro_4d.csv,0.198722,-0.0803354,0.00604104,0.294598,2
anillo_centro_4d.csv,-0.226747,0.373318,-0.0820288,0.0789427,2
anillo_centro_4d.csv,-0.784024,-2.68288,-3.06831,-1.27467,1
anillo_centro_4d.csv,-0.225042,-0.206036,0.0170055,-0.0554171,2
anillo_centro_4d.csv,-0.314922,-0.0165331,-0.0611653,-0.157025,2
anillo_centro_4d.csv,0.0267649,-0.388282,0.214501,0.691642,2
anillo_centro_4d.csv,-2.07105,-0.181904,1.8187,2.79582,1
anillo_centro_4d.csv,-0.405861,0.589952,-0.219693,-0.195713,2
anillo_centro_4d.csv,-1.71972,0.191147,2.37418,3.14682,1
anillo_centro_4d.csv,0.0223294,-0.02379,-0.0536989,-0.147614,2
anillo_centro_4d.csv,0.32352,-0.262173,0.221278,0.0751019,2
anillo_centro_4d.csv,-2.72884,-2.71931,-1.70382,0.54787,1
anillo_centro_4d.csv,-2.40109,-1.97873,-0.307183,1.89016,1
anillo_centro_4d.csv,-2.83666,-3.40249,-2.1049,0.158137,1
anillo_centro_4d.csv,-0.103852,-0.205058,0.507278,0.452367,2
anillo_centro_4d.csv,-2.26304,-2.71573,-1.84313,0.468485,1
anillo_centro_4d.csv,-2.71294,-2.76858,-0.86962,1.55476,1
anillo_centro_4d.csv,-2.71011,-1.82682,0.0546238,1.87593,1
anillo_centro_4d.csv,0.00706605,-0.144078,0.0172458,0.00236787,2
anillo_centro_4d.csv,-0.991498,-2.57677,-2.61585,-1.19091,1
anillo_centro_4d.csv,0.0661552,0.11599,0.227883,-0.200099,2
anillo_centro_4d.csv,-2.55131,-3.0203,-1.64914,0.464769,1
anillo_centro_4d.csv,-0.100071,0.189444,0.268099,0.210888,2
anillo_centro_4d.csv,1.52704,-0.726541,-2.59115,-3.04747,1
anillo_centro_4d.csv,0.0622971,-0.194494,0.144617,-0.106201,2
anillo_centro_4d.csv,0.371017,2.46958,3.2536,1.92839,1
anillo_centro_4d.csv,-0.161621,0.0806133,0.295497,0.573728,2
anillo_centro_4d.csv,0.803583,2.4821,2.61312,1.71266,1
anillo_centro_4d.csv,-2.22188,-2.67872,-1.84272,-0.0494348,1
anillo_centro_4d.csv,2.15696,3.15138,1.87246,-0.261755,1
anillo_centro_4d.csv,0.19497,0.592826,0.442493,0.35321,2
anillo_centro_4d.csv,1.42707,-0.688884,-2.4909,-2.60393,1
anillo_centro_4d.csv,-1.58103,0.734255,2.40095,2.87972,1
anillo_centro_4d.csv,-2.2119,-2.71608,-1.77283,0.546127,1
anillo_centro_4d.csv,0.341754,2.11778,2.97603,2.14738,1
anillo_centro_4d.csv,0.392537,0.153306,-0.202654,0.100301,2
anillo_centro_4d.csv,-0.0305704,0.137301,0.38751,-0.227376,2
anillo_centro_4d.csv,0.605766,-1.78852,-2.86664,-2.70177,1
anillo_centro_4d.csv,0.53279,-0.352682,-0.135976,0.117705,2
anillo_centro_4d.csv,0.155866,0.178798,-0.0153204,0.119217,2
anillo_centro_4d.csv,0.4548,-0.446681,-0.127033,0.186784,2
anillo_centro_4d.csv,0.135516,0.0843053,-0.472166,0.29222,2
anillo_centro_4d.csv,0.0665555,0.0986885,0.203827,0.350088,2
anillo_centro_4d.csv,-1.11647,1.47776,2.72026,2.80835,1
anillo_centro_4d.csv,-0.061177,-0.26697,0.336239,-0.25786,2
anillo_centro_4d.csv,-2.66685,-3.14248,-1.81842,0.243042,1
anillo_centro_4d.csv,-0.239396,-0.150441,-0.00300244,-0.0269641,2
anillo_centro_4d.csv,0.47773,-0.430792,-0.032725,-0.42909,2
anillo_centro_4d.csv,-2.8633,-1.04764,1.37549,3.08354,1
anillo_centro_4d.csv,-0.178157,0.311185,0.20108,0.219879,2
anillo_centro_4d.csv,-0.332606,0.523003,0.156835,-0.139165,2
anillo_centro_4d.csv,-0.663345,1.56819,2.79764,2.7684,1
anillo_centro_4d.csv,1.93755,-0.444937,-2.5239,-3.03024,1
anillo_centro_4d.csv,0.00749587,-0.130865,0.264052,-0.348834,2
anillo_centro_4d.csv,0.00889755,-0.0243144,-0.300011,-0.669073,2
anillo_centro_4d.csv,1.4294,3.00014,2.77884,0.862409,1
anillo_centro_4d.csv,-2.79383,-1.44019,0.751764,2.47827,1
anillo_centro_4d.csv,-1.8947,-3.29191,-2.88099,-0.860971,1
anillo_centro_4d.csv,0.259337,-0.0749862,0.0906294,-0.518679,2
anillo_centro_4d.csv,-0.126926,0.0626223,-0.312905,-0.228869,2
anillo_centro_4d.csv,0.0689078,-2.22675,-2.93507,-2.27218,1
anillo_centro_4d.csv,0.120917,0.140105,-0.240912,0.352011,2
anillo_centro_4d.csv,-0.184635,0.188388,-0.0401061,-0.133162,2
anillo_centro_4d.csv,-0.813223,1.17803,2.80617,2.71851,1
anillo_centro_4d.csv,1.30285,-0.7275,-2.57032,-2.48642,1
anillo_centro_4d.csv,0.489478,-0.31231,-0.0214321,-0.0390874,2
anillo_centro_4d.csv,-0.131597,0.00769196,-0.0523238,-0.473527,2
anillo_centro_4d.csv,-0.217979,-0.384321,0.32754,0.0725905,2
anillo_centro_4d.csv,-0.202636,-0.428555,-0.178006,0.07481,2
anillo_centro_4d.csv,0.156948,-0.232833,-0.472485,-0.100427,2
anillo_centro_4d.csv,2.87107,2.70739,0.921521,-1.1004,1
anillo_centro_4d.csv,1.08642,2.81572,2.65454,1.41928,1
anillo_centro_4d.csv,1.80645,-1.1262,-2.86658,-2.94156,1
anillo_centro_4d.csv,-0.159622,-0.0960963,0.0039019,0.477573,2
anillo_centro_4d.csv,2.72842,2.50374,0.613476,-1.36528,1
anillo_centro_4d.csv,-0.471905,2.09845,3.18903,2.58319,1
anillo_centro_4d.csv,-0.23027,0.0710623,0.0864618,0.0775316,2
anillo_centro_4d.csv,0.598869,-1.49795,-3.16874,-2.5524,1
anillo_centro_4d.csv,0.159419,0.31413,0.2039,-0.168166,2
anillo_centro_4d.csv,-0.0666994,0.150305,0.234012,0.619839,2
anillo_centro_4d.csv,-0.0117954,0.232967,0.382208,-0.226048,2
anillo_centro_4d.csv,2.37057,0.295772,-2.26915,-3.09022,1
anillo_centro_4d.csv,1.55619,-0.480729,-2.51954,-2.95529,1
anillo_centro_4d.csv,0.167488,-0.238318,-0.50104,-0.390263,2
anillo_centro_4d.csv,-0.0726623,-0.00946325,-0.0442743,-0.261947,2
anillo_centro_4d.csv,0.294653,0.0505511,0.483977,0.173334,2
anillo_centro_4d.csv,0.201419,-0.464627,-0.0963635,-0.336027,2
anillo_centro_4d.csv,-0.355152,0.288619,-0.123548,-0.236266,2
anillo_centro_4d.csv,-0.0211361,0.432517,0.15902,-0.245909,2
anillo_centro_4d.csv,-0.794328,1.63196,3.16875,2.3791,1
anillo_centro_4d.csv,0.122512,-0.175902,0.326539,-0.00777002,2
anillo_centro_4d.csv,0.476267,-0.121815,-0.0528399,0.0683493,2
anillo_centro_4d.csv,0.0141843,-0.0296766,0.0773777,-0.343756,2
anillo_centro_4d.csv,-3.43892,-1.53631,1.05958,2.94678,1
anillo_centro_4d.csv,0.304667,0.233391,-0.0411441,0.200927,2
anillo_centro_4d.csv,-0.222588,-0.137379,-0.142429,0.361005,2
anillo_centro_4d.csv,1.4566,2.92122,2.62326,0.907596,1
anillo_centro_4d.csv,2.11534,3.02787,2.02985,-0.444126,1
anillo_centro_4d.csv,-0.206199,-0.239385,0.21194,0.0351679,2
anillo_centro_4d.csv,0.0970448,0.208184,0.0742461,0.0627426,2
anillo_centro_4d.csv,-1.78036,0.0487518,1.88154,2.38458,1
anillo_centro_4d.csv,0.177086,-0.166521,0.0615296,0.577224,2
anillo_centro_4d.csv,0.279596,-0.117965,0.347925,0.214277,2
anillo_centro_4d.csv,-0.0367451,0.117131,0.0507793,-0.388117,2
anillo_centro_4d.csv,-0.160875,0.481678,0.131426,-0.551419,2
anillo_centro_4d.csv,0.0978296,-0.299488,0.205291,-0.513206,2
anillo_centro_4d.csv,-1.7441,-3.06254,-2.28011,-0.224725,1
anillo_centro_4d.csv,-1.99484,0.430757,2.19712,2.84634,1
anillo_centro_4d.csv,0.0798673,-0.252185,-0.0632193,0.265991,2
anillo_centro_4d.csv,2.40624,1.26995,-0.438249,-2.07244,1
anillo_centro_4d.csv,-2.62834,-2.3616,-0.362629,1.71701,1
anillo_centro_4d.csv,-0.263172,0.742195,-0.467692,-0.192178,2
anillo_centro_4d.csv,-2.17918,-0.452963,1.86787,3.00648,1
anillo_centro_4d.csv,2.19408,0.190071,-1.95769,-2.75486,1
anillo_centro_4d.csv,-0.0671246,0.0241073,-0.0775762,-0.230292,2
anillo_centro_4d.csv,0.155383,0.12538,0.0591546,0.392164,2
anillo_centro_4d.csv,2.20217,-0.548439,-2.77783,-3.62577,1
anillo_centro_4d.csv,-0.0731042,-0.715412,0.145931,-0.171789,2
anillo_centro_4d.csv,2.27732,0.144781,-1.76032,-2.82652,1
anillo_centro_4d.csv,1.31778,-1.22189,-2.79781,-2.66845,1
anillo_centro_4d.csv,-0.198371,0.159248,0.176948,-0.37381,2
anillo_centro_4d.csv,-2.08687,-2.65989,-1.2472,0.744971,1
anillo_centro_4d.csv,0.791065,2.67565,3.17017,1.82685,1
anillo_centro_4d.csv,2.52723,-0.11501,-2.39733,-3.60646,1
anillo_centro_4d.csv,0.173359,-0.185862,-0.253131,-0.0981776,2
anillo_centro_4d.csv,0.00948663,-0.0414109,0.426693,0.175952,2
anillo_centro_4d.csv,-3.22396,-2.10654,0.357261,2.56049,1
anillo_centro_4d.csv,0.760117,0.0242711,0.188722,0.357701,2
anillo_centro_4d.csv,-2.80189,-3.10189,-1.84997,0.526266,1
anillo_centro_4d.csv,0.364663,0.0882278,-0.163872,0.187741,2
anillo_centro_4d.csv,-0.00113002,-0.234583,0.475058,0.116635,2
anillo_centro_4d.csv,-0.486629,-2.4158,-2.82191,-1.88531,1
anillo_centro_4d.csv,2.81708,3.55936,1.29278,-0.901374,1
anillo_centro_4d.csv,-2.38444,-3.10376,-2.18131,0.37855,1
anillo_centro_4d.csv,0.48361,0.0335168,-0.427197,0.265621,2
anillo_centro_4d.csv,0.125899,0.128726,-0.144902,-0.019456,2
anillo_centro_4d.csv,3.21834,2.63325,0.88859,-1.42134,1
anillo_centro_4d.csv,0.159108,0.260904,-0.19379,0.644844,2
anillo_centro_4d.csv,0.887384,-1.28499,-2.58392,-2.6101,1
anillo_centro_4d.csv,1.79199,0.279259,-2.05803,-2.40263,1
anillo_centro_4d.csv,0.00397933,0.408546,-0.377186,-0.153524,2
anillo_centro_4d.csv,-2.79226,-1.48541,0.685818,2.36845,1
anillo_centro_4d.csv,0.346106,0.0488434,-0.0762323,-0.167576,2
anillo_centro_4d.csv,3.30512,2.06133,-0.338948,-2.03859,1
anillo_centro_4d.csv,3.05966,2.40976,0.605588,-1.68823,1
anillo_centro_4d.csv,0.424431,-0.0835737,0.506578,0.270692,2
anillo_centro_4d.csv,0.138457,2.12237,3.57274,2.13362,1
anillo_centro_4d.csv,-1.80423,0.404577,2.55716,2.9898,1
anillo_centro_4d.csv,0.536971,0.0598044,0.0187368,-0.2182,2
anillo_centro_4d.csv,0.168007,0.0543135,-0.176287,0.0422225,2
anillo_centro_4d.csv,2.52561,3.18343,1.74331,-0.990808,1
anillo_centro_4d.csv,2.36693,0.281382,-1.83024,-3.10525,1
anillo_centro_4d.csv,-0.22046,-0.212812,0.00632575,0.0374888,2
anillo_centro_4d.csv,-0.338265,0.113234,0.24322,0.0244705,2
anillo_centro_4d.csv,-0.0707807,0.356373,-0.0970097,0.0221097,2
anillo_centro_4d.csv,2.83971,2.22526,0.662206,-1.36199,1
anillo_centro_4d.csv,2.84397,2.896,0.88672,-1.09558,1
anillo_centro_4d.csv,-0.076854,0.256349,0.24254,0.110395,2
anillo_centro_4d.csv,1.48409,-0.488919,-2.5688,-2.96534,1
anillo_centro_4d.csv,0.136023,0.132634,0.278181,0.34265,2
anillo_centro_4d.csv,0.357209,0.173716,-0.344694,-0.132443,2
anillo_centro_4d.csv,2.22766,2.92221,2.04893,-0.329759,1
anillo_centro_4d.csv,-1.74988,0.654737,2.93612,2.99833,1
anillo_centro_4d.csv,0.338929,-1.89331,-3.24279,-2.51287,1
anillo_centro_4d.csv,2.509,2.86686,1.61109,-0.110303,1
anillo_centro_4d.csv,-0.243548,-0.485531,0.255422,0.0391221,2
anillo_centro_4d.csv,-1.33087,-2.74847,-2.46193,-0.826451,1
anillo_centro_4d.csv,-2.16324,-0.14545,1.99372,3.08633,1
anillo_centro_4d.csv,0.739035,2.43775,3.06595,1.31032,1
anillo_centro_4d.csv,-0.11139,-0.0261413,-0.192316,-0.0985287,2
anillo_centro_4d.csv,0.42412,0.498779,0.254777,-0.124351,2
anillo_centro_4d.csv,0.49006,2.16274,2.87641,1.89076,1
anillo_centro_4d.csv,0.431692,2.7941,3.34428,1.95329,1
anillo_centro_4d.csv,-2.71663,-0.785896,1.67639,2.87585,1
anillo_centro_4d.csv,0.11427,-0.116975,0.0965911,0.0210183,2
anillo_centro_4d.csv,-0.35933,2.1499,3.20895,2.65048,1
anillo_centro_4d.csv,-0.177403,0.0183516,0.380238,-0.599548,2
anillo_centro_4d.csv,0.0742952,-0.455647,0.0311153,0.161082,2
anillo_centro_4d.csv,0.617015,2.08633,2.9118,1.87371,1
anillo_centro_4d.csv,-0.0817417,-0.185874,-0.186178,0.159896,2
anillo_centro_4d.csv,2.08508,-0.2443,-2.69436,-3.24357,1
anillo_centro_4d.csv,1.51988,-0.651527,-2.36613,-2.61378,1
anillo_centro_4d.csv,0.0618762,0.0467231,-0.0440718,0.066034,2
anillo_centro_4d.csv,-0.243053,-0.0618818,0.100136,0.412472,2
anillo_centro_4d.csv,0.129347,-0.307614,-0.271574,-0.526565,2
anillo_centro_4d.csv,0.304573,-0.0782182,0.175716,0.403465,2
anillo_centro_4d.csv,-0.235864,-0.198374,-0.00974183,0.172596,2
anillo_centro_4d.csv,2.91801,2.38061,0.736571,-1.41638,1
anillo_centro_4d.csv,-0.835538,-2.66143,-3.23403,-1.55905,1
anillo_centro_4d.csv,2.81752,2.02434,0.452645,-1.92446,1
anillo_centro_4d.csv,2.39523,1.01446,-1.20682,-2.207,1
anillo_centro_4d.csv,0.0251589,-0.0056673,-0.000732526,0.152968,2
anillo_centro_4d.csv,-0.212365,-0.224328,-0.265124,0.0229649,2
anillo_centro_4d.csv,-1.41159,0.971046,2.65801,2.70325,1
anillo_centro_4d.csv,-0.153364,-0.055286,-0.850761,0.175022,2
anillo_centro_4d.csv,0.174468,-0.241873,0.445241,0.287791,2
anillo_centro_4d.csv,-2.90683,-2.51443,-0.427786,1.71155,1
anillo_centro_4d.csv,0.230631,1.93099,2.92812,2.20281,1
anillo_centro_4d.csv,-0.00185861,-0.0964204,-0.0587208,-0.00397595,2
anillo_centro_4d.csv,0.378086,0.165516,0.0142512,-0.149803,2
anillo_centro_4d.csv,-2.92592,-1.11397,1.06708,2.98028,1
anillo_centro_4d.csv,2.02319,2.93892,2.2458,0.182995,1
anillo_centro_4d.csv,-1.8732,-3.44149,-2.81546,-0.825539,1
anillo_centro_4d.csv,-0.45745,-0.175589,0.129578,-0.1966,2
anillo_centro_4d.csv,-0.905351,-2.46782,-2.29015,-1.00246,1
anillo_centro_4d.csv,0.471984,0.229048,-0.283827,-0.126764,2
anillo_centro_4d.csv,-0.150423,0.10299,0.249834,-0.11153,2
anillo_centro_4d.csv,3.21008,2.13351,-0.24718,-2.42433,1
anillo_centro_4d.csv,0.867135,-1.09579,-2.59921,-2.85585,1
anillo_centro_4d.csv,0.437603,-0.0887126,-0.0260659,0.414679,2
anillo_centro_4d.csv,-0.47646,-0.0384668,-0.320486,0.525029,2
anillo_centro_4d.csv,1.72943,3.03911,2.47585,0.53549,1
anillo_centro_4d.csv,0.203562,-0.0846912,0.0564463,0.315705,2
anillo_centro_4d.csv,0.353157,0.330712,0.351676,0.1932,2
anillo_centro_4d.csv,3.31972,2.03825,-0.322756,-2.67539,1
anillo_centro_4d.csv,-0.0169796,-0.253515,0.17219,-0.186425,2
anillo_centro_4d.csv,0.196135,0.205415,-0.253692,-0.122748,2
anillo_centro_4d.csv,-0.00938244,-0.445683,-0.0711088,-0.313344,2
anillo_centro_4d.csv,-0.947953,1.68945,3.02415,3.10229,1
anillo_centro_4d.csv,2.36584,0.565153,-1.90483,-3.11637,1
anillo_centro_4d.csv,0.194081,-0.150182,-0.10825,0.265811,2
anillo_centro_4d.csv,-2.53642,-3.32169,-2.11263,0.396936,1
anillo_centro_4d.csv,2.43579,2.3945,0.612185,-1.72687,1
anillo_centro_4d.csv,0.781538,-0.24643,-0.241035,-0.0502276,2
anillo_centro_4d.csv,1.02266,3.15028,2.77685,1.12185,1
anillo_centro_4d.csv,-0.158914,0.297174,-0.00271978,-0.248983,2
anillo_centro_4d.csv,0.297543,-0.196182,-0.0339425,-0.175183,2
anillo_centro_4d.csv,-0.163887,-0.28962,0.448688,0.176908,2
anillo_centro_4d.csv,0.460127,0.293329,0.0215765,-0.382449,2
anillo_centro_4d.csv,-2.43226,-3.28861,-2.31882,-0.0180958,1
anillo_centro_4d.csv,3.01987,1.94026,-0.544719,-2.43706,1
anillo_centro_4d.csv,2.1579,2.85137,1.96995,0.00107835,1
anillo_centro_4d.csv,2.22863,3.14427,1.59026,-0.526765,1
anillo_centro_4d.csv,-0.0657938,-0.12383,-0.0377365,0.158095,2
anillo_centro_4d.csv,-0.109332,-0.137642,-0.0311725,0.108705,2
anillo_centro_4d.csv,-0.0960593,-0.0172403,0.406814,-0.0696646,2
anillo_centro_4d.csv,2.13236,3.16675,2.03795,0.0235269,1
anillo_centro_4d.csv,-2.36322,-3.1179,-1.85632,0.163376,1
anillo_centro_4d.csv,-0.231465,-0.0061622,-0.224336,0.113713,2
anillo_centro_4d.csv,-3.0698,-2.21028,-0.417688,1.65958,1
anillo_centro_4d.csv,-0.0579069,-0.362668,-0.356271,0.431457,2
anillo_centro_4d.csv,-1.72402,-2.90671,-2.37919,-0.574564,1
anillo_centro_4d.csv,0.26725,0.388941,-0.0179986,-0.229586,2
anillo_centro_4d.csv,2.69335,0.835381,-1.82199,-3.30511,1
anillo_centro_4d.csv,0.398676,-0.106731,-0.156694,-0.206644,2
anillo_centro_4d.csv,0.49372,-0.623188,-0.163804,0.58725,2
anillo_centro_4d.csv,0.238947,0.056245,0.0937851,0.0240638,2
anillo_centro_4d.csv,0.479079,-0.387584,0.432059,-0.0567421,2
anillo_centro_4d.csv,-0.155577,1.95825,3.15589,2.334,1
anillo_centro_4d.csv,0.145042,-0.0207849,-0.0931873,0.0852498,2
anillo_centro_4d.csv,-3.06695,-2.52685,-0.195381,1.91937,1
anillo_centro_4d.csv,2.08235,2.42827,1.72098,-0.14962,1
anillo_centro_4d.csv,-0.404416,0.19962,-0.252459,0.211757,2
anillo_centro_4d.csv,0.148784,-0.00798324,-0.402292,0.210532,2
anillo_centro_4d.csv,2.69097,1.23635,-0.714482,-2.64298,1
anillo_centro_4d.csv,-0.0627591,2.24027,3.38336,2.3479,1
anillo_centro_4d.csv,-3.13933,-1.75553,0.363329,2.26328,1
anillo_centro_4d.csv,-3.01309,-2.57719,-0.645295,1.43186,1
anillo_centro_4d.csv,0.030922,0.33608,0.379271,0.218229,2
anillo_centro_4d.csv,2.89657,2.87594,1.20187,-1.18913,1
anillo_centro_4d.csv,-1.94111,0.256463,2.2992,3.08155,1
anillo_centro_4d.csv,2.84875,2.60805,0.943699,-1.17572,1
anillo_centro_4d.csv,0.18954,0.138442,0.100648,0.058975,2
anillo_centro_4d.csv,2.42215,0.717505,-1.78761,-2.59241,1
anillo_centro_4d.csv,0.287847,-0.26011,-0.345676,-0.0915645,2
anillo_centro_4d.csv,-0.227147,-0.0110697,-0.0338453,0.0875992,2
anillo_centro_4d.csv,-0.381576,0.238344,-0.102098,-0.206272,2
anillo_centro_4d.csv,-2.47217,-3.0485,-1.92336,0.229123,1
anillo_centro_4d.csv,-0.124796,-0.226508,0.0870121,-0.19914,2
anillo_centro_4d.csv,-3.67242,-1.58221,0.973696,3.32758,1
anillo_centro_4d.csv,-0.740908,1.48369,2.81051,2.60785,1
anillo_centro_4d.csv,-0.169859,-0.033194,-0.342762,0.0477494,2
anillo_centro_4d.csv,0.0936009,0.0150453,-0.0535849,0.32781,2
anillo_centro_4d.csv,-0.137882,0.196453,-0.099928,-0.049838,2
anillo_centro_4d.csv,-2.96249,-2.74866,-1.04786,1.33022,1
anillo_centro_4d.csv,2.68604,2.56929,0.573879,-1.54759,1
anillo_centro_4d.csv,-0.335116,-0.522278,0.259841,0.840398,2
anillo_centro_4d.csv,-0.405207,0.1095,-0.113018,-0.0601857,2
anillo_centro_4d.csv,-1.12209,1.00759,2.53799,2.14748,1
anillo_centro_4d.csv,0.0962651,0.0771084,-0.194741,-0.152185,2
anillo_centro_4d.csv,-0.328649,-0.0625693,-0.459094,0.0135879,2
anillo_centro_4d.csv,0.0370395,0.0385635,0.0218466,-0.336363,2
anillo_centro_4d.csv,3.02306,1.59343,-0.806764,-2.84489,1
anillo_centro_4d.csv,-0.12639,-0.25726,-0.186752,0.15775,2
anillo_centro_4d.csv,0.200695,2.63451,3.10633,2.17582,1
anillo_centro_4d.csv,3.11493,2.62121,0.656731,-1.75539,1
anillo_centro_4d.csv,-0.241999,0.0975241,-0.200878,-0.243243,2
anillo_centro_4d.csv,-0.369684,-0.24164,-0.171011,-0.00892433,2
anillo_centro_4d.csv,2.51918,0.602329,-1.5142,-2.79032,1
anillo_centro_4d.csv,-1.73194,0.315207,2.54497,3.45836,1
anillo_centro_4d.csv,1.19787,2.93591,2.6522,0.788227,1
anillo_centro_4d.csv,1.99473,2.36403,0.942448,-0.830312,1
anillo_centro_4d.csv,-3.28619,-2.46917,-0.217022,2.00435,1
anillo_centro_4d.csv,0.374495,-0.237842,-0.2008,0.116352,2
anillo_centro_4d.csv,1.98235,-0.0191423,-2.27627,-3.05799,1
anillo_centro_4d.csv,0.23789,0.0385238,0.312655,0.0695504,2
anillo_centro_4d.csv,-2.59438,-3.13102,-2.34567,0.24756,1
anillo_centro_4d.csv,0.20685,-0.00516589,0.321748,0.120994,2
anillo_centro_4d.csv,-1.37974,0.328449,2.35282,2.5748,1
anillo_centro_4d.csv,0.688465,-2.06321,-3.07134,-2.67968,1
anillo_centro_4d.csv,0.302978,-0.0111301,0.188721,-0.0397323,2
anillo_centro_4d.csv,-0.164439,-0.786772,-0.20343,0.0693826,2
anillo_centro_4d.csv,-0.349705,-0.0872406,0.217337,-0.265691,2
anillo_centro_4d.csv,-0.382842,0.264478,0.0488244,0.171276,2
anillo_centro_4d.csv,1.57181,-0.831602,-2.13386,-2.12222,1
anillo_centro_4d.csv,0.0855379,0.00251375,0.0442804,0.108295,2
anillo_centro_4d.csv,-2.74505,-2.90427,-1.44368,0.81517,1
anillo_centro_4d.csv,-0.31554,-0.538397,-0.0184864,-0.627523,2
anillo_centro_4d.csv,0.461752,0.035118,-0.122087,0.478939,2
anillo_centro_4d.csv,-0.432681,-0.0330971,-0.113221,-0.201698,2
anillo_centro_4d.csv,0.821972,-0.146977,-0.233858,-0.53473,2
anillo_centro_4d.csv,2.62919,2.1303,0.0708083,-1.97576,1
anillo_centro_4d.csv,-0.180753,-0.046887,-0.108383,-0.228753,2
anillo_centro_4d.csv,1.86763,2.71761,2.19831,0.247407,1
anillo_centro_4d.csv,-0.947716,1.73546,3.30167,2.6393,1
anillo_centro_4d.csv,-0.0908144,-0.15255,-0.0945285,0.226205,2
anillo_centro_4d.csv,-0.14036,-0.0424935,-0.299107,0.0756386,2
anillo_centro_4d.csv,-2.69616,-2.4506,-1.08094,1.25724,1
anillo_centro_4d.csv,1.96919,-0.33864,-1.95243,-3.05517,1
anillo_centro_4d.csv,0.195243,0.176909,0.21626,0.155052,2
anillo_centro_4d.csv,-0.0307175,0.167384,-0.154602,0.144889,2
anillo_centro_4d.csv,0.0157412,-0.178672,0.190525,0.0557845,2
anillo_centro_4d.csv,-0.183917,-0.417424,0.0618082,0.154882,2
anillo_centro_4d.csv,-0.29789,-0.178636,0.121242,-0.00152714,2
anillo_centro_4d.csv,-0.268002,-0.0531825,-0.0571457,0.0900183,2
anillo_centro_4d.csv,-2.80207,-2.13628,-0.88909,1.31154,1
anillo_centro_4d.csv,0.208351,0.0859091,-0.0973906,-0.017272,2
anillo_centro_4d.csv,0.390628,0.0587657,0.0128592,0.00701692,2
anillo_centro_4d.csv,-2.94581,-1.7616,0.38131,2.1116,1
anillo_centro_4d.csv,2.82693,2.52667,0.952355,-1.65976,1
anillo_centro_4d.csv,-0.0338693,-0.0480525,-0.235615,-0.498577,2
anillo_centro_4d.csv,-2.6333,-2.86782,-1.31073,1.00357,1
anillo_centro_4d.csv,0.199618,2.40896,3.06976,1.80265,1
anillo_centro_4d.csv,0.160975,-0.0559106,0.146976,0.0314357,2
anillo_centro_4d.csv,-0.20636,2.10566,2.90822,2.20295,1
anillo_centro_4d.csv,-2.37668,-3.55598,-2.2579,0.10082,1
anillo_centro_4d.csv,0.342985,-0.237653,-0.0216244,-0.141099,2
anillo_centro_4d.csv,2.56578,2.01848,-0.101338,-2.18752,1
anillo_centro_4d.csv,-2.62628,-2.30195,-0.44549,1.65489,1
anillo_centro_4d.csv,2.61436,0.293707,-1.9582,-2.90974,1
anillo_centro_4d.csv,-1.71953,1.1709,2.54906,2.93203,1
anillo_centro_4d.csv,-0.675978,-2.61726,-3.06794,-1.82083,1
anillo_centro_4d.csv,-0.00975272,-0.189227,-0.12988,0.0123133,2
anillo_centro_4d.csv,-0.102462,0.00967355,0.39964,-0.255724,2
anillo_centro_4d.csv,-1.54767,-2.97784,-2.31026,-0.781568,1
anillo_centro_4d.csv,-0.114391,0.04818,0.41062,0.0971061,2
anillo_centro_4d.csv,-0.368664,-0.0692356,0.102112,0.165777,2
anillo_centro_4d.csv,-2.85817,-1.61122,0.56798,2.68523,1
anillo_centro_4d.csv,-0.0822445,0.209518,0.277781,-0.191919,2
anillo_centro_4d.csv,-2.22715,-0.0527546,2.2089,3.21662,1
anillo_centro_4d.csv,-2.31568,-0.199554,1.9313,3.0936,1
anillo_centro_4d.csv,-2.89581,-1.32794,0.702773,2.73926,1
anillo_centro_4d.csv,-0.162317,-0.255287,-0.165381,-0.361599,2
anillo_centro_4d.csv,0.576875,0.0780147,0.379151,0.136941,2
anillo_centro_4d.csv,2.93065,3.01116,1.61524,-0.851198,1
anillo_centro_4d.csv,-2.37267,-3.25493,-1.80154,0.423079,1
anillo_centro_4d.csv,-1.14978,1.67364,2.99527,2.54856,1
anillo_centro_4d.csv,2.7147,1.15765,-1.44583,-2.66559,1
anillo_centro_4d.csv,-0.557352,0.237012,-0.231576,-0.325474,2
anillo_centro_4d.csv,1.77207,2.64842,2.02702,0.333043,1
anillo_centro_4d.csv,2.45753,0.790067,-1.06243,-2.57687,1
anillo_centro_4d.csv,-2.1997,-0.340976,2.12388,3.00162,1
anillo_centro_4d.csv,0.827307,-1.55742,-3.15017,-2.59354,1
anillo_centro_4d.csv,2.15471,3.2185,2.19978,0.215845,1
anillo_centro_4d.csv,0.0984296,0.127986,0.19015,0.187967,2
anillo_centro_4d.csv,-0.0957627,0.144384,0.0303668,-0.45331,2
anillo_centro_4d.csv,-0.697707,-2.57307,-2.83338,-1.23012,1
anillo_centro_4d.csv,2.90089,2.1062,0.28763,-1.5412,1
anillo_centro_4d.csv,-0.877252,-2.28415,-2.24818,-1.25057,1
anillo_centro_4d.csv,-1.58633,0.620234,2.5565,2.65962,1
anillo_centro_4d.csv,-2.84472,-2.51524,-0.678313,1.58544,1
anillo_centro_4d.csv,2.62803,2.24369,0.274053,-1.69859,1
anillo_centro_4d.csv,0.0486705,0.387804,-0.138169,0.291256,2
anillo_centro_4d.csv,0.115854,-0.556091,-0.282201,-0.219422,2
anillo_centro_4d.csv,-2.86657,-2.40121,-0.613401,1.50032,1
anillo_centro_4d.csv,-2.69722,-2.46212,-0.825503,1.20578,1
anillo_centro_4d.csv,1.99497,3.1701,2.63786,0.447336,1
anillo_centro_4d.csv,-2.6798,-1.81289,0.249788,2.0828,1
anillo_centro_4d.csv,0.00969713,0.0208236,0.170377,-0.616613,2
anillo_centro_4d.csv,-0.107606,0.118841,0.0841548,-0.247691,2
anillo_centro_4d.csv,-0.256164,2.43829,3.27209,2.40376,1
anillo_centro_4d.csv,2.57091,0.570038,-1.53806,-2.82411,1
anillo_centro_4d.csv,0.173637,-0.0643284,0.00973335,-0.144525,2
anillo_centro_4d.csv,-0.0668462,-0.0436841,0.214882,0.473435,2
anillo_centro_4d.csv,2.84397,2.93667,1.28277,-1.18391,1
anillo_centro_4d.csv,-1.23816,-2.57558,-3.08302,-1.05871,1
anillo_centro_4d.csv,-2.004,-3.63942,-2.45569,-0.17557,1
anillo_centro_4d.csv,-0.0433391,-0.0781614,0.0115765,0.418686,2
anillo_centro_4d.csv,-0.871576,-2.5858,-2.62119,-1.22418,1
anillo_centro_4d.csv,-0.1875,0.0145078,0.354919,0.170924,2
anillo_centro_4d.csv,0.297057,-0.202174,-0.367895,0.281641,2
anillo_centro_4d.csv,-1.91165,-0.276624,1.99497,2.85702,1
anillo_centro_4d.csv,3.15757,2.88102,1.4996,-0.834386,1
anillo_centro_4d.csv,0.047193,-0.0792219,0.399233,0.106333,2
anillo_centro_4d.csv,3.49294,2.68092,0.533803,-2.34632,1
anillo_centro_4d.csv,1.69661,0.1792,-2.18178,-2.63144,1
anillo_centro_4d.csv,-0.0773094,-0.282372,0.0907698,0.0979012,2
anillo_centro_4d.csv,-0.395527,1.7807,3.01827,2.36905,1
anillo_centro_4d.csv,-1.44192,0.896932,2.88971,2.86586,1
anillo_centro_4d.csv,-2.88892,-1.86385,0.310683,2.03121,1
anillo_centro_4d.csv,-0.11035,-0.109848,-0.0196979,-0.0273825,2
anillo_centro_4d.csv,-1.88922,-3.3767,-2.34028,-0.248628,1
anillo_centro_4d.csv,1.08761,-1.71832,-3.09068,-2.49657,1
anillo_centro_4d.csv,0.128294,2.05932,2.60371,1.65191,1
anillo_centro_4d.csv,-0.597611,-0.100512,0.418262,-0.328829,2
anillo_centro_4d.csv,-0.0560956,0.208051,0.140038,-0.0949926,2
anillo_centro_4d.csv,-0.00367484,0.118006,-0.107293,-0.105574,2
anillo_centro_4d.csv,-0.0687173,0.38517,0.200703,-0.193742,2
anillo_centro_4d.csv,3.23549,1.83792,-0.878246,-2.75964,1
anillo_centro_4d.csv,-0.0744706,-0.159624,0.0504513,0.440039,2
anillo_centro_4d.csv,-0.00892214,-0.121367,-0.0113708,0.0027187,2
anillo_centro_4d.csv,0.0538111,1.0188,-0.128675,0.264569,2
anillo_centro_4d.csv,-2.85548,-2.21019,-0.162221,1.86952,1
anillo_centro_4d.csv,0.286406,-0.166481,0.103776,-0.263272,2
anillo_centro_4d.csv,0.579005,-0.0960997,0.118422,0.0330379,2
anillo_centro_4d.csv,-2.63274,-1.95032,-0.465603,1.53082,1
anillo_centro_4d.csv,-0.134207,-2.47504,-3.20153,-2.398,1
anillo_centro_4d.csv,-0.130865,-0.530908,0.00526223,0.0380877,2
anillo_centro_4d.csv,0.054866,0.429297,0.541605,-0.254324,2
anillo_centro_4d.csv,-2.50752,-0.207767,1.98518,3.08776,1
anillo_centro_4d.csv,-1.54085,-3.00003,-2.34337,-0.823663,1
anillo_centro_4d.csv,-0.124568,0.0712197,0.067811,-0.0396957,2
anillo_centro_4d.csv,-0.183498,-0.135097,0.313361,-0.051756,2
anillo_centro_4d.csv,-0.0635961,-0.515759,0.159958,0.245115,2
anillo_centro_4d.csv,-1.99211,-3.03367,-1.76388,-0.204163,1
anillo_centro_4d.csv,0.172531,-0.20157,0.165089,0.244109,2
anillo_centro_4d.csv,0.332605,2.21647,2.7914,1.84187,1
anillo_centro_4d.csv,-1.28331,-2.73904,-2.48729,-0.655665,1
anillo_centro_4d.csv,0.444118,2.00494,2.47025,1.16821,1
anillo_centro_4d.csv,-0.0126191,0.482785,-0.18789,0.166363,2
anillo_centro_4d.csv,-0.0751803,-0.243017,-0.322377,0.414039,2
anillo_centro_4d.csv,-1.75026,-3.09088,-2.41989,-0.450156,1
anillo_centro_4d.csv,0.0807305,-0.0930605,0.255734,-0.103909,2
anillo_centro_4d.csv,-2.8521,-2.3697,-0.344043,1.83537,1
anillo_centro_4d.csv,3.10387,2.5074,0.967245,-1.19243,1
anillo_centro_4d.csv,-0.0301597,0.175247,-0.240099,-0.171355,2
anillo_centro_4d.csv,-2.51823,-2.89119,-1.6298,0.45627,1
anillo_centro_4d.csv,-1.94446,-3.05298,-2.03155,-0.0638686,1
anillo_centro_4d.csv,-2.59037,-1.70256,0.624497,2.13671,1
anillo_centro_4d.csv,-1.15636,1.36423,2.92993,3.05575,1
anillo_centro_4d.csv,0.686474,-1.78093,-3.02294,-2.29415,1
anillo_centro_4d.csv,-0.0467707,0.187501,-0.287713,0.457058,2
anillo_centro_4d.csv,2.76852,1.05756,-1.41039,-2.9316,1
anillo_centro_4d.csv,0.352756,0.213071,0.273463,0.128249,2
anillo_centro_4d.csv,-0.203384,0.330852,0.207787,-0.0141922,2
anillo_centro_4d.csv,-1.9576,-3.07857,-1.74012,0.172683,1
anillo_centro_4d.csv,-0.0593778,-0.108584,-0.139331,-0.0162292,2
anillo_centro_4d.csv,0.0844682,-0.341777,0.19603,-0.0962626,2
anillo_centro_4d.csv,-0.183563,-0.12479,-0.0485059,-0.303,2
anillo_centro_4d.csv,-2.65373,-2.11351,-0.211495,1.73219,1
anillo_centro_4d.csv,0.478512,-0.0270962,-0.0307842,0.0429755,2
anillo_centro_4d.csv,-2.59886,-0.626061,1.77981,2.87525,1
anillo_centro_4d.csv,0.664073,-1.46173,-2.83138,-2.42681,1
anillo_centro_4d.csv,0.0554518,0.277117,0.397582,0.122922,2
anillo_centro_4d.csv,-0.181553,-0.0562493,0.152166,-0.34881,2
anillo_centro_4d.csv,0.187183,-0.192691,-0.355809,0.169273,2
anillo_centro_4d.csv,2.59719,0.981729,-1.08609,-2.81641,1
anillo_centro_4d.csv,0.102062,-0.53428,-0.0571556,-0.0789749,2
anillo_centro_4d.csv,1.32191,3.1029,2.65467,0.996642,1
anillo_centro_4d.csv,3.01856,1.2023,-1.27059,-3.07625,1
anillo_centro_4d.csv,0.144055,0.41721,-0.210423,0.233072,2
anillo_centro_4d.csv,0.296588,-0.352852,0.22934,0.222884,2
anillo_centro_4d.csv,0.0774139,-0.173596,-0.0267416,0.0903861,2
anillo_centro_4d.csv,0.0360069,0.0181611,-0.200318,-0.167687,2
anillo_centro_4d.csv,1.70393,-0.529978,-2.47494,-2.71588,1
anillo_centro_4d.csv,1.77021,-0.554099,-2.25498,-2.84016,1
anillo_centro_4d.csv,-0.227661,-0.278212,0.303742,-0.0375495,2
anillo_centro_4d.csv,0.12391,0.0525399,-0.282885,-0.0709909,2
anillo_centro_4d.csv,2.75406,2.6552,0.887105,-1.00856,1
anillo_centro_4d.csv,-0.207709,0.400523,0.184342,0.377006,2
anillo_centro_4d.csv,-0.186492,-0.0161914,0.192185,-0.0895544,2
anillo_centro_4d.csv,-0.0535161,0.560839,0.298577,0.418105,2
anillo_centro_4d.csv,-0.231155,0.259649,0.216235,0.140427,2
anillo_centro_4d.csv,-3.01424,-2.7516,-0.576153,1.74897,1
anillo_centro_4d.csv,-2.75897,-1.11374,1.29021,2.57891,1
anillo_centro_4d.csv,2.69041,1.23869,-0.968218,-2.73432,1
anillo_centro_4d.csv,-2.43551,-3.03237,-1.70326,0.214702,1
anillo_centro_4d.csv,-2.19085,-3.17008,-2.01436,0.187688,1
anillo_centro_4d.csv,0.394349,1.94624,2.51404,1.48073,1
anillo_centro_4d.csv,-0.0541634,0.396632,-0.112056,-0.426062,2
anillo_centro_4d.csv,-0.385216,-0.308627,0.153346,-0.130035,2
anillo_centro_4d.csv,0.884565,2.76984,3.38438,1.50328,1
anillo_centro_4d.csv,0.0745481,0.352892,-0.421089,0.0754506,2
anillo_centro_4d.csv,-0.540261,1.69918,2.4743,2.09509,1
anillo_centro_4d.csv,-2.84489,-2.26675,-0.534379,1.48404,1
anillo_centro_4d.csv,-0.0474058,0.249285,0.122664,-0.326006,2
anillo_centro_4d.csv,-0.214097,-0.169754,0.106625,0.0408464,2
anillo_centro_4d.csv,-0.035363,-0.036603,0.0983208,-0.722876,2
anillo_centro_4d.csv,3.25058,2.52383,0.292962,-1.95191,1
anillo_centro_4d.csv,-0.649585,-2.61407,-3.25825,-1.52313,1
anillo_centro_4d.csv,-0.242006,0.00565934,-0.226468,-0.189011,2
anillo_centro_4d.csv,0.156742,0.176357,0.107428,0.374253,2
anillo_centro_4d.csv,-0.404181,-0.287991,0.137764,-0.458018,2
anillo_centro_4d.csv,-2.55767,-1.52984,0.811515,2.49402,1
anillo_centro_4d.csv,-0.248804,-2.24802,-2.78857,-1.79391,1
anillo_centro_4d.csv,3.08201,2.35647,0.521424,-1.42644,1
anillo_centro_4d.csv,-2.65549,-0.586842,1.83555,3.17759,1
anillo_centro_4d.csv,0.244425,0.0551765,0.334414,-0.17558,2
anillo_centro_4d.csv,0.046402,0.140586,0.0354458,0.111575,2
anillo_centro_4d.csv,0.0792432,0.409961,-0.140951,-0.123804,2
anillo_centro_4d.csv,1.95694,-0.269221,-2.60713,-3.19423,1
anillo_centro_4d.csv,-0.430309,0.0815461,-0.00220563,-0.0332923,2
anillo_centro_4d.csv,2.65792,3.30675,1.61128,-0.740093,1
anillo_centro_4d.csv,-0.474501,-0.241651,0.12688,-0.258935,2
anillo_centro_4d.csv,-1.25143,0.810516,2.76151,2.64261,1
anillo_centro_4d.csv,0.193266,-0.0316263,-0.392051,-0.142826,2
anillo_centro_4d.csv,-0.0391229,0.0782817,0.0757446,0.122718,2
anillo_centro_4d.csv,-0.103529,-0.0994529,-0.146131,0.276253,2
anillo_centro_4d.csv,1.27505,-1.26178,-2.97666,-3.07904,1
anillo_centro_4d.csv,-0.0939188,-0.0412825,0.409853,0.23602,2
anillo_centro_4d.csv,0.0324245,-0.264135,0.0306921,0.128676,2
anillo_centro_4d.csv,-2.48052,-0.946821,1.23588,2.47357,1
anillo_centro_4d.csv,0.310611,2.75804,3.37832,1.92112,1
anillo_centro_4d.csv,-2.98212,-1.15146,1.25219,2.54179,1
anillo_centro_4d.csv,-1.60517,-3.20141,-2.93592,-1.42335,1
anillo_centro_4d.csv,1.07475,-1.08164,-2.44429,-2.38944,1
anillo_centro_4d.csv,-2.78542,-0.803433,1.75409,2.87877,1
anillo_centro_4d.csv,-0.112707,0.066817,-0.150515,0.292529,2
anillo_centro_4d.csv,0.10514,-0.264912,0.435488,-0.23976,2
anillo_centro_4d.csv,1.91323,3.2023,2.13345,0.361002,1
anillo_centro_4d.csv,0.249987,-0.180987,0.0471801,-0.0393098,2
anillo_centro_4d.csv,0.366277,-0.092558,-0.238297,-0.0270359,2
anillo_centro_4d.csv,-2.1498,-2.71933,-1.94555,0.198817,1
anillo_centro_4d.csv,-2.61223,-3.02918,-1.96176,0.387243,1
anillo_centro_4d.csv,-2.76665,-2.70713,-0.953401,1.3207,1
anillo_centro_4d.csv,2.07031,-0.066472,-2.40193,-2.94389,1
anillo_centro_4d.csv,-2.87724,-2.74312,-1.18002,0.943083,1
anillo_centro_4d.csv,3.09044,0.92478,-1.21061,-2.8926,1
anillo_centro_4d.csv,-0.410433,-0.892593,0.354635,0.0259873,2
anillo_centro_4d.csv,-3.47818,-2.51052,-0.327478,1.8828,1
anillo_centro_4d.csv,2.78518,2.63107,1.11878,-1.19237,1
anillo_centro_4d.csv,-0.198455,0.100748,-0.284054,0.0805575,2
anillo_centro_4d.csv,0.339105,-0.0287837,0.448056,-0.197514,2
anillo_centro_4d.csv,-2.73053,-0.509172,1.7916,2.91405,1
anillo_centro_4d.csv,0.0210574,0.112507,-0.016986,0.0241468,2
anillo_centro_4d.csv,0.55441,-0.466043,-0.264493,-0.0463675,2
anillo_centro_4d.csv,0.218651,-0.470453,0.182863,-0.57167,2
anillo_centro_4d.csv,2.40444,0.751062,-1.84202,-2.99432,1
anillo_centro_4d.csv,0.0377527,-0.135558,0.103328,-0.44553,2
anillo_centro_4d.csv,0.224872,0.190371,0.128265,0.157293,2
anillo_centro_4d.csv,-2.4009,-2.04145,0.0594881,1.61907,1
anillo_centro_4d.csv,-0.0268937,0.445742,0.377433,-0.309817,2
anillo_centro_4d.csv,0.595527,-1.31238,-2.92052,-2.68221,1
anillo_centro_4d.csv,-0.146376,-0.189807,-0.0183552,-0.254113,2
anillo_centro_4d.csv,0.17182,0.462512,0.0586276,0.106446,2
anillo_centro_4d.csv,-0.510992,0.473454,-0.336373,-0.413161,2
anillo_centro_4d.csv,0.180464,0.235564,0.104985,0.202508,2
anillo_centro_4d.csv,0.0599529,0.193987,-0.0131847,0.174796,2
anillo_centro_4d.csv,-0.100797,-0.50599,0.289139,-0.150916,2
anillo_centro_4d.csv,-2.61773,-2.75228,-1.59256,0.988162,1
anillo_centro_4d.csv,0.323052,0.029725,0.709369,0.516952,2
anillo_centro_4d.csv,0.067575,0.0641863,0.382539,-0.099277,2
anillo_centro_4d.csv,-2.36701,-3.12366,-2.28436,-0.0863021,1
anillo_centro_4d.csv,2.68248,2.70842,1.16448,-0.914849,1
anillo_centro_4d.csv,0.30696,-0.132849,0.121956,0.120239,2
anillo_centro_4d.csv,1.46417,2.98344,2.82586,1.2546,1
anillo_centro_4d.csv,-0.249718,0.103417,0.109801,0.416131,2
anillo_centro_4d.csv,-0.0270753,0.159804,-0.236518,-0.0659395,2
anillo_centro_4d.csv,-0.197624,0.00857461,0.085998,-0.149743,2
anillo_centro_4d.csv,-0.303804,-0.0913369,-0.595801,0.502594,2
anillo_centro_4d.csv,-0.976652,-2.73975,-3.06228,-1.43056,1
anillo_centro_4d.csv,0.341155,-0.0639684,-0.554828,0.00379238,2
anillo_centro_4d.csv,-0.0335908,-2.53692,-3.1699,-2.24445,1
anillo_centro_4d.csv,-0.261611,-0.219448,-0.125556,-0.173662,2
anillo_centro_4d.csv,2.59048,1.45453,-0.651608,-2.59192,1
anillo_centro_4d.csv,-0.470185,1.73527,3.10533,2.62262,1
anillo_centro_4d.csv,-0.305251,0.0390444,-0.160972,-0.0725549,2
anillo_centro_4d.csv,0.258682,0.0467451,0.464549,-0.0727876,2
anillo_centro_4d.csv,-0.0852924,0.0586324,0.053146,-0.00110107,2
anillo_centro_4d.csv,0.190816,0.0399868,-0.213132,0.0731816,2
anillo_centro_4d.csv,-0.185386,-0.0688696,0.0960857,0.178097,2
anillo_centro_4d.csv,2.41897,0.523738,-1.7476,-2.67634,1
anillo_centro_4d.csv,-0.483814,0.220782,0.220081,-0.407304,2
anillo_centro_4d.csv,-3.12842,-2.55452,-0.343314,2.22381,1
anillo_centro_4d.csv,0.497264,-0.212385,-0.0770184,-0.0721911,2
anillo_centro_4d.csv,-2.72868,-2.85142,-1.03279,0.911348,1
anillo_centro_4d.csv,0.351361,-0.345148,-0.0188902,0.410382,2
anillo_centro_4d.csv,1.80377,-0.378563,-2.80977,-2.98883,1
anillo_centro_4d.csv,3.47305,1.92571,-0.320458,-2.7751,1
anillo_centro_4d.csv,0.0230576,0.129535,-0.575084,-0.117926,2
anillo_centro_4d.csv,-1.89937,0.61351,2.49208,2.98724,1
anillo_centro_4d.csv,-0.891643,1.22119,2.18616,2.25931,1
anillo_centro_4d.csv,3.09284,1.57377,-1.02918,-3.0044,1
anillo_centro_4d.csv,0.0924997,-0.388834,0.229421,-0.015833,2
anillo_centro_4d.csv,-0.0198801,2.1919,2.74871,1.6261,1
anillo_centro_4d.csv,-0.0950236,-0.767696,-0.329393,0.245419,2
anillo_centro_4d.csv,1.49948,2.58351,2.26966,0.529102,1
anillo_centro_4d.csv,-0.384147,-0.24059,0.00134128,0.26047,2
anillo_centro_4d.csv,1.08421,-0.918491,-2.73154,-2.66196,1
anillo_centro_4d.csv,0.0781545,0.106848,-0.0191005,-0.635067,2
anillo_centro_4d.csv,0.0566653,-0.281941,-0.290102,0.473229,2
anillo_centro_4d.csv,0.725165,2.99799,3.11931,1.20373,1
anillo_centro_4d.csv,0.565106,2.11035,2.39234,1.58976,1
anillo_centro_4d.csv,-0.14924,0.0895615,0.0249981,-0.257513,2
anillo_centro_4d.csv,-1.31126,-2.72839,-3.27903,-1.07946,1
anillo_centro_4d.csv,-0.497731,-0.098245,0.00544,0.331184,2
anillo_centro_4d.csv,-0.198239,0.132387,-0.0678241,0.104648,2
anillo_centro_4d.csv,0.231027,0.224366,-0.085808,0.356356,2
anillo_centro_4d.csv,-0.633075,-0.0235783,0.345523,0.151305,2
anillo_centro_4d.csv,-0.483564,-0.344267,0.27062,0.199,2
anillo_centro_4d.csv,-2.76007,-2.21803,-0.14472,1.71451,1
anillo_centro_4d.csv,-0.188059,0.0720094,-0.0670505,-0.241344,2
anillo_centro_4d.csv,-1.67484,0.716761,3.08957,3.3451,1
anillo_centro_4d.csv,-1.87828,0.703396,2.6487,3.20414,1
anillo_centro_4d.csv,0.440321,0.00010337,-0.337194,-2.83761e-05,2
anillo_centro_4d.csv,0.168099,-0.301008,-0.339754,-0.148805,2
anillo_centro_4d.csv,2.14645,3.26877,1.99688,-0.333032,1
anillo_centro_4d.csv,0.114851,-0.31894,-0.638224,-0.472437,2
anillo_centro_4d.csv,0.212329,0.168865,0.109468,-0.205208,2
anillo_centro_4d.csv,-0.271075,0.0337743,-0.26115,0.286926,2
anillo_centro_4d.csv,-3.14404,-1.34389,1.1464,3.31563,1
anillo_centro_4d.csv,-0.0399864,0.211191,0.107747,0.179705,2
anillo_centro_4d.csv,-0.0180627,0.21297,0.0830339,0.13396,2
anillo_centro_4d.csv,0.455184,0.0725255,-0.456407,-0.117584,2
anillo_centro_4d.csv,-2.23817,0.319853,1.91312,3.20724,1
anillo_centro_4d.csv,-2.46516,-2.97192,-2.07757,0.544223,1
anillo_centro_4d.csv,2.95353,1.24655,-0.838264,-2.35432,1
anillo_centro_4d.csv,0.141791,0.0758253,0.226481,0.417428,2
anillo_centro_4d.csv,0.134676,-0.0319784,0.311567,0.234844,2
anillo_centro_4d.csv,0.320199,2.20562,3.24317,1.84571,1
anillo_centro_4d.csv,0.00582872,0.142944,0.421675,0.0919363,2
anillo_centro_4d.csv,-0.632909,1.71049,2.83056,2.29188,1
anillo_centro_4d.csv,0.934606,-0.985699,-2.85473,-3.08326,1
anillo_centro_4d.csv,0.21993,0.26439,-0.384479,0.357483,2
anillo_centro_4d.csv,0.145704,-0.215028,-0.0837068,0.000967418,2
anillo_centro_4d.csv,0.646372,-1.20986,-2.57141,-2.3428,1
anillo_centro_4d.csv,-2.72105,-0.440758,1.69603,3.41521,1
anillo_centro_4d.csv,3.20296,2.03709,-0.201898,-2.59412,1
anillo_centro_4d.csv,0.982398,2.42133,2.49615,1.46628,1
anillo_centro_4d.csv,-2.13276,-3.40288,-2.05707,0.0747575,1
anillo_centro_4d.csv,1.48716,-1.05518,-3.01717,-3.14954,1
anillo_centro_4d.csv,-0.147641,-0.390586,-0.0779465,-0.21383,2
anillo_centro_4d.csv,-1.81794,-0.056441,1.86871,2.98963,1
anillo_centro_4d.csv,-1.6875,-2.99687,-2.52767,-0.731603,1
anillo_centro_4d.csv,0.475104,-0.186074,-0.0347652,0.244065,2
anillo_centro_4d.csv,3.01549,2.45631,0.934193,-1.43626,1
anillo_centro_4d.csv,1.23913,2.7558,3.01753,1.47031,1
anillo_centro_4d.csv,-2.03132,-3.30486,-2.45748,-0.172415,1
anillo_centro_4d.csv,0.021533,0.205349,0.0264659,0.200104,2
anillo_centro_4d.csv,-0.253923,-0.168279,-0.370156,-0.103253,2
anillo_centro_4d.csv,-3.08367,-1.66474,0.596776,2.39816,1
anillo_centro_4d.csv,2.9504,1.29695,-1.12423,-2.78876,1
anillo_centro_4d.csv,0.274303,-0.0218012,0.309815,0.283596,2
anillo_centro_4d.csv,-3.11809,-2.96726,-0.898041,1.48847,1
anillo_centro_4d.csv,0.17519,-0.254778,0.0192017,-0.188816,2
anillo_centro_4d.csv,2.87391,2.5879,0.848834,-1.56863,1
anillo_centro_4d.csv,0.390676,-0.273972,0.0516529,-0.470293,2
anillo_centro_4d.csv,0.273515,-0.0517315,-0.323501,0.0604215,2
anillo_centro_4d.csv,-0.294331,0.414519,0.28982,0.296532,2
anillo_centro_4d.csv,-2.44485,0.126716,2.02338,3.21198,1
anillo_centro_4d.csv,0.293529,0.0318144,0.177866,-0.172891,2
anillo_centro_4d.csv,0.0895357,0.0611855,0.02859,0.283827,2
anillo_centro_4d.csv,-1.75939,0.611565,2.3366,3.0028,1
anillo_centro_4d.csv,0.0998654,0.438852,0.260931,0.0517856,2
anillo_centro_4d.csv,-0.433395,0.410563,-0.168509,0.13414,2
anillo_centro_4d.csv,-3.11911,-2.2444,-0.257407,1.78746,1
anillo_centro_4d.csv,-2.45427,-0.675125,1.80657,2.83206,1
anillo_centro_4d.csv,-2.50071,-0.656392,1.60129,2.88343,1
anillo_centro_4d.csv,-3.10558,-1.84319,0.425757,2.318,1
anillo_centro_4d.csv,-1.76157,-3.05007,-2.42106,-0.456063,1
anillo_centro_4d.csv,2.4183,2.39777,1.18697,-0.908756,1
anillo_centro_4d.csv,0.335342,-0.146415,0.00291831,0.267546,2
anillo_centro_4d.csv,0.149592,2.11482,3.1364,2.05865,1
anillo_centro_4d.csv,0.108634,-0.0675834,-0.0243997,-0.0818398,2
anillo_centro_4d.csv,2.55859,2.99691,1.34862,-1.01157,1
anillo_centro_4d.csv,-2.7721,-2.78249,-1.21586,1.14245,1
anillo_centro_4d.csv,-0.706759,-2.73623,-3.07656,-1.72221,1
anillo_centro_4d.csv,0.320765,0.455459,-0.209314,0.0463594,2
anillo_centro_4d.csv,2.88167,1.95379,-0.544167,-2.45782,1
anillo_centro_4d.csv,0.77533,2.50096,2.73847,1.76052,1
anillo_centro_4d.csv,1.23692,-1.15368,-2.57995,-2.9303,1
anillo_centro_4d.csv,-2.5092,-2.74835,-1.2152,0.783937,1
anillo_centro_4d.csv,-2.91307,-2.98769,-1.58092,0.916061,1
anillo_centro_4d.csv,-0.0323948,-0.24552,-0.000316264,-0.439931,2
anillo_centro_4d.csv,1.4138,2.72351,2.43779,0.939427,1
anillo_centro_4d.csv,1.12147,2.64514,2.43855,1.30253,1
anillo_centro_4d.csv,0.525646,2.12636,2.81152,1.44435,1
anillo_centro_4d.csv,0.210763,1.95896,2.77821,1.81666,1
anillo_centro_4d.csv,0.203424,0.141804,-0.0147487,0.0947755,2
anillo_centro_4d.csv,1.3672,-0.935675,-2.79804,-3.00082,1
anillo_centro_4d.csv,1.22604,2.79547,2.77675,1.07063,1
anillo_centro_4d.csv,-0.0224278,-0.341172,0.175171,-0.0279195,2
anillo_centro_4d.csv,-0.25444,0.172938,0.231786,-0.255442,2
anillo_centro_4d.csv,-1.06944,-2.58811,-2.76401,-1.18311,1
anillo_centro_4d.csv,-0.567386,1.7675,2.73366,2.25151,1
anillo_centro_4d.csv,-1.66504,0.882776,2.66145,3.10529,1
anillo_centro_4d.csv,0.546563,2.31079,2.87274,1.88428,1
anillo_centro_4d.csv,0.0219811,-0.296101,0.0195133,-0.155331,2
anillo_centro_4d.csv,2.89077,2.20934,0.271714,-1.9636,1
anillo_centro_4d.csv,-0.0256605,-0.128909,-0.108666,-0.121169,2
anillo_centro_4d.csv,-2.76292,-2.7799,-1.33184,0.669228,1
anillo_centro_4d.csv,-2.72055,-2.99574,-1.40803,0.955203,1
anillo_centro_4d.csv,0.527739,2.43963,2.84063,1.53652,1
anillo_centro_4d.csv,-0.00779531,-0.378052,-0.0808251,-0.104184,2
anillo_centro_4d.csv,-0.414831,-0.208839,-0.13682,0.0206504,2
anillo_centro_4d.csv,0.0506126,0.190276,0.0365109,-0.015371,2
anillo_centro_4d.csv,-0.133454,-0.177776,-0.31233,-0.0468275,2
anillo_centro_4d.csv,0.244684,0.570942,-0.439332,0.327195,2
anillo_centro_4d.csv,-2.66434,-1.16749,1.20839,2.75169,1
anillo_centro_4d.csv,-2.18787,-2.68086,-1.79342,0.199028,1
anillo_centro_4d.csv,-0.186868,-0.220956,0.202744,-0.465459,2
anillo_centro_4d.csv,-3.20964,-2.14894,-0.354209,1.97406,1
anillo_centro_4d.csv,-3.17164,-2.44881,-0.282304,1.83689,1
anillo_centro_4d.csv,3.0045,1.65724,-0.937874,-2.55935,1
anillo_centro_4d.csv,-0.104625,0.161931,-0.318301,-0.0922847,2
anillo_centro_4d.csv,-2.6377,-0.980509,1.38327,2.64275,1
anillo_centro_4d.csv,1.24462,2.65406,2.65265,0.988112,1
anillo_centro_4d.csv,-3.27436,-1.73707,0.598447,2.5722,1
anillo_centro_4d.csv,-0.352395,-0.28048,0.311983,0.0356228,2
anillo_centro_4d.csv,1.44988,3.18068,2.99355,0.903458,1
anillo_centro_4d.csv,-0.224764,0.319937,0.104839,-0.1788,2
anillo_centro_4d.csv,0.377714,-0.213154,-0.673631,-0.0433498,2
anillo_centro_4d.csv,-2.90862,-2.37752,-0.10975,1.70445,1
anillo_centro_4d.csv,0.170773,-0.461497,0.156701,0.332789,2
anillo_centro_4d.csv,1.32505,-1.1178,-2.48685,-2.70456,1
anillo_centro_4d.csv,0.0609162,-0.070997,0.0990102,0.206101,2
anillo_centro_4d.csv,0.56393,0.0485021,0.144742,0.047252,2
anillo_centro_4d.csv,-0.366638,-0.0255361,0.0823778,0.128405,2
anillo_centro_4d.csv,0.470087,-1.80713,-2.67613,-2.07805,1
anillo_centro_4d.csv,0.133804,0.192375,-0.150591,0.0742794,2
anillo_centro_4d.csv,-2.4162,-2.63372,-1.86088,0.348767,1
anillo_centro_4d.csv,0.20591,2.29748,2.93984,1.82608,1
anillo_centro_4d.csv,-2.88541,-2.8434,-1.02527,1.29853,1
anillo_centro_4d.csv,-0.312702,-2.30976,-3.28528,-2.11707,1
anillo_centro_4d.csv,-0.321787,-0.257439,0.126263,-0.519775,2
anillo_centro_4d.csv,2.97472,1.60409,0.0522801,-1.99107,1
anillo_centro_4d.csv,-2.83332,-2.29346,-0.702978,1.49759,1
anillo_centro_4d.csv,0.205429,0.12762,0.533298,0.666593,2
anillo_centro_4d.csv,-0.0702537,0.112935,-0.419272,-0.109626,2
anillo_centro_4d.csv,0.21934,0.0480416,0.115725,-0.355908,2
anillo_centro_4d.csv,2.76313,1.78448,-0.3375,-2.53828,1
anillo_centro_4d.csv,1.80693,2.67471,1.88009,0.358003,1
anillo_centro_4d.csv,-2.4722,-1.20204,1.28327,2.65023,1
anillo_centro_4d.csv,-0.0419234,0.0760346,0.272764,-0.123951,2
anillo_centro_4d.csv,-3.0159,-1.35739,1.034,2.67621,1
anillo_centro_4d.csv,2.38822,0.0253223,-2.32082,-3.32583,1
anillo_centro_4d.csv,-3.23907,-2.26129,0.0862757,2.52169,1
anillo_centro_4d.csv,-0.0293572,2.23006,3.23379,2.32935,1
anillo_centro_4d.csv,2.50024,2.4929,0.549649,-1.35643,1
anillo_centro_4d.csv,3.03376,2.81351,0.633627,-1.56105,1
anillo_centro_4d.csv,0.185166,-0.145258,-0.00987377,0.0573052,2
anillo_centro_4d.csv,-2.61154,-2.28058,-0.557513,1.61888,1
anillo_centro_4d.csv,-1.05019,1.36907,3.07604,3.01717,1
anillo_centro_4d.csv,-0.342398,-0.379956,0.127832,-0.290118,2
anillo_centro_4d.csv,-2.62299,-0.816756,1.29458,2.82579,1
anillo_centro_4d.csv,-0.161994,0.131401,-0.150983,0.202978,2
anillo_centro_4d.csv,-0.108533,0.179204,-0.0803135,-0.121264,2
anillo_centro_4d.csv,-3.0372,-2.22479,0.124755,2.43128,1
anillo_centro_4d.csv,-0.259584,-0.437784,0.373235,-0.189631,2
anillo_centro_4d.csv,3.01508,2.93321,1.1714,-1.2213,1
anillo_centro_4d.csv,-0.0511948,-0.30089,0.232574,0.391195,2
anillo_centro_4d.csv,1.46564,-0.923177,-2.89544,-3.28209,1
anillo_centro_4d.csv,0.847913,2.53437,3.00745,1.30229,1
anillo_centro_4d.csv,0.102246,0.602523,0.648012,-0.0689066,2
anillo_centro_4d.csv,-2.95934,-2.54519,-0.947406,1.60878,1
anillo_centro_4d.csv,-1.70971,-2.6443,-2.21418,-0.286871,1
anillo_centro_4d.csv,-0.235117,-0.183621,0.0727506,-0.171844,2
anillo_centro_4d.csv,-0.0915035,0.0600224,0.0891663,-0.13722,2
anillo_centro_4d.csv,2.50222,2.95277,1.26982,-1.35931,1
anillo_centro_4d.csv,0.0265952,-2.31357,-3.11453,-2.30408,1
anillo_centro_4d.csv,0.335972,0.273494,-0.19722,-0.079119,2
anillo_centro_4d.csv,0.216849,0.167861,0.00809893,0.0474673,2
anillo_centro_4d.csv,3.08895,2.50681,0.411972,-1.69743,1
anillo_centro_4d.csv,-1.7079,-3.14161,-2.72351,-0.904176,1
anillo_centro_4d.csv,-1.06661,1.4594,2.67548,2.7866,1
anillo_centro_4d.csv,2.57611,2.52196,1.2275,-1.1111,1
anillo_centro_4d.csv,-2.91125,-1.29168,0.959615,3.0098,1
anillo_centro_4d.csv,-1.11705,1.41563,2.89762,2.59928,1
anillo_centro_4d.csv,0.142335,-0.552519,-0.166281,0.117221,2
anillo_centro_4d.csv,2.93358,1.04304,-1.64878,-3.21625,1
anillo_centro_4d.csv,-0.390856,0.337763,-0.183069,-0.154768,2
anillo_centro_4d.csv,0.0943524,-0.0206927,-0.185748,0.567801,2
anillo_centro_4d.csv,0.0502316,-0.158927,0.172163,-0.572725,2
anillo_centro_4d.csv,0.185387,0.0135021,0.1593,-0.188071,2
anillo_centro_4d.csv,-0.0936454,0.00304285,-0.157602,0.0182672,2
anillo_centro_4d.csv,0.137989,0.0282443,-0.294215,-0.342276,2
anillo_centro_4d.csv,0.310191,-2.14215,-3.09314,-2.36908,1
anillo_centro_4d.csv,0.510953,-0.350018,0.117739,-0.196813,2
anillo_centro_4d.csv,-2.65449,-2.60087,-0.934141,1.17623,1
anillo_centro_4d.csv,0.214205,-2.2044,-2.89626,-2.05224,1
anillo_centro_4d.csv,-2.6195,-3.04044,-1.44894,0.472028,1
anillo_centro_4d.csv,0.779275,-1.57729,-2.90104,-2.64468,1
anillo_centro_4d.csv,0.459767,0.0293184,0.179354,-0.272788,2
anillo_centro_4d.csv,0.0607104,-0.256196,-0.129513,0.254029,2
anillo_centro_4d.csv,-2.6768,-0.848365,1.76262,3.09607,1
anillo_centro_4d.csv,2.76196,3.1629,1.90727,-0.391175,1
anillo_centro_4d.csv,-0.034951,0.24695,-0.322894,0.466605,2
anillo_centro_4d.csv,0.141213,0.37253,-0.238053,-0.172929,2
anillo_centro_4d.csv,-2.44078,-3.46761,-2.2295,0.173697,1
anillo_centro_4d.csv,-0.340753,-0.0891747,0.546222,-0.280265,2
anillo_centro_4d.csv,-1.48193,-3.01177,-2.83559,-1.15887,1
anillo_centro_4d.csv,-1.53912,-3.17701,-2.95086,-0.746315,1
anillo_centro_4d.csv,0.220014,0.221027,0.176402,-0.119978,2
anillo_centro_4d.csv,-0.228529,1.75352,3.20987,2.20285,1
anillo_centro_4d.csv,-0.735338,-2.36729,-2.97178,-1.50309,1
anillo_centro_4d.csv,-0.211972,-0.00517437,0.42067,-0.359501,2
anillo_centro_4d.csv,0.191766,0.263616,0.0436136,-0.0658563,2
anillo_centro_4d.csv,-0.484758,0.183154,-0.10574,-0.189407,2
anillo_centro_4d.csv,-0.277605,-0.296956,0.105447,0.452717,2
anillo_centro_4d.csv,-0.370178,-0.16245,0.244502,0.00763145,2
anillo_centro_4d.csv,2.79328,1.77122,-0.15097,-2.2669,1
anillo_centro_4d.csv,-3.03188,-1.73611,0.700799,2.77625,1
anillo_centro_4d.csv,0.0941401,0.308118,-0.411173,0.051705,2
anillo_centro_4d.csv,0.0816362,2.45375,3.15721,2.12714,1
anillo_centro_4d.csv,-0.090125,-0.159321,0.647288,-0.351413,2
anillo_centro_4d.csv,-2.3322,-3.23666,-2.31119,0.16575,1
anillo_centro_4d.csv,-0.218642,0.127864,-0.529237,-0.0537102,2
anillo_centro_4d.csv,0.284661,0.302031,0.100248,0.0551291,2
anillo_centro_4d.csv,0.0432214,-0.399858,-0.0746533,0.128994,2
anillo_centro_4d.csv,2.47733,0.114845,-1.78593,-3.08853,1
anillo_centro_4d.csv,-2.70758,-2.26311,-0.682652,1.5348,1
anillo_centro_4d.csv,0.244199,0.115458,0.483735,-0.105036,2
anillo_centro_4d.csv,1.34646,2.65742,2.30962,0.950406,1
anillo_centro_4d.csv,0.0599295,-0.119414,-0.527596,0.28539,2
anillo_centro_4d.csv,3.13219,2.75662,0.428878,-1.9292,1
anillo_centro_4d.csv,2.72285,2.56832,0.859627,-1.36546,1
anillo_centro_4d.csv,-0.222523,-0.238084,-0.16232,-0.151282,2
anillo_centro_4d.csv,1.89035,2.86695,1.86391,0.0724629,1
anillo_centro_4d.csv,2.86914,2.81196,1.23385,-1.08067,1
anillo_centro_4d.csv,0.236875,-0.0987491,-0.170813,0.12438,2
anillo_centro_4d.csv,0.447129,0.209713,0.0722975,-0.0690431,2
anillo_centro_4d.csv,-0.204249,0.040588,0.500162,0.0991488,2
anillo_centro_4d.csv,0.092677,2.26877,2.96982,2.15241,1
anillo_centro_4d.csv,-2.64613,-2.42001,-0.577644,1.69349,1
anillo_centro_4d.csv,0.143177,-2.04496,-2.85864,-2.24727,1
anillo_centro_4d.csv,-3.33578,-1.97937,0.397664,2.35654,1
anillo_centro_4d.csv,-0.0419322,-0.482779,0.473409,0.14426,2
anillo_centro_4d.csv,4.11012e-05,0.162325,-0.134322,0.0437727,2
anillo_centro_4d.csv,2.85693,2.45462,0.389294,-1.9386,1
anillo_centro_4d.csv,-2.26367,-0.198382,2.09601,3.00254,1
anillo_centro_4d.csv,-0.955137,0.108449,0.201371,0.0696585,2
anillo_centro_4d.csv,-1.09942,-2.59942,-2.50059,-0.875474,1
anillo_centro_4d.csv,2.89716,2.16645,-0.465305,-2.25131,1
anillo_centro_4d.csv,-0.00198687,-0.0416504,0.0849228,0.20273,2
anillo_centro_4d.csv,-2.98562,-1.26667,1.44147,3.04057,1
anillo_centro_4d.csv,2.64393,1.23477,-1.16169,-2.68072,1
anillo_centro_4d.csv,-0.0837327,-0.106193,-0.0339398,-0.340533,2
anillo_centro_4d.csv,-0.275192,-0.158069,-0.359549,0.0275569,2
anillo_centro_4d.csv,0.382679,2.52123,3.27091,2.01842,1
anillo_centro_4d.csv,-0.058763,0.0868267,-0.0639978,-0.381287,2
anillo_centro_4d.csv,3.16498,2.54488,1.11723,-1.65257,1
anillo_centro_4d.csv,1.12728,2.37981,2.49364,0.965626,1
anillo_centro_4d.csv,3.25304,1.30103,-1.39877,-3.44047,1
anillo_centro_4d.csv,0.0328492,0.307375,-0.0166663,-0.190831,2
anillo_centro_4d.csv,0.370088,-0.403149,0.212517,0.181771,2
anillo_centro_4d.csv,-0.44831,1.69532,2.85578,2.52906,1
anillo_centro_4d.csv,-2.06841,0.0788153,2.11428,3.21204,1
anillo_centro_4d.csv,-0.458446,0.285061,0.117959,-0.0714108,2
anillo_centro_4d.csv,0.209995,0.121752,-0.236212,0.012622,2
anillo_centro_4d.csv,1.9835,2.81218,1.55455,-0.226188,1
anillo_centro_4d.csv,-0.237748,-0.369763,-0.150238,-0.480747,2
anillo_centro_4d.csv,-0.00456386,-0.294016,0.178647,0.016787,2
anillo_centro_4d.csv,0.177559,-2.08637,-3.01504,-2.04515,1
anillo_centro_4d.csv,-0.136453,0.367626,-0.317886,0.0299221,2
anillo_centro_4d.csv,0.00755617,0.325608,0.531895,-0.355076,2
anillo_centro_4d.csv,-0.157825,-0.0485336,0.113005,-0.287613,2
anillo_centro_4d.csv,1.92585,-0.433821,-2.23754,-3.07253,1
anillo_centro_4d.csv,0.371628,-0.306206,-0.0606827,-0.0551997,2
anillo_centro_4d.csv,-0.00320075,-0.196761,-0.0783977,-0.0876184,2
anillo_centro_4d.csv,0.0965702,0.0518979,-0.222455,0.0239742,2
anillo_centro_4d.csv,-2.61118,-3.06984,-1.7735,0.584253,1
anillo_centro_4d.csv,-3.16438,-1.81956,0.100399,2.62423,1
anillo_centro_4d.csv,-2.31125,-0.173721,2.26146,3.253,1
anillo_centro_4d.csv,0.550446,-1.05556,-2.36651,-2.44415,1
anillo_centro_4d.csv,-0.337379,0.0311377,0.155788,-0.029425,2
anillo_centro_4d.csv,-0.210133,0.271951,-0.26653,0.303063,2
anillo_centro_4d.csv,-3.27381,-3.60718,-2.10903,1.07446,1
anillo_centro_4d.csv,-1.9776,-2.90695,-2.05534,-0.208574,1
anillo_centro_4d.csv,-0.413218,-0.4015,0.282068,-0.409346,2
anillo_centro_4d.csv,-0.275403,0.117608,-0.364627,0.154314,2
anillo_centro_4d.csv,-0.0129411,-0.0827177,0.479786,-0.055096,2
anillo_centro_4d.csv,0.0301452,-0.37015,0.144394,0.205129,2
anillo_centro_4d.csv,-0.697618,1.48854,2.61368,2.47855,1
anillo_centro_4d.csv,0.13922,-2.27185,-3.11114,-1.90633,1
anillo_centro_4d.csv,3.00042,1.61364,-0.8128,-2.70173,1
anillo_centro_4d.csv,1.62614,0.0690341,-1.60485,-2.74419,1
anillo_centro_4d.csv,1.04573,2.79662,2.75399,1.30563,1
anillo_centro_4d.csv,0.139734,-0.304772,0.406649,-0.10631,2
anillo_centro_4d.csv,-0.130376,0.247525,0.270607,0.237485,2
anillo_centro_4d.csv,1.51929,3.37515,3.12563,0.884977,1
anillo_centro_4d.csv,3.25791,2.29048,-0.139363,-2.26063,1
anillo_centro_4d.csv,0.000815516,0.341109,-0.363724,0.304969,2
anillo_centro_4d.csv,0.114549,0.26655,0.401647,0.249252,2
anillo_centro_4d.csv,-0.335426,-0.660676,-0.0675436,-0.119165,2
anillo_centro_4d.csv,-0.157885,0.0597526,-0.0311908,0.280054,2
anillo_centro_4d.csv,1.99877,0.134497,-1.77587,-2.74668,1
anillo_centro_4d.csv,-2.34707,-0.710227,1.14559,2.88036,1
anillo_centro_4d.csv,0.143117,0.312927,0.200716,0.00976217,2
anillo_centro_4d.csv,-0.0957414,0.325646,0.344023,-0.141133,2
anillo_centro_4d.csv,-0.0347389,0.179195,-0.0792551,0.149379,2
anillo_centro_4d.csv,-0.283913,0.316704,0.190909,-0.0870937,2
anillo_centro_4d.csv,-0.619133,-2.50947,-3.13981,-1.61761,1
anillo_centro_4d.csv,-0.000840708,-0.24935,0.0881534,0.0503832,2
anillo_centro_4d.csv,-0.0307081,-0.205112,-0.0722584,-0.22839,2
anillo_centro_4d.csv,0.288396,-0.32838,-0.107796,-0.163931,2
anillo_centro_4d.csv,0.0815366,0.323029,0.284741,0.0475364,2
anillo_centro_4d.csv,0.105039,-0.00198127,-0.431105,-0.131485,2
anillo_centro_4d.csv,0.224316,0.174626,0.166094,0.228408,2
anillo_centro_4d.csv,2.89293,1.06629,-1.2095,-2.69626,1
anillo_centro_4d.csv,-2.05348,-3.12115,-2.4786,-0.297168,1
anillo_centro_4d.csv,0.403495,0.0610813,-0.130461,0.0839589,2
anillo_centro_4d.csv,1.83926,-0.378162,-2.63991,-3.04812,1
anillo_centro_4d.csv,-0.133701,-0.373349,0.18884,0.116403,2
anillo_centro_4d.csv,-0.0697938,-0.265922,-0.151496,0.0407192,2
anillo_centro_4d.csv,2.25534,0.147345,-1.8264,-2.97092,1
anillo_centro_4d.csv,1.17431,-1.12202,-2.53313,-2.53717,1
anillo_centro_4d.csv,1.57143,2.88137,2.0192,0.537666,1
anillo_centro_4d.csv,0.269824,0.187272,0.136556,0.405602,2
anillo_centro_4d.csv,-0.108348,0.164796,-0.210442,-0.209172,2
anillo_centro_4d.csv,-1.74281,0.481848,2.13988,2.73582,1
anillo_centro_4d.csv,-0.0462627,3.57963e-05,-0.226404,0.417597,2
anillo_centro_4d.csv,-0.0420627,-0.366661,0.0367862,0.0504916,2
anillo_centro_4d.csv,-0.371029,-0.00495311,-0.0863029,0.330181,2
anillo_centro_4d.csv,1.63149,2.6241,2.39701,0.3991,1
anillo_centro_4d.csv,-0.273249,0.470665,0.122344,0.259265,2
anillo_centro_4d.csv,0.426535,-0.0320429,-0.0310287,0.0218649,2
anillo_centro_4d.csv,0.0594016,-0.035954,-0.0663679,0.125174,2
anillo_centro_4d.csv,3.11697,1.99,-0.277269,-2.67147,1
anillo_centro_4d.csv,-0.927441,1.05087,2.9471,2.70771,1
anillo_centro_4d.csv,2.9965,1.00271,-1.39942,-2.96459,1
anillo_centro_4d.csv,-0.651541,-2.18823,-2.98998,-1.70343,1
anillo_centro_4d.csv,-1.52754,0.391401,2.2696,2.9013,1
anillo_centro_4d.csv,0.0357482,-0.112353,-0.0907165,-0.220305,2
anillo_centro_4d.csv,-2.46413,-2.95787,-1.79017,0.579853,1
anillo_centro_4d.csv,-1.17173,1.40477,3.04774,3.21629,1
anillo_centro_4d.csv,-0.314597,0.394275,0.339431,-0.25389,2
anillo_centro_4d.csv,0.0411666,0.0797907,0.182495,-0.106186,2
anillo_centro_4d.csv,1.14164,2.65045,2.98548,1.37667,1
anillo_centro_4d.csv,-1.8377,-2.21714,-1.56829,-0.178729,1
anillo_centro_4d.csv,-0.0536057,0.14508,0.0474674,0.280706,2
anillo_centro_4d.csv,-1.62744,-2.87647,-2.5989,-0.714647,1
anillo_centro_4d.csv,-1.99638,-0.527917,1.87271,2.94735,1
anillo_centro_4d.csv,-0.042336,0.365754,-0.357616,0.13655,2
anillo_centro_4d.csv,-0.0603446,-0.0547027,0.224002,-0.103774,2
anillo_centro_4d.csv,-1.13951,-2.13678,-2.28293,-0.883319,1
anillo_centro_4d.csv,-2.94954,-2.64513,-0.372684,1.74527,1
anillo_centro_4d.csv,-1.92488,-3.06692,-2.41756,-0.294289,1
anillo_centro_4d.csv,0.153462,0.369938,-0.49298,-0.0313607,2
anillo_centro_4d.csv,2.28555,-0.274555,-2.07104,-3.05568,1
anillo_centro_4d.csv,2.40663,0.799019,-1.36698,-2.80546,1
anillo_centro_4d.csv,-2.5713,-3.10334,-1.4276,0.936729,1
anillo_centro_4d.csv,0.762044,-1.40808,-2.83791,-2.54801,1
anillo_centro_4d.csv,-1.48141,0.324219,2.40233,2.99002,1
anillo_centro_4d.csv,3.3497,1.52215,-0.944722,-3.09581,1
anillo_centro_4d.csv,-0.297992,0.134712,-0.0115545,-0.179496,2
anillo_centro_4d.csv,0.176538,0.18043,-0.0550234,-0.0261199,2
anillo_centro_4d.csv,-0.0730257,0.0290196,0.0854232,0.467869,2
anillo_centro_4d.csv,0.304292,2.07324,2.67003,1.4498,1
anillo_centro_4d.csv,-0.130497,0.19963,-0.174631,-0.156097,2
anillo_centro_4d.csv,-0.498423,0.0852713,0.0912862,0.0364221,2
anillo_centro_4d.csv,-0.228895,0.222185,-0.0911003,-0.000140912,2
anillo_centro_4d.csv,0.0835541,0.237996,0.289177,0.173766,2
anillo_centro_4d.csv,1.47165,3.18751,3.03033,0.901682,1
anillo_centro_4d.csv,-0.613379,-2.47776,-3.06747,-1.59132,1
anillo_centro_4d.csv,-0.021306,0.297395,0.0610961,-0.557404,2
anillo_centro_4d.csv,-0.0114875,0.0823602,-0.241212,-0.0182925,2
anillo_centro_4d.csv,0.0249401,-0.535632,0.0328685,-0.303324,2
anillo_centro_4d.csv,-0.0553445,-0.399828,0.192749,-0.209222,2
anillo_centro_4d.csv,2.25844,0.386168,-1.98687,-2.87905,1
anillo_centro_4d.csv,-0.10096,-0.149825,0.0358673,0.0841644,2
anillo_centro_4d.csv,0.141661,-0.0107808,0.0608595,0.16578,2
anillo_centro_4d.csv,-0.135039,0.0802874,-0.0939555,0.0665052,2
anillo_centro_4d.csv,-2.73913,-3.1064,-1.34616,0.712922,1
anillo_centro_4d.csv,-1.94354,-0.444243,1.82794,2.77003,1
anillo_centro_4d.csv,0.473962,-1.8237,-3.37066,-2.83373,1
anillo_centro_4d.csv,0.257344,-0.0523356,-0.123008,0.06179,2
anillo_centro_4d.csv,-3.24436,-2.46101,-0.199102,1.98937,1
anillo_centro_4d.csv,-0.162526,-0.364931,0.136759,0.392806,2
anillo_centro_4d.csv,0.233468,0.104687,-0.0182516,-0.0860562,2
anillo_centro_4d.csv,0.110939,-0.192955,0.0361929,0.269241,2
anillo_centro_4d.csv,-0.27953,-2.44846,-3.16771,-1.94259,1
anillo_centro_4d.csv,-0.0050372,0.195395,0.0495804,0.239621,2
anillo_centro_4d.csv,2.02989,-0.347075,-2.51484,-3.16363,1
anillo_centro_4d.csv,-0.530055,0.00374735,-0.143475,-0.063316,2
anillo_centro_4d.csv,0.159984,2.51048,3.00993,1.94558,1
anillo_centro_4d.csv,-0.228572,0.261862,-0.219477,-0.0759711,2
anillo_centro_4d.csv,-0.811266,1.39074,2.35877,2.2285,1
anillo_centro_4d.csv,-2.88917,-0.919693,1.3554,3.0239,1
anillo_centro_4d.csv,-0.173658,-0.0431344,-0.178822,0.592019,2
anillo_centro_4d.csv,-0.00951326,0.43223,-0.202706,0.0692178,2
anillo_centro_4d.csv,-2.30775,-2.99734,-2.16303,0.0162657,1
anillo_centro_4d.csv,-2.53935,-0.622425,1.66128,2.86882,1
anillo_centro_4d.csv,-0.0770681,0.335298,0.0963519,0.0386968,2
anillo_centro_4d.csv,-0.049395,-0.195339,0.0488155,-0.297029,2
anillo_centro_4d.csv,0.203525,-0.0584067,-0.124796,-0.0489835,2
anillo_centro_4d.csv,1.75672,0.402492,-1.43421,-2.49195,1
anillo_centro_4d.csv,-1.09982,0.946681,2.77764,2.69852,1
anillo_centro_4d.csv,-0.986732,-2.41283,-3.12091,-1.39306,1
anillo_centro_4d.csv,-1.36319,0.978424,2.48019,2.90491,1
anillo_centro_4d.csv,-0.777475,-2.73022,-2.81383,-1.64214,1
anillo_centro_4d.csv,0.0499189,-0.261,-0.128818,-0.434956,2
anillo_centro_4d.csv,1.43524,3.07316,2.87056,0.966893,1
anillo_centro_4d.csv,0.222562,-0.448527,-0.337213,0.10526,2
anillo_centro_4d.csv,1.68151,2.85191,2.19854,-0.184274,1
anillo_centro_4d.csv,0.332963,1.97297,2.89278,1.62348,1
anillo_centro_4d.csv,0.097326,-0.0796443,0.263057,0.249902,2
anillo_centro_4d.csv,2.04417,3.24769,2.293,0.12907,1
anillo_centro_4d.csv,-0.1929,-0.414445,-0.219022,0.183907,2
anillo_centro_4d.csv,-0.407245,-2.46616,-2.91823,-2.06156,1
anillo_centro_4d.csv,0.0933531,0.118843,-0.265246,0.0604053,2
anillo_centro_4d.csv,0.203641,0.173168,0.478817,0.165939,2
anillo_centro_4d.csv,0.0646319,-0.132133,0.128953,0.173683,2
anillo_centro_4d.csv,0.437558,0.134649,-0.131235,0.162734,2
anillo_centro_4d.csv,-0.379893,-0.144507,-0.294552,0.138444,2
anillo_centro_4d.csv,-0.255044,-0.0508299,0.0124314,0.0138258,2
anillo_centro_4d.csv,0.339986,-0.0185841,0.219683,-0.0280517,2
anillo_centro_4d.csv,-0.23053,0.155385,0.298973,0.152931,2
anillo_centro_4d.csv,-2.38361,-0.613456,1.60743,2.67858,1
anillo_centro_4d.csv,-2.23436,-2.9646,-2.11764,0.201585,1
anillo_centro_4d.csv,-0.271935,0.106759,0.0371343,-0.123528,2
anillo_centro_4d.csv,3.07013,2.19461,0.156127,-1.74498,1
anillo_centro_4d.csv,0.178767,0.102955,0.186258,-0.219362,2
anillo_centro_4d.csv,-2.64165,-3.34998,-1.97036,0.468893,1
anillo_centro_4d.csv,1.87534,3.01574,2.12934,0.163799,1
anillo_centro_4d.csv,-1.18915,-3.20759,-3.27304,-1.29931,1
anillo_centro_4d.csv,0.483181,2.34354,2.47876,1.34323,1
anillo_centro_4d.csv,-2.82563,-1.52991,0.597895,2.29161,1
anillo_centro_4d.csv,-0.22479,0.332605,-0.0136973,-0.100655,2
anillo_centro_4d.csv,-0.54929,0.339116,-0.221186,0.368519,2
anillo_centro_4d.csv,0.584981,-0.374713,0.11588,-0.160861,2
anillo_centro_4d.csv,2.17933,2.59171,1.54947,-0.702503,1
anillo_centro_4d.csv,2.99721,2.54776,0.25283,-1.89263,1
anillo_centro_4d.csv,0.0700272,0.0410481,-0.36381,0.254959,2
anillo_centro_4d.csv,-2.8419,-2.01212,0.0235829,2.05611,1
anillo_centro_4d.csv,-3.12765,-2.13904,-0.500996,2.12086,1
anillo_centro_4d.csv,-0.214229,-0.294392,0.130369,-0.0645436,2
anillo_centro_4d.csv,-3.22514,-2.63908,-0.379072,1.98155,1
anillo_centro_4d.csv,-1.19585,1.38973,2.58554,2.49683,1
anillo_centro_4d.csv,2.16779,0.0520864,-2.30847,-3.05797,1
anillo_centro_4d.csv,-0.979632,1.4969,2.75649,2.86194,1
anillo_centro_4d.csv,-2.89917,-2.2901,-0.214692,1.87591,1
anillo_centro_4d.csv,-0.0203656,0.0563617,-0.291029,0.0464307,2
anillo_centro_4d.csv,0.384536,0.265479,0.0543371,-0.0674487,2
anillo_centro_4d.csv,0.0922364,-0.517963,0.209531,0.142985,2
anillo_centro_4d.csv,-0.101161,-0.125196,0.048286,-0.0593414,2
anillo_centro_4d.csv,0.14717,0.451258,0.0910619,-0.0515266,2
anillo_centro_4d.csv,-0.194161,0.283759,0.108706,0.248057,2
anillo_centro_4d.csv,0.118982,0.073751,0.224269,0.0849869,2
anillo_centro_4d.csv,1.10834,2.47121,2.66645,1.27844,1
anillo_centro_4d.csv,0.107697,-0.061187,0.0620811,0.648625,2
anillo_centro_4d.csv,0.0999973,0.47419,-0.0140232,0.508004,2
anillo_centro_4d.csv,-3.19449,-2.04928,0.207218,2.41379,1
anillo_centro_4d.csv,-2.7873,-2.68272,-1.34497,1.32413,1
anillo_centro_4d.csv,2.97963,0.83203,-1.26936,-2.81835,1
anillo_centro_4d.csv,0.0500648,0.545782,-0.0542118,0.191857,2
anillo_centro_4d.csv,0.0440751,0.750165,0.205864,0.392397,2
anillo_centro_4d.csv,1.08699,2.70513,2.84731,1.52596,1
anillo_centro_4d.csv,-0.0857319,-0.061203,-0.627768,-0.211372,2
anillo_centro_4d.csv,-3.01055,-2.26299,-0.586828,1.74313,1
anillo_centro_4d.csv,0.362691,-0.217446,0.348048,-0.160687,2
anillo_centro_4d.csv,1.68383,3.01956,2.79113,1.36867,1
anillo_centro_4d.csv,-0.193334,-0.171407,-0.241416,-0.323711,2
anillo_centro_4d.csv,0.0160886,-0.320698,-0.254923,-0.0279451,2
anillo_centro_4d.csv,-2.278,-2.7873,-1.76551,0.249601,1
anillo_centro_4d.csv,-1.0408,0.834744,2.77021,2.5275,1
anillo_centro_4d.csv,-0.00413892,2.57579,3.0854,1.84475,1
anillo_centro_4d.csv,0.181648,0.0811454,0.211631,0.235745,2
anillo_centro_4d.csv,-2.87392,-1.34372,0.986696,2.82755,1
anillo_centro_4d.csv,2.9209,2.65771,1.12784,-1.55183,1
anillo_centro_4d.csv,1.34016,-0.817737,-2.50117,-2.72759,1
anillo_centro_4d.csv,0.112543,-0.553705,0.36417,-0.160284,2
anillo_centro_4d.csv,-0.125509,-0.31377,-0.359964,0.50382,2
anillo_centro_4d.csv,-3.06415,-2.904,-0.60231,1.71841,1
anillo_centro_4d.csv,0.519326,-1.78115,-2.71109,-2.67782,1
anillo_centro_4d.csv,-0.426315,0.0447677,0.146426,0.133189,2
anillo_centro_4d.csv,-0.0533026,0.406856,0.238335,-0.0125879,2
anillo_centro_4d.csv,-0.316179,0.450007,-0.0593415,0.0419431,2
anillo_centro_4d.csv,-0.146216,-0.232145,-0.302509,0.566669,2
anillo_centro_4d.csv,0.484822,2.0761,2.56685,1.9527,1
anillo_centro_4d.csv,-1.45185,0.663939,2.63573,2.90004,1
anillo_centro_4d.csv,0.213024,-0.140583,-0.257973,-0.337409,2
anillo_centro_4d.csv,0.12156,0.184485,0.309962,0.369207,2
anillo_centro_4d.csv,-0.268,-2.53034,-2.70318,-1.67016,1
anillo_centro_4d.csv,-2.89765,-2.0165,0.286694,2.42227,1
anillo_centro_4d.csv,-2.90516,-2.1881,-0.0604573,2.01889,1
anillo_centro_4d.csv,0.221254,-0.081014,0.299411,-0.869388,2
anillo_centro_4d.csv,-2.62181,-3.01908,-1.62231,0.89806,1
anillo_centro_4d.csv,2.7711,2.67004,0.641419,-1.75268,1
anillo_centro_4d.csv,-0.348082,-0.33225,0.130914,-0.299992,2
anillo_centro_4d.csv,-3.03757,-1.44689,1.20235,2.87886,1
anillo_centro_4d.csv,-2.95113,-1.08269,1.33096,3.05668,1
anillo_centro_4d.csv,0.359499,-0.0197217,-0.00947541,0.37821,2
anillo_centro_4d.csv,-0.0785736,-0.0535974,0.104461,0.261538,2
anillo_centro_4d.csv,0.0867344,-0.181887,-0.540703,-0.101565,2
anillo_centro_4d.csv,-0.133707,0.0269213,0.0503675,-0.154807,2
anillo_centro_4d.csv,0.0397458,0.0649643,-0.0323828,-0.120752,2
anillo_centro_4d.csv,-2.55666,-1.37853,0.981117,2.82284,1
anillo_centro_4d.csv,-1.69899,0.636925,2.64904,3.12467,1
anillo_centro_4d.csv,-0.433745,-0.216074,-0.0872931,-0.425071,2
anillo_centro_4d.csv,0.0612632,0.226698,0.275006,-0.138083,2
anillo_centro_4d.csv,0.166739,-0.397028,0.423433,-0.088593,2
anillo_centro_4d.csv,0.0432403,-0.349793,-0.0383429,-0.0485985,2
anillo_centro_4d.csv,-0.516371,-0.11773,0.0228288,0.174818,2
anillo_centro_4d.csv,-0.0539622,-0.261562,0.354893,0.062297,2
anillo_centro_4d.csv,0.23156,2.11465,2.77912,1.86092,1
anillo_centro_4d.csv,0.0595394,-0.296526,0.384032,-0.198858,2
anillo_centro_4d.csv,0.286184,-1.57117,-2.52877,-2.07624,1
anillo_centro_4d.csv,-2.97755,-2.51969,-0.597027,1.74486,1
anillo_centro_4d.csv,0.5928,2.69951,3.17029,1.6488,1
anillo_centro_4d.csv,-3.23044,-1.79919,0.246757,2.42272,1
anillo_centro_4d.csv,-0.3481,0.178822,-0.24058,0.386907,2
anillo_centro_4d.csv,-0.152128,-0.225096,-0.169151,-0.0654061,2
anillo_centro_4d.csv,0.0199355,0.0879298,-0.242138,-0.175309,2
anillo_centro_4d.csv,-1.96273,-2.656,-2.15247,0.109967,1
anillo_centro_4d.csv,0.18316,-0.169696,0.0715722,0.256487,2
anillo_centro_4d.csv,1.15402,-0.91864,-2.36534,-2.52226,1
anillo_centro_4d.csv,-0.45056,-0.242319,-0.0306843,0.119247,2
anillo_centro_4d.csv,-1.76909,-2.82042,-2.14014,-0.140667,1
anillo_centro_4d.csv,0.125136,0.153161,0.246174,0.0122957,2
anillo_centro_4d.csv,-0.175989,-0.264194,-0.112262,0.114065,2
anillo_centro_4d.csv,0.576043,2.07206,2.87133,1.66528,1
anillo_centro_4d.csv,-0.0303968,0.0209816,-0.0297244,-0.309703,2
anillo_centro_4d.csv,1.69691,3.05907,2.32638,0.291878,1
anillo_centro_4d.csv,-0.139173,-0.218147,0.0800716,0.0915268,2
anillo_centro_4d.csv,2.7207,2.92567,1.35783,-0.87894,1
anillo_centro_4d.csv,0.785313,2.70105,2.53536,1.28572,1
anillo_centro_4d.csv,0.574575,0.127951,0.0222639,-0.206068,2
anillo_centro_4d.csv,0.0812269,-0.207069,0.274082,0.138619,2
anillo_centro_4d.csv,0.808971,2.65451,2.54589,1.52919,1
anillo_centro_4d.csv,-2.51777,-2.8361,-0.952945,0.648629,1
anillo_centro_4d.csv,-0.103629,-0.0632789,-0.106982,-0.169477,2
anillo_centro_4d.csv,1.51107,2.64748,2.23337,0.200326,1
anillo_centro_4d.csv,-0.0526915,-0.198736,-0.155506,0.198033,2
anillo_centro_4d.csv,1.26775,-1.06561,-2.69056,-2.9376,1
anillo_centro_4d.csv,-2.10754,-3.12701,-2.12726,-0.184109,1
anillo_centro_4d.csv,-0.486756,0.163708,0.0356023,0.0553277,2
anillo_centro_4d.csv,-1.76522,0.0996067,1.81058,2.83315,1
anillo_centro_4d.csv,0.100722,-0.347755,0.0185965,-0.209868,2
anillo_centro_4d.csv,-0.954894,1.71909,3.62272,2.73761,1
anillo_centro_4d.csv,-0.0332396,0.149449,0.835893,0.468125,2
anillo_centro_4d.csv,-0.178856,-0.340104,-0.49599,0.172852,2
anillo_centro_4d.csv,-0.231733,-0.618322,-0.232609,0.0853896,2
anillo_centro_4d.csv,-0.273719,1.87402,3.18012,2.23971,1
anillo_centro_4d.csv,-3.2956,-2.44883,-0.309134,1.99729,1
anillo_centro_4d.csv,2.77813,0.698476,-1.75461,-2.88559,1
anillo_centro_4d.csv,-0.0155793,-0.0544646,-0.131872,-0.0796797,2
anillo_centro_4d.csv,2.74211,2.11094,-0.0260317,-2.02411,1
anillo_centro_4d.csv,-0.0649983,0.087667,0.0280038,0.306486,2
anillo_centro_4d.csv,2.764,1.64794,-0.95324,-2.27589,1
anillo_centro_4d.csv,-2.96041,-1.63609,0.427669,2.4198,1
anillo_centro_4d.csv,-0.407194,1.64843,2.9105,2.87756,1
anillo_centro_4d.csv,1.80166,2.98051,2.29485,0.323294,1
anillo_centro_4d.csv,-2.93997,-3.12437,-1.03615,1.23898,1
anillo_centro_4d.csv,1.43618,2.44889,2.35019,1.02058,1
anillo_centro_4d.csv,-0.0366911,2.24176,3.12411,1.61259,1
anillo_centro_4d.csv,0.280916,0.46595,0.0559486,0.164087,2
anillo_centro_4d.csv,-0.00474852,0.000599229,0.122125,0.205126,2
anillo_centro_4d.csv,2.65073,0.278785,-2.13892,-3.19109,1
anillo_centro_4d.csv,0.00665584,0.225557,0.497482,0.439702,2
anillo_centro_4d.csv,0.156034,0.108135,-0.0922663,-0.200631,2
anillo_centro_4d.csv,0.188894,0.509659,-0.138178,-0.0269468,2
anillo_centro_4d.csv,-0.0402449,0.0590995,0.437206,0.0302991,2
anillo_centro_4d.csv,-0.336256,-0.0439158,-0.318285,0.172526,2
anillo_centro_4d.csv,-0.133188,0.140935,0.465679,-0.302547,2
anillo_centro_4d.csv,2.74726,1.32983,-1.04149,-2.41556,1
anillo_centro_4d.csv,0.242774,0.0626043,0.308081,-0.304441,2
anillo_centro_4d.csv,0.0895021,0.485258,0.0357648,0.478459,2
anillo_centro_4d.csv,0.321903,0.349861,-0.311424,0.181479,2
anillo_centro_4d.csv,-0.276252,0.0500229,-0.0299421,0.0806576,2
anillo_centro_4d.csv,-1.32057,0.984654,2.17962,2.87109,1
anillo_centro_4d.csv,1.4585,-0.422508,-1.96988,-2.49207,1
anillo_centro_4d.csv,2.24799,2.79792,1.81698,-0.496554,1
anillo_centro_4d.csv,2.2581,2.76602,0.967796,-0.889793,1
anillo_centro_4d.csv,-0.0991336,-0.277922,0.0637426,0.534781,2
anillo_centro_4d.csv,0.225808,0.0153119,0.0615398,-0.173873,2
anillo_centro_4d.csv,0.390712,2.6445,3.17796,2.15867,1
anillo_centro_4d.csv,-0.243477,-0.185741,-0.125294,0.255817,2
anillo_centro_4d.csv,0.0323356,-0.120998,0.455565,0.177751,2
anillo_centro_4d.csv,-0.535639,1.95979,3.16341,2.60582,1
anillo_centro_4d.csv,-2.92676,-1.62993,0.956758,2.73734,1
anillo_centro_4d.csv,0.254038,-0.383109,0.45864,0.390895,2
anillo_centro_4d.csv,1.78025,-0.392706,-2.12524,-2.74451,1
anillo_centro_4d.csv,0.252182,0.396518,-0.189735,-0.135798,2
anillo_centro_4d.csv,1.06976,2.88419,2.67184,0.752632,1
anillo_centro_4d.csv,2.42027,2.98936,1.4246,-0.466714,1
anillo_centro_4d.csv,-0.368795,-0.111504,-0.259425,0.36166,2
anillo_centro_4d.csv,0.186042,-0.29529,-0.189024,0.145449,2
anillo_centro_4d.csv,2.51555,2.98965,1.27909,-0.942792,1
anillo_centro_4d.csv,-0.789458,1.18001,2.4999,2.62514,1
anillo_centro_4d.csv,-2.92155,-2.12588,-0.383497,1.96573,1
anillo_centro_4d.csv,-2.37014,-2.57131,-1.00308,1.22322,1
anillo_centro_4d.csv,0.257487,-0.2234,-0.0692704,0.139133,2
anillo_centro_4d.csv,2.6347,3.0435,1.8349,-0.559667,1
anillo_centro_4d.csv,-0.1707,0.0757912,0.111076,0.0328057,2
anillo_centro_4d.csv,-0.272217,1.76304,2.66873,2.18676,1
anillo_centro_4d.csv,2.9486,2.87237,1.16852,-1.33138,1
anillo_centro_4d.csv,-3.01315,-1.69674,0.476758,2.56587,1
anillo_centro_4d.csv,0.866949,2.60013,2.61839,0.978672,1
anillo_centro_4d.csv,0.0906347,-0.1543,-0.288638,0.165625,2
anillo_centro_4d.csv,-1.79398,0.174061,2.48534,2.86588,1
anillo_centro_4d.csv,-0.556529,1.97015,3.04077,2.50335,1
anillo_centro_4d.csv,-0.150797,-0.16177,0.00517356,-0.467733,2
anillo_centro_4d.csv,-3.02682,-1.59776,0.522283,2.64,1
anillo_centro_4d.csv,-0.0635595,-0.0601703,0.412364,-0.297847,2
anillo_centro_4d.csv,-0.249658,0.0847426,0.240547,0.184719,2
anillo_centro_4d.csv,0.526741,0.121837,-0.35582,0.061671,2
anillo_centro_4d.csv,-0.149059,-0.306263,0.124918,-0.391352,2
anillo_centro_4d.csv,-0.347596,-0.140222,0.0232635,0.29773,2
anillo_centro_4d.csv,0.0516758,0.0144951,0.0385652,-0.123187,2
anillo_centro_4d.csv,0.168458,0.103624,-0.130465,0.0467427,2
anillo_centro_4d.csv,3.02751,3.08793,1.25568,-1.41821,1
anillo_centro_4d.csv,0.410367,2.21994,2.77993,1.85843,1
anillo_centro_4d.csv,-0.299002,0.103302,-0.262141,0.0102157,2
anillo_centro_4d.csv,-0.132371,0.191212,0.481648,-0.580705,2
anillo_centro_4d.csv,-0.0544766,-0.0618182,0.0315927,0.372144,2
anillo_centro_4d.csv,0.236238,-0.413928,0.122592,-0.211841,2
anillo_centro_4d.csv,1.09532,-0.891754,-2.53897,-2.65526,1
anillo_centro_4d.csv,-2.29466,-3.13226,-2.22632,-0.222473,1
anillo_centro_4d.csv,1.67499,-0.471403,-2.83651,-2.66772,1
anillo_centro_4d.csv,2.99106,1.53816,-0.829803,-2.83618,1
anillo_centro_4d.csv,0.389216,0.116881,0.39732,-0.301986,2
anillo_centro_4d.csv,0.164522,-0.209336,-0.226592,0.513475,2
anillo_centro_4d.csv,0.234696,-0.0268752,0.0619154,-0.164829,2
anillo_centro_4d.csv,-3.19411,-2.41673,-0.309089,1.87424,1
anillo_centro_4d.csv,-2.04104,-2.89453,-2.42608,-0.14131,1
anillo_centro_4d.csv,0.108696,-0.308874,-0.342872,-0.106929,2
anillo_centro_4d.csv,-0.191614,0.111659,-0.0805795,0.265165,2
anillo_centro_4d.csv,0.178376,5.75546e-05,0.372481,-0.374523,2
anillo_centro_4d.csv,2.83698,1.19339,-1.21692,-2.61609,1
anillo_centro_4d.csv,-0.487924,0.115176,-0.344843,-0.170468,2
