archivo,Dimension_1,Dimension_2,Dimension_3,Dimension_4,Cluster
hiperesferas_4d.csv,-1.45093,-1.68162,-1.58153,1.41401,1
hiperesferas_4d.csv,-1.09004,1.55456,2.12172,0.47162,1
hiperesferas_4d.csv,-2.53272,1.18627,-0.768366,0.590502,1
hiperesferas_4d.csv,-1.44572,-2.34133,1.22547,0.920293,1
hiperesferas_4d.csv,0.407665,-0.27906,0.800006,0.576885,2
hiperesferas_4d.csv,-2.50029,-0.994583,-0.744574,-0.912076,1
hiperesferas_4d.csv,1.7129,-1.94902,0.186679,-1.32416,1
hiperesferas_4d.csv,-0.329511,-0.360469,0.783736,-0.0478329,2
hiperesferas_4d.csv,-1.82109,0.411626,2.31615,-0.628458,1
hiperesferas_4d.csv,1.22507,2.57021,0.111132,-0.875935,1
hiperesferas_4d.csv,-0.125196,0.450555,-0.987954,-0.166563,2
hiperesferas_4d.csv,-0.536732,0.327616,-0.593786,-0.065475,2
hiperesferas_4d.csv,2.93993,0.428609,-1.15342,0.365058,1
hiperesferas_4d.csv,-0.878073,-0.0942163,-0.581811,-0.45945,2
hiperesferas_4d.csv,-0.427115,-0.362444,-0.904652,-0.0914436,2
hiperesferas_4d.csv,-0.354306,-0.629467,-0.0594539,0.603899,2
hiperesferas_4d.csv,-1.93759,1.27825,1.43818,-0.483099,1
hiperesferas_4d.csv,-1.21242,1.03353,-0.136167,-2.37176,1
hiperesferas_4d.csv,0.828551,0.449365,0.00212431,0.224222,2
hiperesferas_4d.csv,-0.3103,-0.0156562,-0.73479,-2.84871,1
hiperesferas_4d.csv,1.24127,-0.719198,0.757865,2.54883,1
hiperesferas_4d.csv,0.0955511,-1.67219,-0.813147,2.3786,1
hiperesferas_4d.csv,-0.0649317,0.607276,-2.87594,-0.695385,1
hiperesferas_4d.csv,1.69699,2.15768,1.0706,0.431384,1
hiperesferas_4d.csv,0.118978,-0.278923,-0.48473,-0.597798,2
hiperesferas_4d.csv,-0.654126,0.751133,-0.0458267,-0.301026,2
hiperesferas_4d.csv,1.78273,-2.18691,-1.05184,0.0507722,1
hiperesferas_4d.csv,0.339974,-0.909565,0.136645,0.197782,2
hiperesferas_4d.csv,-1.15919,-1.81559,0.0941975,-2.07557,1
hiperesferas_4d.csv,0.143641,0.540538,0.556432,0.700568,2
hiperesferas_4d.csv,-1.33959,-0.0590048,-2.74236,0.113799,1
hiperesferas_4d.csv,-1.16756,-1.2293,-1.87466,-1.86995,1
hiperesferas_4d.csv,-0.687958,-1.26338,2.53282,-0.482063,1
hiperesferas_4d.csv,-1.1428,-1.14972,-0.723838,-2.40194,1
hiperesferas_4d.csv,-0.218624,-0.180574,-0.706372,-0.389029,2
hiperesferas_4d.csv,-0.321868,1.55049,-2.30918,1.13771,1
hiperesferas_4d.csv,0.492067,-0.210231,-0.52618,-0.77549,2
hiperesferas_4d.csv,1.67487,1.00477,0.469675,-2.21534,1
hiperesferas_4d.csv,-0.163086,-0.40444,-0.522862,-0.786356,2
hiperesferas_4d.csv,2.21205,0.539892,-0.975626,-1.72303,1
hiperesferas_4d.csv,-1.09331,-2.69526,0.192634,-1.47207,1
hiperesferas_4d.csv,-1.89124,-1.73097,1.4658,0.126609,1
hiperesferas_4d.csv,-1.14618,-1.4286,-1.90579,-1.04681,1
hiperesferas_4d.csv,1.55512,-0.738622,2.23947,-1.37848,1
hiperesferas_4d.csv,-2.62733,-1.26266,-0.898661,-0.345415,1
hiperesferas_4d.csv,-0.598598,-0.593339,0.0578775,-0.436224,2
hiperesferas_4d.csv,0.0331895,1.49575,2.36736,-1.30925,1
hiperesferas_4d.csv,-2.59602,-1.49217,0.546932,0.0588813,1
hiperesferas_4d.csv,0.807509,0.348013,0.10056,-0.435556,2
hiperesferas_4d.csv,-0.235244,-1.3429,-1.73818,-2.08998,1
hiperesferas_4d.csv,-0.12485,-1.29588,2.58863,0.622906,1
hiperesferas_4d.csv,0.748022,-0.403024,-0.10844,0.681613,2
hiperesferas_4d.csv,-2.02658,1.91138,-0.831171,0.55078,1
hiperesferas_4d.csv,-0.720652,-0.183401,-0.386079,0.32189,2
hiperesferas_4d.csv,0.50948,0.292527,-1.16868,2.76068,1
hiperesferas_4d.csv,0.478742,-0.15947,0.25276,-0.963911,2
hiperesferas_4d.csv,-1.05773,-1.89129,1.3928,1.56717,1
hiperesferas_4d.csv,-0.171891,2.49751,1.56102,0.199597,1
hiperesferas_4d.csv,0.0690257,-1.14738,-1.84319,2.16607,1
hiperesferas_4d.csv,-2.67869,-0.0867219,1.39188,0.572601,1
hiperesferas_4d.csv,2.73681,0.517488,-0.102801,0.99675,1
hiperesferas_4d.csv,0.37423,-0.960351,2.38246,-1.36841,1
hiperesferas_4d.csv,-0.527023,-0.233687,-2.54307,-1.46399,1
hiperesferas_4d.csv,-2.2951,-1.71612,-0.820803,0.232918,1
hiperesferas_4d.csv,1.326,0.516968,1.91872,-1.55663,1
hiperesferas_4d.csv,-0.893084,-2.67595,-0.382847,0.880918,1
hiperesferas_4d.csv,-0.126196,1.15047,2.68965,-0.385603,1
hiperesferas_4d.csv,0.373888,0.334094,0.619943,0.509317,2
hiperesferas_4d.csv,-0.4463,-0.401178,1.95256,-2.00616,1
hiperesferas_4d.csv,2.04911,-1.5274,-0.711573,0.89738,1
hiperesferas_4d.csv,-1.75977,-2.22179,-0.769168,0.429913,1
hiperesferas_4d.csv,-1.032,1.19621,1.1548,2.27926,1
hiperesferas_4d.csv,-0.682987,-0.621967,0.12408,0.42883,2
hiperesferas_4d.csv,-0.497914,-0.0954896,-0.298485,0.829934,2
hiperesferas_4d.csv,-0.119389,-0.184841,0.526661,0.686812,2
hiperesferas_4d.csv,2.04158,-1.1532,-0.855997,-1.65534,1
hiperesferas_4d.csv,0.840606,-0.113317,-0.105103,-2.98538,1
hiperesferas_4d.csv,0.892835,0.624756,-0.0498377,-0.149045,2
hiperesferas_4d.csv,0.26313,-0.0551147,-1.96077,2.26928,1
hiperesferas_4d.csv,1.06397,1.96656,0.566604,1.89761,1
hiperesferas_4d.csv,0.965292,-1.64929,2.27193,0.214918,1
hiperesferas_4d.csv,2.42063,0.192276,1.87313,-0.0282456,1
hiperesferas_4d.csv,-0.902692,1.32368,0.430727,2.56262,1
hiperesferas_4d.csv,1.62391,1.55187,1.12101,1.47034,1
hiperesferas_4d.csv,-1.9484,0.96923,1.4781,1.412,1
hiperesferas_4d.csv,-0.681041,-1.0812,2.35738,-1.37913,1
hiperesferas_4d.csv,2.16986,-2.07951,-0.483124,0.571908,1
hiperesferas_4d.csv,-0.658164,-0.184325,-0.577499,-0.362187,2
hiperesferas_4d.csv,1.51063,2.40506,-0.506734,0.531885,1
hiperesferas_4d.csv,0.829496,-1.8984,-0.859108,-2.18477,1
hiperesferas_4d.csv,-0.812125,-0.0232528,0.418529,-0.479986,2
hiperesferas_4d.csv,0.200463,0.179493,0.394764,-0.786145,2
hiperesferas_4d.csv,-0.372803,-0.641246,2.70941,1.19851,1
hiperesferas_4d.csv,0.330866,-0.137635,0.237016,0.92779,2
hiperesferas_4d.csv,0.699077,-0.0810675,-0.125289,0.756626,2
hiperesferas_4d.csv,-1.85299,0.0655683,1.54718,-1.90641,1
hiperesferas_4d.csv,-0.163798,0.0220711,-0.879493,0.66464,2
hiperesferas_4d.csv,0.770481,-0.684547,-0.219606,-0.0711463,2
hiperesferas_4d.csv,-0.396246,2.55435,-0.892313,0.945072,1
hiperesferas_4d.csv,0.773036,-2.665,0.851852,-0.392825,1
hiperesferas_4d.csv,2.49225,0.148191,-0.905723,1.2487,1
hiperesferas_4d.csv,2.23868,-2.03702,-1.26149,0.298929,1
hiperesferas_4d.csv,1.98537,-2.11544,-0.638852,-0.532759,1
hiperesferas_4d.csv,0.327742,-0.95186,2.89288,-0.116495,1
hiperesferas_4d.csv,0.378464,-1.63137,0.178966,2.52518,1
hiperesferas_4d.csv,-0.203034,-0.374145,0.187864,-0.751976,2
hiperesferas_4d.csv,-0.489779,0.830202,0.683027,0.129686,2
hiperesferas_4d.csv,0.558894,-0.699456,-0.0070295,0.546866,2
hiperesferas_4d.csv,-1.42663,-2.06585,-1.86376,0.387932,1
hiperesferas_4d.csv,0.0882283,-0.133703,-2.22836,2.11251,1
hiperesferas_4d.csv,-0.056049,2.08461,-2.2395,-0.539259,1
hiperesferas_4d.csv,-0.361093,1.18294,2.50375,0.743218,1
hiperesferas_4d.csv,0.16597,0.814916,0.336371,-0.180612,2
hiperesferas_4d.csv,0.590623,0.612291,0.670899,0.285688,2
hiperesferas_4d.csv,0.271063,0.663589,-0.422969,-0.216241,2
hiperesferas_4d.csv,-0.563894,2.44802,-1.28241,1.14217,1
hiperesferas_4d.csv,-0.0736184,-2.12101,-2.03221,0.0755559,1
hiperesferas_4d.csv,0.551161,1.16533,2.42261,-1.33783,1
hiperesferas_4d.csv,-0.642808,-0.665031,-0.358216,-0.514244,2
hiperesferas_4d.csv,-0.584721,-1.28755,1.22108,2.14814,1
hiperesferas_4d.csv,0.464871,-1.77069,2.16311,0.054134,1
hiperesferas_4d.csv,-0.0408181,1.0179,-0.0792544,0.46678,2
hiperesferas_4d.csv,1.05043,-0.300802,0.323369,0.142643,2
hiperesferas_4d.csv,-2.62602,-0.313278,-1.12648,-0.60403,1
hiperesferas_4d.csv,-0.607612,2.06368,-0.847105,2.101,1
hiperesferas_4d.csv,0.00782241,0.269106,1.85959,2.31882,1
hiperesferas_4d.csv,1.00206,-1.1928,-2.16944,1.67588,1
hiperesferas_4d.csv,0.210094,2.16102,-1.92343,0.912207,1
hiperesferas_4d.csv,0.831719,-0.506659,-0.116608,-0.196113,2
hiperesferas_4d.csv,0.945527,0.362302,-0.282741,0.211888,2
hiperesferas_4d.csv,-2.45623,1.54988,0.915573,-0.476084,1
hiperesferas_4d.csv,-0.0824228,-0.894916,0.172052,0.0828083,2
hiperesferas_4d.csv,0.705446,0.924663,-0.114074,2.90836,1
hiperesferas_4d.csv,-1.19483,-2.07551,1.01748,1.53911,1
hiperesferas_4d.csv,1.10237,2.10086,-1.37877,1.35549,1
hiperesferas_4d.csv,0.318701,0.107732,0.157265,0.854763,2
hiperesferas_4d.csv,-0.277815,-0.917314,0.206661,0.376444,2
hiperesferas_4d.csv,0.957126,-1.17784,0.678772,2.38107,1
hiperesferas_4d.csv,0.960237,2.35633,-1.57162,0.356828,1
hiperesferas_4d.csv,-0.342757,-0.944401,-0.017874,-0.0132435,2
hiperesferas_4d.csv,2.51714,-0.334592,1.40559,-0.932682,1
hiperesferas_4d.csv,0.203211,-2.16921,-1.64405,1.24869,1
hiperesferas_4d.csv,-0.670853,0.367308,0.267819,-2.9276,1
hiperesferas_4d.csv,1.41586,2.05339,-1.45487,0.77197,1
hiperesferas_4d.csv,-1.64592,1.52291,0.820707,-1.31782,1
hiperesferas_4d.csv,0.509359,-0.919115,-2.22594,-1.74795,1
hiperesferas_4d.csv,-1.32064,-0.432082,2.40311,1.40029,1
hiperesferas_4d.csv,-2.04079,1.74295,-0.81912,-1.20352,1
hiperesferas_4d.csv,-0.0353765,-2.03785,2.10631,-0.394695,1
hiperesferas_4d.csv,-1.49191,-2.13137,0.425961,-1.37282,1
hiperesferas_4d.csv,1.79219,-1.97702,0.8989,-0.550358,1
hiperesferas_4d.csv,-0.104707,0.628614,-0.669135,-0.175297,2
hiperesferas_4d.csv,-1.42577,1.81489,-0.126975,-2.00668,1
hiperesferas_4d.csv,0.0764467,0.493606,-0.433853,0.974926,2
hiperesferas_4d.csv,1.85812,1.51066,-1.50393,-0.431421,1
hiperesferas_4d.csv,-0.421031,0.842275,0.0789377,-0.141056,2
hiperesferas_4d.csv,2.42799,0.967508,0.461644,-1.69456,1
hiperesferas_4d.csv,0.0808153,-0.216224,-1.01611,-0.396517,2
hiperesferas_4d.csv,-0.237702,0.692392,-0.472376,-0.202703,2
hiperesferas_4d.csv,0.986001,-2.47946,-0.745416,-0.826202,1
hiperesferas_4d.csv,-0.61311,-0.410089,-2.09738,2.11539,1
hiperesferas_4d.csv,-0.419506,0.783541,0.40528,0.839926,2
hiperesferas_4d.csv,-1.80475,2.23935,-0.784104,-0.488665,1
hiperesferas_4d.csv,-2.63419,-0.847621,-0.328542,-1.20622,1
hiperesferas_4d.csv,1.94437,-1.54274,1.60738,0.00302334,1
hiperesferas_4d.csv,-0.943072,-2.65413,0.252515,-0.654083,1
hiperesferas_4d.csv,-1.42069,0.658306,1.68395,1.78462,1
hiperesferas_4d.csv,1.06645,-1.85804,-2.14948,-0.521991,1
hiperesferas_4d.csv,-1.84663,-0.655351,0.796759,-1.97534,1
hiperesferas_4d.csv,-0.728046,-0.538089,2.84355,-0.200482,1
hiperesferas_4d.csv,0.682974,0.150026,-0.217439,-0.384323,2
hiperesferas_4d.csv,0.3672,0.499788,-0.67591,-0.160591,2
hiperesferas_4d.csv,2.15897,1.64199,-1.11429,0.709165,1
hiperesferas_4d.csv,0.614624,-0.0591473,0.511783,0.478576,2
hiperesferas_4d.csv,-0.589713,0.798901,-0.0168465,-0.379456,2
hiperesferas_4d.csv,-0.865393,-0.455183,-0.651287,0.150463,2
hiperesferas_4d.csv,2.36327,-1.46899,0.155309,0.759565,1
hiperesferas_4d.csv,1.37879,-2.52504,-0.478712,0.821263,1
hiperesferas_4d.csv,0.0340308,0.336093,0.352601,0.982991,2
hiperesferas_4d.csv,-2.11606,1.62614,-1.17922,0.930464,1
hiperesferas_4d.csv,-0.31925,1.52167,1.94944,-1.64471,1
hiperesferas_4d.csv,-0.125508,-0.0798168,-0.910357,0.0531948,2
hiperesferas_4d.csv,0.458148,0.11476,0.63179,-0.296383,2
hiperesferas_4d.csv,0.229625,-0.4937,0.0611834,-2.89636,1
hiperesferas_4d.csv,1.18316,0.198726,-0.550048,-2.60358,1
hiperesferas_4d.csv,-0.706067,-0.300214,-0.249402,-0.608197,2
hiperesferas_4d.csv,2.54157,0.99805,0.58702,-0.636259,1
hiperesferas_4d.csv,0.693782,0.0929832,0.599191,0.00726209,2
hiperesferas_4d.csv,1.51004,-0.978723,-1.79722,-1.64906,1
hiperesferas_4d.csv,0.507101,2.83216,-0.41509,0.233732,1
hiperesferas_4d.csv,2.43003,0.0133127,-1.83612,-0.195004,1
hiperesferas_4d.csv,0.188863,0.0619112,0.63708,0.427843,2
hiperesferas_4d.csv,2.53987,1.21531,0.649383,-0.887285,1
hiperesferas_4d.csv,-1.2512,-1.97455,0.26611,1.50401,1
hiperesferas_4d.csv,-0.93883,-0.48135,-0.000585962,-0.204552,2
hiperesferas_4d.csv,1.43534,1.79825,-1.90098,-0.490209,1
hiperesferas_4d.csv,-0.252799,-0.209824,-0.55803,0.743783,2
hiperesferas_4d.csv,0.415795,0.659714,0.171839,-0.751194,2
hiperesferas_4d.csv,-1.60492,1.21893,-1.60661,1.58371,1
hiperesferas_4d.csv,0.293088,0.316411,-0.893431,-0.466699,2
hiperesferas_4d.csv,-0.782628,-0.545331,2.72456,0.995153,1
hiperesferas_4d.csv,-0.792235,0.349964,0.105831,-0.3108,2
hiperesferas_4d.csv,-0.815689,0.313068,-0.382291,0.0321839,2
hiperesferas_4d.csv,-1.36699,2.60965,0.0895658,0.0695374,1
hiperesferas_4d.csv,2.65366,0.439968,-1.01711,-0.616341,1
hiperesferas_4d.csv,2.45345,0.503171,0.440359,1.76823,1
hiperesferas_4d.csv,1.85635,-1.4275,1.8899,0.255149,1
hiperesferas_4d.csv,-0.262802,-1.61571,1.89337,-1.48238,1
hiperesferas_4d.csv,2.4658,1.50906,1.13512,0.39663,1
hiperesferas_4d.csv,-1.1979,1.8557,-1.04745,-1.48334,1
hiperesferas_4d.csv,0.0188963,-1.45509,-1.99179,-1.42293,1
hiperesferas_4d.csv,-0.768801,-0.528061,0.158194,-0.0886557,2
hiperesferas_4d.csv,-2.84296,-0.163062,-0.607504,-0.199045,1
hiperesferas_4d.csv,-1.77507,-1.91467,0.658004,-1.16897,1
hiperesferas_4d.csv,0.0354243,0.285938,-1.13415,0.176531,2
hiperesferas_4d.csv,-1.03186,-0.609481,-2.81627,0.471675,1
hiperesferas_4d.csv,-0.439905,-1.39703,1.40884,2.15721,1
hiperesferas_4d.csv,-0.553838,-0.472217,0.329034,0.786179,2
hiperesferas_4d.csv,-2.18704,-0.3176,2.03219,-0.188909,1
hiperesferas_4d.csv,-0.532658,-1.323,-2.40593,1.00688,1
hiperesferas_4d.csv,2.14327,0.497769,-1.8564,-0.421699,1
hiperesferas_4d.csv,-0.934202,0.519404,0.169173,-0.380227,2
hiperesferas_4d.csv,0.219758,0.77823,-0.136114,-0.337959,2
hiperesferas_4d.csv,-0.357848,0.273777,0.301773,0.926919,2
hiperesferas_4d.csv,0.67395,1.34998,-2.70078,-0.0664479,1
hiperesferas_4d.csv,1.35807,-0.67681,-2.60556,0.0430335,1
hiperesferas_4d.csv,-0.822414,0.362256,0.184153,0.328993,2
hiperesferas_4d.csv,-1.83797,-2.14358,-1.42546,0.0571528,1
hiperesferas_4d.csv,0.891313,-1.38663,-2.19157,1.11087,1
hiperesferas_4d.csv,-1.9853,-0.995428,-0.990718,-1.50301,1
hiperesferas_4d.csv,-0.598379,-0.468007,-1.4392,-2.43461,1
hiperesferas_4d.csv,-1.20855,0.303715,0.64203,2.55625,1
hiperesferas_4d.csv,0.416657,0.394178,-0.0227883,0.972671,2
hiperesferas_4d.csv,0.591245,1.6896,-2.03574,-0.973624,1
hiperesferas_4d.csv,0.198176,-0.692371,2.29155,-1.4983,1
hiperesferas_4d.csv,1.02624,-0.276663,1.28307,-2.47665,1
hiperesferas_4d.csv,-0.408945,-0.0130011,-0.553328,0.692779,2
hiperesferas_4d.csv,0.642155,2.75953,0.382853,-0.468379,1
hiperesferas_4d.csv,-1.00281,-0.989875,-1.30844,-2.20031,1
hiperesferas_4d.csv,-0.600822,1.34056,-2.55006,-0.355493,1
hiperesferas_4d.csv,1.29698,0.728693,1.20031,2.22734,1
hiperesferas_4d.csv,2.34887,0.92203,-0.363632,-1.58232,1
hiperesferas_4d.csv,1.10866,-0.171193,2.30333,-1.1666,1
hiperesferas_4d.csv,-1.26667,-0.35156,-1.71613,2.10063,1
hiperesferas_4d.csv,0.167566,-0.619726,-0.650556,-0.175347,2
hiperesferas_4d.csv,0.0404758,-0.0524132,0.620297,-0.854126,2
hiperesferas_4d.csv,-0.603387,0.665636,0.144392,-0.446336,2
hiperesferas_4d.csv,-0.991324,-0.272241,0.0686594,0.0346578,2
hiperesferas_4d.csv,1.9567,-1.56426,1.0012,0.790866,1
hiperesferas_4d.csv,-1.6372,-1.39962,-1.80416,0.841988,1
hiperesferas_4d.csv,0.0806833,-0.568471,-0.715846,-0.348633,2
hiperesferas_4d.csv,2.09377,-1.56014,1.40995,-0.0988385,1
hiperesferas_4d.csv,1.15794,1.8346,-1.3007,-1.37123,1
hiperesferas_4d.csv,1.30589,-1.41047,1.71442,-1.66077,1
hiperesferas_4d.csv,1.56557,1.20877,-1.74389,1.45725,1
hiperesferas_4d.csv,0.430765,0.635248,-0.542296,-0.455832,2
hiperesferas_4d.csv,0.00201916,-2.04837,1.23114,1.98714,1
hiperesferas_4d.csv,0.713654,1.98548,1.88406,1.02662,1
hiperesferas_4d.csv,0.778249,-0.134171,0.338052,0.542997,2
hiperesferas_4d.csv,-0.544344,-0.444859,-0.186797,-0.570461,2
hiperesferas_4d.csv,1.47634,2.34192,-0.0999631,0.597332,1
hiperesferas_4d.csv,0.329465,1.47899,-2.41328,-0.272838,1
hiperesferas_4d.csv,-0.208017,-1.98676,-2.34603,0.204573,1
hiperesferas_4d.csv,0.261985,2.39487,-0.254635,1.72264,1
hiperesferas_4d.csv,2.63262,1.18333,-1.05076,-1.10256,1
hiperesferas_4d.csv,0.48456,-1.57818,1.24311,2.09041,1
hiperesferas_4d.csv,-1.91731,-0.267416,-1.60929,-1.55822,1
hiperesferas_4d.csv,2.54248,1.76343,-0.561038,0.444845,1
hiperesferas_4d.csv,-2.10842,-0.757544,1.67694,0.626824,1
hiperesferas_4d.csv,1.02022,-1.13694,2.15218,-1.37821,1
hiperesferas_4d.csv,-2.70943,0.546679,0.307986,-1.08529,1
hiperesferas_4d.csv,-0.599266,0.326433,-0.0591022,-0.822147,2
hiperesferas_4d.csv,1.24824,-1.77093,1.66365,1.1628,1
hiperesferas_4d.csv,0.902837,-2.16627,-0.548058,1.79225,1
hiperesferas_4d.csv,2.31315,1.73765,-0.655631,0.719543,1
hiperesferas_4d.csv,-2.54705,1.49133,0.0416335,0.61962,1
hiperesferas_4d.csv,-1.69697,0.269019,2.02837,1.53092,1
hiperesferas_4d.csv,0.630186,-0.703177,0.438296,0.192385,2
hiperesferas_4d.csv,0.787542,0.334165,0.141119,-0.0857365,2
hiperesferas_4d.csv,-1.04718,-2.71787,0.383937,-0.674978,1
hiperesferas_4d.csv,1.58005,-1.13207,2.19139,-0.724456,1
hiperesferas_4d.csv,-2.70271,-0.315219,0.718732,-1.23074,1
hiperesferas_4d.csv,-2.35127,-2.00096,0.401863,0.279087,1
hiperesferas_4d.csv,-1.77087,0.511687,-0.856151,-2.31667,1
hiperesferas_4d.csv,1.00651,-0.165917,-0.219089,0.276594,2
hiperesferas_4d.csv,-0.0716509,-0.373735,0.91541,0.367106,2
hiperesferas_4d.csv,1.3048,-1.86063,-0.138049,-2.00204,1
hiperesferas_4d.csv,0.616633,1.64655,2.18503,0.703083,1
hiperesferas_4d.csv,-2.53506,0.1981,-0.257297,1.36586,1
hiperesferas_4d.csv,-0.190625,0.761172,0.67173,-0.420301,2
hiperesferas_4d.csv,-0.577744,-0.60341,-0.754646,0.138718,2
hiperesferas_4d.csv,0.293418,-0.394716,1.58139,-2.37847,1
hiperesferas_4d.csv,-0.182457,0.88824,-0.527796,0.452457,2
hiperesferas_4d.csv,0.143174,-2.19018,1.83773,0.709181,1
hiperesferas_4d.csv,-0.25783,-2.34845,1.82014,-1.00966,1
hiperesferas_4d.csv,-1.53434,1.74522,1.84604,-0.749364,1
hiperesferas_4d.csv,0.0354083,1.90278,0.142014,-2.35054,1
hiperesferas_4d.csv,-0.852463,-0.447114,-0.134838,-0.170572,2
hiperesferas_4d.csv,-1.69845,-1.0591,0.452479,2.35945,1
hiperesferas_4d.csv,0.269831,0.0695796,0.783172,0.511824,2
hiperesferas_4d.csv,-1.01474,-2.65011,-0.195953,0.273714,1
hiperesferas_4d.csv,1.85515,0.842414,2.28161,-0.332274,1
hiperesferas_4d.csv,-1.38658,-0.753853,-0.255388,-2.55334,1
hiperesferas_4d.csv,0.258673,1.78143,2.20428,-1.30847,1
hiperesferas_4d.csv,-0.554414,0.510876,2.61846,-0.999274,1
hiperesferas_4d.csv,0.165922,-0.0938048,0.275099,0.913758,2
hiperesferas_4d.csv,-2.27169,0.827167,0.594293,1.676,1
hiperesferas_4d.csv,0.957561,1.96504,2.00767,0.68133,1
hiperesferas_4d.csv,-0.301487,-0.559708,2.31124,-1.03415,1
hiperesferas_4d.csv,0.422379,0.835097,-0.628657,-0.173433,2
hiperesferas_4d.csv,-0.59394,1.94042,2.00246,0.580011,1
hiperesferas_4d.csv,-1.06962,-2.03554,1.43269,1.41116,1
hiperesferas_4d.csv,-0.337909,2.89183,-0.265975,-1.19386,1
hiperesferas_4d.csv,-2.26737,1.0817,1.40361,0.522917,1
hiperesferas_4d.csv,-0.685131,0.0964194,-1.12028,-0.274274,2
hiperesferas_4d.csv,-1.38029,2.41591,0.355612,-0.0755004,1
hiperesferas_4d.csv,-2.00362,-1.9502,-0.246422,0.134921,1
hiperesferas_4d.csv,-1.14563,0.863941,-1.3648,-2.35406,1
hiperesferas_4d.csv,-0.0601847,0.107823,-0.955801,-0.212146,2
hiperesferas_4d.csv,0.604384,0.159762,-1.22372,-2.64632,1
hiperesferas_4d.csv,0.423247,-0.711348,0.484827,0.176822,2
hiperesferas_4d.csv,-0.327078,0.248128,-0.562056,-0.589574,2
hiperesferas_4d.csv,0.780281,-0.2548,-0.384415,-0.724059,2
hiperesferas_4d.csv,-0.180554,1.99859,0.328822,-2.21762,1
hiperesferas_4d.csv,0.32129,0.703082,-0.547981,-0.239649,2
hiperesferas_4d.csv,-2.60621,1.10618,0.57922,-0.766777,1
hiperesferas_4d.csv,0.357698,-0.764582,-0.16573,-0.226472,2
hiperesferas_4d.csv,1.90365,1.68864,-0.813373,1.16418,1
hiperesferas_4d.csv,-0.669661,0.717169,-2.47616,1.17799,1
hiperesferas_4d.csv,1.02257,-2.55569,1.22103,-0.494108,1
hiperesferas_4d.csv,-0.136514,1.50369,0.772818,2.43889,1
hiperesferas_4d.csv,-2.25518,-1.93116,-0.102495,-0.53612,1
hiperesferas_4d.csv,-0.987139,-1.26633,1.51734,-2.00845,1
hiperesferas_4d.csv,0.265845,0.521402,-0.469662,0.695786,2
hiperesferas_4d.csv,-0.62061,0.153613,-0.845656,-0.197762,2
hiperesferas_4d.csv,-1.04677,2.09185,0.114046,-2.06473,1
hiperesferas_4d.csv,-0.534334,-0.806116,-0.403992,0.365875,2
hiperesferas_4d.csv,0.472192,-0.223422,-1.57358,-2.41122,1
hiperesferas_4d.csv,2.27328,0.29262,1.69685,-0.417289,1
hiperesferas_4d.csv,-1.24549,-0.738182,2.81309,0.215372,1
hiperesferas_4d.csv,-0.645684,-0.496844,0.47701,0.325774,2
hiperesferas_4d.csv,-0.895151,-0.564439,0.340209,-0.0981288,2
hiperesferas_4d.csv,0.685789,-2.0475,1.98239,-0.969334,1
hiperesferas_4d.csv,-0.623607,-0.926915,1.93181,2.31443,1
hiperesferas_4d.csv,0.233169,1.02809,-0.108016,0.361137,2
hiperesferas_4d.csv,0.0988215,-0.574674,0.895429,0.259791,2
hiperesferas_4d.csv,-2.26813,-0.489126,-2.13329,-0.243914,1
hiperesferas_4d.csv,-1.14416,-1.25344,-1.7944,-1.81229,1
hiperesferas_4d.csv,0.928973,-1.77061,2.36893,0.138442,1
hiperesferas_4d.csv,0.0390421,1.81524,-0.780591,-2.10824,1
hiperesferas_4d.csv,-1.9573,0.0769056,1.78065,1.8786,1
hiperesferas_4d.csv,-2.25709,-0.465119,-0.275913,1.88483,1
hiperesferas_4d.csv,2.51449,-1.40208,-0.187866,-0.850927,1
hiperesferas_4d.csv,-1.62755,1.98374,-0.443516,-1.16092,1
hiperesferas_4d.csv,-0.0944526,-0.221647,1.5584,2.69826,1
hiperesferas_4d.csv,2.79273,-0.069452,-1.17114,0.0846905,1
hiperesferas_4d.csv,0.583489,-0.316232,-0.216552,0.837653,2
hiperesferas_4d.csv,0.994221,-0.232675,1.27015,2.42751,1
hiperesferas_4d.csv,-0.303971,-0.997275,-0.184332,-0.367304,2
hiperesferas_4d.csv,-0.222649,0.700673,2.63667,-1.34807,1
hiperesferas_4d.csv,0.763419,1.82566,2.4001,-0.0413925,1
hiperesferas_4d.csv,0.725551,1.78165,-0.140659,2.43124,1
hiperesferas_4d.csv,1.83765,2.34743,0.343687,0.320308,1
hiperesferas_4d.csv,1.36354,0.472486,-2.33444,-1.34988,1
hiperesferas_4d.csv,0.670723,0.439742,0.29192,-0.726616,2
hiperesferas_4d.csv,-0.63264,1.68291,-2.12828,-1.19511,1
hiperesferas_4d.csv,-0.590966,-0.334038,-0.754898,0.16969,2
hiperesferas_4d.csv,1.24624,0.602097,-2.00488,-1.81722,1
hiperesferas_4d.csv,0.83876,2.82845,-0.934864,0.379711,1
hiperesferas_4d.csv,1.77825,0.789525,0.483664,-2.03699,1
hiperesferas_4d.csv,-1.42686,-0.754999,2.07678,-1.50572,1
hiperesferas_4d.csv,-0.183996,0.598715,0.786968,-0.458782,2
hiperesferas_4d.csv,-0.451383,-2.50729,-0.67876,1.61199,1
hiperesferas_4d.csv,0.723917,-0.0937133,0.471625,0.0694263,2
hiperesferas_4d.csv,0.193036,0.721285,0.505794,0.370719,2
hiperesferas_4d.csv,-1.01847,-1.66828,-0.199292,-2.33838,1
hiperesferas_4d.csv,-0.0110071,0.638742,-0.116038,-0.671881,2
hiperesferas_4d.csv,-0.194077,0.09864,1.04204,-0.215745,2
hiperesferas_4d.csv,-1.31308,-1.04146,-1.83275,-1.43712,1
hiperesferas_4d.csv,0.193978,-3.03104,-0.359173,0.568631,1
hiperesferas_4d.csv,-1.72796,-1.34896,2.21551,-0.852797,1
hiperesferas_4d.csv,0.564653,-0.465391,-0.416173,0.0416409,2
hiperesferas_4d.csv,-0.573492,0.496875,0.123449,0.502042,2
hiperesferas_4d.csv,-1.35331,0.458377,2.65287,-0.171003,1
hiperesferas_4d.csv,-0.187084,-0.427114,0.563635,0.773187,2
hiperesferas_4d.csv,0.669159,2.70149,-0.0410572,0.989294,1
hiperesferas_4d.csv,0.177896,-0.460618,0.634703,-0.641796,2
hiperesferas_4d.csv,-0.295052,1.88398,-1.02869,2.19627,1
hiperesferas_4d.csv,0.163378,-0.208017,-2.27876,1.9899,1
hiperesferas_4d.csv,-0.346267,-0.611262,0.599363,-0.106309,2
hiperesferas_4d.csv,-2.69834,-0.366482,-0.629669,0.526202,1
hiperesferas_4d.csv,0.595469,2.66171,0.84766,-0.0181758,1
hiperesferas_4d.csv,-0.096488,-2.25956,-0.928631,1.837,1
hiperesferas_4d.csv,-0.0852453,0.961115,-0.115059,0.132719,2
hiperesferas_4d.csv,0.927686,1.92346,1.21672,-1.51041,1
hiperesferas_4d.csv,2.97495,0.298489,-0.611494,0.250162,1
hiperesferas_4d.csv,-2.01777,-1.37539,-1.29824,1.1242,1
hiperesferas_4d.csv,0.409072,0.0293404,-2.81802,0.651717,1
hiperesferas_4d.csv,0.344615,-0.488806,-0.411053,-0.704689,2
hiperesferas_4d.csv,0.743969,-0.845417,1.66151,2.29776,1
hiperesferas_4d.csv,0.339281,2.74309,-0.967025,0.142659,1
hiperesferas_4d.csv,-0.57989,0.737717,0.231253,-0.274423,2
hiperesferas_4d.csv,-0.000839678,2.31716,0.0371155,1.87596,1
hiperesferas_4d.csv,0.336739,0.339104,-0.248561,-0.859712,2
hiperesferas_4d.csv,-0.0185164,-0.210011,0.783143,0.325607,2
hiperesferas_4d.csv,-0.932817,-0.179774,0.14861,0.359949,2
hiperesferas_4d.csv,0.610155,1.90303,-1.90583,-1.41348,1
hiperesferas_4d.csv,-2.31466,0.839774,-1.10612,1.32988,1
hiperesferas_4d.csv,-2.55848,0.108228,-0.370919,-1.48635,1
hiperesferas_4d.csv,1.28583,2.08868,1.79732,0.29652,1
hiperesferas_4d.csv,-0.904126,-2.04251,1.92443,-1.30282,1
hiperesferas_4d.csv,0.111545,-2.9138,-0.329041,0.873548,1
hiperesferas_4d.csv,0.878756,-0.652555,0.105497,-0.204201,2
hiperesferas_4d.csv,2.67994,1.27641,0.497775,-0.759251,1
hiperesferas_4d.csv,-0.826975,0.214728,0.172101,-0.64907,2
hiperesferas_4d.csv,-0.308302,0.101489,-0.815239,-0.715649,2
hiperesferas_4d.csv,-0.603623,1.7396,2.12623,-1.14454,1
hiperesferas_4d.csv,0.627064,-1.51466,-0.384251,2.51604,1
hiperesferas_4d.csv,-1.99111,-2.31446,0.107711,-0.507638,1
hiperesferas_4d.csv,0.131811,0.539994,0.256918,-0.89407,2
hiperesferas_4d.csv,0.299332,0.902752,-0.633421,0.215133,2
hiperesferas_4d.csv,0.925121,-2.68861,-0.828118,-0.878553,1
hiperesferas_4d.csv,-0.358087,0.0608857,0.669046,-0.559919,2
hiperesferas_4d.csv,0.527368,-0.942323,0.926388,-2.72013,1
hiperesferas_4d.csv,2.73011,0.154481,-0.635525,0.132914,1
hiperesferas_4d.csv,0.652184,1.57552,1.04571,-2.18427,1
hiperesferas_4d.csv,-1.99737,-0.181869,-1.41808,1.55272,1
hiperesferas_4d.csv,0.46996,0.645524,-0.125551,0.703684,2
hiperesferas_4d.csv,-0.985204,-2.57758,0.848354,-0.564696,1
hiperesferas_4d.csv,-2.48496,1.40009,1.00906,0.481407,1
hiperesferas_4d.csv,-2.43717,1.60319,0.449626,-0.724085,1
hiperesferas_4d.csv,0.130214,0.632783,-0.481596,-0.520609,2
hiperesferas_4d.csv,0.957182,2.4262,1.41794,0.767283,1
hiperesferas_4d.csv,-1.16155,-1.94708,-1.86576,0.722215,1
hiperesferas_4d.csv,1.36716,-0.490241,-2.69926,0.455564,1
hiperesferas_4d.csv,1.38737,-1.50576,-1.47826,1.73391,1
hiperesferas_4d.csv,-0.0257968,0.889777,-2.88375,-0.574612,1
hiperesferas_4d.csv,0.0198828,1.11555,-2.19729,-1.50814,1
hiperesferas_4d.csv,0.973945,1.3687,-2.24722,-0.598424,1
hiperesferas_4d.csv,2.06107,-0.968134,-1.5027,-1.11152,1
hiperesferas_4d.csv,1.24405,-0.384322,-2.21972,-1.31815,1
hiperesferas_4d.csv,-0.593166,2.56285,0.711207,1.37598,1
hiperesferas_4d.csv,-0.850337,0.169515,-3.01962,1.08756,1
hiperesferas_4d.csv,-0.0975193,-0.481328,0.67696,-0.836889,2
hiperesferas_4d.csv,2.12985,-1.48793,-1.42763,-0.300668,1
hiperesferas_4d.csv,-0.0380494,0.973146,0.134734,-0.222009,2
hiperesferas_4d.csv,-1.38189,-0.628415,-2.4168,-1.192,1
hiperesferas_4d.csv,1.48547,-1.15806,-2.24756,-0.546699,1
hiperesferas_4d.csv,0.468659,0.0989884,0.263139,-0.959622,2
hiperesferas_4d.csv,1.46474,-0.913036,-1.30135,-1.93517,1
hiperesferas_4d.csv,-1.58352,-1.97552,-0.236072,-1.6178,1
hiperesferas_4d.csv,-0.960011,-0.575437,-0.0923247,-2.82502,1
hiperesferas_4d.csv,0.221971,-2.22897,-0.0114148,1.85961,1
hiperesferas_4d.csv,2.53296,-1.1037,1.28441,-0.383547,1
hiperesferas_4d.csv,-2.38975,-1.57551,0.612864,-0.722709,1
hiperesferas_4d.csv,1.22196,2.16726,-0.913534,-1.48508,1
hiperesferas_4d.csv,-0.586135,-0.732963,0.438392,0.23753,2
hiperesferas_4d.csv,-1.03619,-0.960251,-0.578544,-2.67309,1
hiperesferas_4d.csv,-0.00062658,-0.855217,0.418293,-0.637155,2
hiperesferas_4d.csv,-0.647214,-0.475616,0.229246,0.447384,2
hiperesferas_4d.csv,2.23733,1.15332,-0.259615,1.38197,1
hiperesferas_4d.csv,1.53587,-0.170368,0.436445,-2.54021,1
hiperesferas_4d.csv,-0.624396,2.28137,-0.324099,1.8022,1
hiperesferas_4d.csv,-1.45301,0.826488,-2.34991,-1.12894,1
hiperesferas_4d.csv,-0.622094,-2.77015,0.536577,-0.914709,1
hiperesferas_4d.csv,-0.282648,0.357255,-2.32706,-1.93346,1
hiperesferas_4d.csv,0.204286,-2.96679,-0.566199,0.232514,1
hiperesferas_4d.csv,-1.72615,-2.33712,1.20776,0.232765,1
hiperesferas_4d.csv,0.218809,-0.839537,0.251614,0.112708,2
hiperesferas_4d.csv,0.503011,0.562282,-0.198512,-0.527155,2
hiperesferas_4d.csv,-2.7422,0.0451772,-1.18498,0.179955,1
hiperesferas_4d.csv,-0.588947,1.17365,-1.15744,-2.1588,1
hiperesferas_4d.csv,-2.78604,-1.09767,-0.572492,-0.204992,1
hiperesferas_4d.csv,0.666469,2.47933,-0.313546,-1.36457,1
hiperesferas_4d.csv,0.416177,-0.590185,-0.622977,-0.311936,2
hiperesferas_4d.csv,1.88139,-0.444361,1.64289,1.78466,1
hiperesferas_4d.csv,-0.896288,-2.45749,-1.35678,0.339819,1
hiperesferas_4d.csv,0.00787064,-0.184135,-0.358104,-0.887181,2
hiperesferas_4d.csv,0.0769946,0.430847,-0.27345,-0.68634,2
hiperesferas_4d.csv,1.94292,-1.55817,0.611833,-1.34476,1
hiperesferas_4d.csv,-0.146481,-0.493498,2.18858,2.01056,1
hiperesferas_4d.csv,-0.426311,0.203467,1.03461,-2.7297,1
hiperesferas_4d.csv,2.28677,-0.883427,-0.623153,-1.97868,1
hiperesferas_4d.csv,-1.41966,1.66566,-1.9874,0.629694,1
hiperesferas_4d.csv,1.89754,1.17818,1.30781,1.61233,1
hiperesferas_4d.csv,-1.65318,-1.93493,1.26106,0.646894,1
hiperesferas_4d.csv,0.112544,0.519046,0.683596,-0.336336,2
hiperesferas_4d.csv,0.207797,-0.398092,-0.90051,0.506274,2
hiperesferas_4d.csv,-2.51593,-0.780871,0.176794,1.41807,1
hiperesferas_4d.csv,-1.40105,-1.51302,-1.48334,-1.47786,1
hiperesferas_4d.csv,-1.62756,1.812,-0.610355,-1.73355,1
hiperesferas_4d.csv,-2.92922,0.246355,0.0283315,-0.0466287,1
hiperesferas_4d.csv,0.149958,0.602245,0.783963,-0.220294,2
hiperesferas_4d.csv,-0.417948,-0.263108,1.16431,-2.68658,1
hiperesferas_4d.csv,2.19625,-0.444939,0.675593,2.0725,1
hiperesferas_4d.csv,-0.0407376,-0.835813,-0.120791,-0.549737,2
hiperesferas_4d.csv,-2.41552,-0.714629,0.702657,-1.81845,1
hiperesferas_4d.csv,-1.68514,0.526301,-2.39483,-0.241688,1
hiperesferas_4d.csv,-2.45501,-1.03453,0.177196,1.23143,1
hiperesferas_4d.csv,-0.900277,-0.209252,-0.00992647,0.378077,2
hiperesferas_4d.csv,2.86529,-0.436616,-0.743544,-0.109077,1
hiperesferas_4d.csv,-0.621526,0.358005,0.52232,-0.52861,2
hiperesferas_4d.csv,-2.14922,-1.64893,1.41723,-0.345631,1
hiperesferas_4d.csv,0.185178,-0.489438,0.957825,0.0247276,2
hiperesferas_4d.csv,-1.43356,-2.1094,-1.75358,-0.185326,1
hiperesferas_4d.csv,2.41517,0.884248,-1.54658,0.457116,1
hiperesferas_4d.csv,0.40576,-0.456679,-0.673909,0.38533,2
hiperesferas_4d.csv,-2.59669,-1.31428,-0.0155916,-0.750741,1
hiperesferas_4d.csv,0.130234,0.424992,0.157671,-0.714534,2
hiperesferas_4d.csv,1.67891,-0.946093,-1.07274,-2.22939,1
hiperesferas_4d.csv,0.137368,1.86541,-2.10486,-1.25909,1
hiperesferas_4d.csv,0.224363,0.102126,-0.38015,0.944154,2
hiperesferas_4d.csv,-0.754153,1.79975,-1.61864,1.65536,1
hiperesferas_4d.csv,2.18427,-0.979948,-1.55069,0.316328,1
hiperesferas_4d.csv,-0.600278,1.53979,1.37628,-2.0019,1
hiperesferas_4d.csv,0.167654,-0.0706734,-0.813103,-0.613424,2
hiperesferas_4d.csv,0.029211,-0.370433,0.350209,-0.806328,2
hiperesferas_4d.csv,0.0763146,2.06434,-2.06609,0.688511,1
hiperesferas_4d.csv,2.48746,-1.44473,-0.610195,0.215051,1
hiperesferas_4d.csv,0.702925,1.87679,-0.669472,2.1111,1
hiperesferas_4d.csv,1.60061,0.270648,0.194284,2.63718,1
hiperesferas_4d.csv,2.15898,-1.11531,1.43219,-1.37708,1
hiperesferas_4d.csv,1.21461,1.76788,1.2545,-1.53791,1
hiperesferas_4d.csv,-1.8198,1.33822,0.020209,-1.79705,1
hiperesferas_4d.csv,-2.54551,-0.48752,-1.00918,-0.70462,1
hiperesferas_4d.csv,1.29344,1.45789,-2.3969,-0.573506,1
hiperesferas_4d.csv,-0.0431584,-0.671482,2.70832,-1.15744,1
hiperesferas_4d.csv,0.334262,-2.37847,-0.932338,-1.60124,1
hiperesferas_4d.csv,1.93278,-0.414325,0.302665,2.07803,1
hiperesferas_4d.csv,0.482203,-2.4254,1.43379,1.36179,1
hiperesferas_4d.csv,1.89157,-0.291814,1.89403,1.43786,1
hiperesferas_4d.csv,-0.187072,0.417599,-0.145408,-0.835202,2
hiperesferas_4d.csv,-1.95362,0.139923,2.11048,-0.395643,1
hiperesferas_4d.csv,0.108297,2.18164,0.0875928,-1.93807,1
hiperesferas_4d.csv,0.448889,-0.54723,-0.0899772,0.648872,2
hiperesferas_4d.csv,0.0980747,0.0656217,-0.49154,-0.958179,2
hiperesferas_4d.csv,-1.51834,1.80098,1.62384,-0.322757,1
hiperesferas_4d.csv,-0.955304,1.75933,-2.13823,-0.183265,1
hiperesferas_4d.csv,0.413737,0.326666,-2.76705,-0.903261,1
hiperesferas_4d.csv,-0.41981,0.799225,-0.310163,-0.708514,2
hiperesferas_4d.csv,-0.395509,2.56615,-0.382654,-1.29182,1
hiperesferas_4d.csv,1.60358,1.02135,-1.78106,-1.6764,1
hiperesferas_4d.csv,-1.7565,-0.745942,0.356166,-2.40786,1
hiperesferas_4d.csv,-0.12635,-2.26997,-1.3624,1.1002,1
hiperesferas_4d.csv,-0.266268,-0.627711,-0.179616,-0.649723,2
hiperesferas_4d.csv,1.16763,-2.12939,-1.60811,0.921471,1
hiperesferas_4d.csv,0.699816,0.678593,0.255743,0.417923,2
hiperesferas_4d.csv,2.60614,-0.953094,0.480264,1.07867,1
hiperesferas_4d.csv,0.951697,-1.68435,-0.960852,2.14547,1
hiperesferas_4d.csv,-0.514835,-0.0287383,2.29042,2.00125,1
hiperesferas_4d.csv,-0.560344,1.65969,1.67248,1.83054,1
hiperesferas_4d.csv,0.0751529,0.409894,-0.467077,0.928995,2
hiperesferas_4d.csv,0.0200518,-0.194499,-1.0487,0.153115,2
hiperesferas_4d.csv,0.682671,0.701408,0.540465,-0.0346012,2
hiperesferas_4d.csv,1.60079,0.176234,-2.17021,-1.43004,1
hiperesferas_4d.csv,-2.34922,0.688893,1.76892,-1.03186,1
hiperesferas_4d.csv,-0.140957,-0.150729,-1.01474,-0.167672,2
hiperesferas_4d.csv,0.738086,-2.22888,-1.40507,0.77055,1
hiperesferas_4d.csv,0.107129,0.571094,-0.516274,0.537546,2
hiperesferas_4d.csv,2.28591,0.584134,-0.139466,1.95716,1
hiperesferas_4d.csv,-0.288157,0.0992391,-0.719165,-0.462908,2
hiperesferas_4d.csv,1.66682,0.318741,2.45884,0.472205,1
hiperesferas_4d.csv,1.77827,1.9866,0.361294,-1.48551,1
hiperesferas_4d.csv,-0.438119,-2.82816,0.98791,-0.130918,1
hiperesferas_4d.csv,-1.45538,2.43895,-0.734565,-0.913375,1
hiperesferas_4d.csv,-0.681972,-1.69563,-1.01595,-2.32321,1
hiperesferas_4d.csv,0.857109,-2.29715,1.68747,-0.587115,1
hiperesferas_4d.csv,-0.475524,-0.490213,-0.117077,-0.939936,2
hiperesferas_4d.csv,-0.251503,-1.52362,1.91335,1.8517,1
hiperesferas_4d.csv,-0.270761,-0.344242,-2.83992,0.71672,1
hiperesferas_4d.csv,0.0278648,-0.866393,2.13948,-1.97835,1
hiperesferas_4d.csv,-2.22803,-1.03413,-1.67145,-0.644024,1
hiperesferas_4d.csv,1.8262,0.932674,-1.13473,-1.88674,1
hiperesferas_4d.csv,0.518202,0.808317,-0.11799,0.279735,2
hiperesferas_4d.csv,0.386887,-0.432754,-0.217019,-0.846188,2
hiperesferas_4d.csv,-0.972187,0.40545,-0.413782,0.433908,2
hiperesferas_4d.csv,2.79828,0.653123,0.503736,-0.928475,1
hiperesferas_4d.csv,-0.317451,-0.540171,0.875381,-0.362716,2
hiperesferas_4d.csv,-1.01588,-1.56901,0.192097,-2.22317,1
hiperesferas_4d.csv,-0.541749,-0.094139,0.452334,0.677155,2
hiperesferas_4d.csv,-0.632796,0.957729,-0.306016,0.30019,2
hiperesferas_4d.csv,0.438563,-0.45905,-0.961242,-2.85419,1
hiperesferas_4d.csv,-1.86782,1.76593,-1.51856,0.46469,1
hiperesferas_4d.csv,0.168458,-0.0533375,-0.541359,0.810599,2
hiperesferas_4d.csv,-2.58131,0.540075,-0.392562,1.19818,1
hiperesferas_4d.csv,-0.121801,-0.177346,-0.916266,-2.85443,1
hiperesferas_4d.csv,0.303342,-0.160429,1.25795,-2.76698,1
hiperesferas_4d.csv,0.355499,0.514775,-0.0799971,-0.63668,2
hiperesferas_4d.csv,-0.79531,0.4664,0.0705316,-0.233147,2
hiperesferas_4d.csv,1.87826,0.389157,-2.09176,-0.592752,1
hiperesferas_4d.csv,0.424063,0.312741,-2.74075,0.576355,1
hiperesferas_4d.csv,0.285987,1.12902,2.7423,0.72654,1
hiperesferas_4d.csv,-0.500933,-0.136826,0.995794,-0.0564908,2
hiperesferas_4d.csv,2.53924,0.815442,-0.40462,1.02106,1
hiperesferas_4d.csv,0.689316,-0.335189,0.6483,0.044348,2
hiperesferas_4d.csv,-0.245616,-0.596181,-0.166963,0.484987,2
hiperesferas_4d.csv,-0.708424,-1.3736,0.00706364,-2.38883,1
hiperesferas_4d.csv,-1.04231,1.47481,2.09069,1.26838,1
hiperesferas_4d.csv,-1.97282,-2.12904,-0.812861,-0.792009,1
hiperesferas_4d.csv,1.96773,1.808,0.995961,-0.338505,1
hiperesferas_4d.csv,-0.0801407,1.03881,0.0734881,-0.0674758,2
hiperesferas_4d.csv,-1.3429,1.86803,-1.94882,-0.191684,1
hiperesferas_4d.csv,-0.830609,0.354031,-2.80042,-1.11952,1
hiperesferas_4d.csv,-0.453004,-0.694058,0.159488,0.907269,2
hiperesferas_4d.csv,-0.214388,-1.7472,0.558116,-2.33244,1
hiperesferas_4d.csv,-2.22903,0.451325,-1.70538,0.937576,1
hiperesferas_4d.csv,0.670578,0.748186,0.30111,-0.180231,2
hiperesferas_4d.csv,-0.64578,1.1427,-1.12533,-2.5992,1
hiperesferas_4d.csv,-0.503699,-0.567883,-0.517413,-0.566851,2
hiperesferas_4d.csv,-2.41797,-1.68515,-0.580559,0.359269,1
hiperesferas_4d.csv,-0.819782,-0.659134,0.515678,0.0165,2
hiperesferas_4d.csv,-1.35082,0.427369,0.110689,-2.7257,1
hiperesferas_4d.csv,-1.00607,0.462031,-1.70875,-2.32933,1
hiperesferas_4d.csv,-0.742688,2.53875,-1.30246,-0.309602,1
hiperesferas_4d.csv,1.80836,-0.481041,-0.783817,2.27565,1
hiperesferas_4d.csv,-1.89312,2.03727,1.00473,-0.549136,1
hiperesferas_4d.csv,-0.0463164,-2.86405,0.29188,0.986652,1
hiperesferas_4d.csv,0.770618,-2.80714,-0.36125,0.0649874,1
hiperesferas_4d.csv,0.972839,1.01607,2.50271,-0.0207628,1
hiperesferas_4d.csv,0.181135,-2.34957,0.0233526,2.0646,1
hiperesferas_4d.csv,0.349496,-1.16304,0.344292,-0.150078,2
hiperesferas_4d.csv,0.978002,2.36134,-1.58193,-0.626581,1
hiperesferas_4d.csv,2.0463,1.33319,1.53143,-0.404604,1
hiperesferas_4d.csv,-1.57738,0.0848821,2.26992,1.05235,1
hiperesferas_4d.csv,-0.548325,-0.327354,0.327293,0.485989,2
hiperesferas_4d.csv,0.351881,0.850338,2.50804,1.45613,1
hiperesferas_4d.csv,2.32386,0.69745,-2.12318,-0.715213,1
hiperesferas_4d.csv,0.683677,-0.639814,-0.457233,0.0118787,2
hiperesferas_4d.csv,-0.0462225,-2.5403,-1.7293,0.342915,1
hiperesferas_4d.csv,0.694096,-0.953008,1.10739,-2.50966,1
hiperesferas_4d.csv,0.892798,0.887821,-0.741191,-2.75644,1
hiperesferas_4d.csv,-1.0261,-2.05906,-0.261598,1.83079,1
hiperesferas_4d.csv,0.612447,-0.557751,0.531847,0.213885,2
hiperesferas_4d.csv,0.778025,0.194705,2.84218,1.06788,1
hiperesferas_4d.csv,0.25933,-1.09596,-2.55511,1.12531,1
hiperesferas_4d.csv,0.563338,-0.412767,-0.36953,-0.755745,2
hiperesferas_4d.csv,-2.75232,-0.446977,0.815892,-0.115986,1
hiperesferas_4d.csv,-0.694287,-0.18082,1.58048,-2.39683,1
hiperesferas_4d.csv,1.2784,-2.22297,0.511146,-1.05482,1
hiperesferas_4d.csv,-1.62916,-1.82407,-0.786569,1.83416,1
hiperesferas_4d.csv,-0.818049,0.950011,-2.53762,1.39317,1
hiperesferas_4d.csv,-2.41246,1.20116,0.780389,1.11758,1
hiperesferas_4d.csv,-0.34487,1.59225,-1.09887,2.15247,1
hiperesferas_4d.csv,-1.64818,2.28212,0.225618,0.651521,1
hiperesferas_4d.csv,0.183624,0.542333,-0.0346573,-0.805579,2
hiperesferas_4d.csv,-2.9353,1.03243,-0.467825,0.546275,1
hiperesferas_4d.csv,-1.22526,-0.0808064,2.09922,-1.95461,1
hiperesferas_4d.csv,-0.404673,-0.677851,1.51508,-2.48386,1
hiperesferas_4d.csv,0.432286,0.828693,-0.742628,-0.117542,2
hiperesferas_4d.csv,1.87216,-0.433664,2.22745,-0.346437,1
hiperesferas_4d.csv,2.61786,-0.627044,-1.25285,-0.455114,1
hiperesferas_4d.csv,2.18453,-1.80585,-0.84302,0.110983,1
hiperesferas_4d.csv,1.26358,0.599685,-2.67113,0.19396,1
hiperesferas_4d.csv,1.30707,-1.3933,1.11193,1.90224,1
hiperesferas_4d.csv,-2.26197,1.47807,0.280801,-1.30509,1
hiperesferas_4d.csv,-0.349088,-0.101767,0.678653,-0.28365,2
hiperesferas_4d.csv,-2.64581,-1.30505,-0.330867,0.147444,1
hiperesferas_4d.csv,0.761843,-1.95705,-0.163747,-2.1697,1
hiperesferas_4d.csv,-0.449974,0.31048,-0.244303,0.896032,2
hiperesferas_4d.csv,-1.58703,0.109577,2.00236,-1.68182,1
hiperesferas_4d.csv,0.380908,-2.38381,-0.767292,-1.75594,1
hiperesferas_4d.csv,-1.84583,0.304334,1.79202,1.66149,1
hiperesferas_4d.csv,0.362968,-0.0155896,-0.274576,-0.834693,2
hiperesferas_4d.csv,0.32281,2.23178,0.069761,1.66279,1
hiperesferas_4d.csv,-0.701976,-0.0870765,0.0951587,0.532302,2
hiperesferas_4d.csv,-0.0590376,-2.16653,1.46981,1.47796,1
hiperesferas_4d.csv,-0.574124,1.45865,0.118214,-2.77548,1
hiperesferas_4d.csv,0.177724,0.480212,0.847095,0.396906,2
hiperesferas_4d.csv,0.322271,-0.643399,0.572618,0.450307,2
hiperesferas_4d.csv,0.782028,1.00393,-1.0764,-2.57907,1
hiperesferas_4d.csv,1.55727,0.216252,0.595054,2.57696,1
hiperesferas_4d.csv,2.1025,-0.538574,1.86752,-0.97312,1
hiperesferas_4d.csv,-1.34318,-0.901976,2.17791,-1.3327,1
hiperesferas_4d.csv,1.64823,-0.450617,-1.27,1.98885,1
hiperesferas_4d.csv,0.825528,0.333348,-0.265171,-0.175972,2
hiperesferas_4d.csv,-0.372243,0.221616,0.885204,-0.0455931,2
hiperesferas_4d.csv,-0.113886,0.0833324,-1.16182,-0.00733754,2
hiperesferas_4d.csv,0.533393,1.60707,0.671623,-2.40154,1
hiperesferas_4d.csv,-0.620602,-0.191003,0.648583,0.516535,2
hiperesferas_4d.csv,0.0354438,-0.483106,1.02234,-0.0976719,2
hiperesferas_4d.csv,1.25087,-2.24913,-1.28452,-1.01637,1
hiperesferas_4d.csv,-0.101188,0.452208,2.98377,0.114008,1
hiperesferas_4d.csv,-1.99465,0.893917,-1.88965,-0.804445,1
hiperesferas_4d.csv,-2.09988,0.950297,0.896108,-1.13269,1
hiperesferas_4d.csv,-0.201749,-0.128043,0.837186,0.135738,2
hiperesferas_4d.csv,-0.188256,1.03108,0.250373,-0.113908,2
hiperesferas_4d.csv,0.267513,0.593312,-0.36883,-0.487801,2
hiperesferas_4d.csv,0.194089,-2.63405,0.482785,-1.56237,1
hiperesferas_4d.csv,0.0765157,-0.485682,-2.69311,-1.64363,1
hiperesferas_4d.csv,-0.623839,-1.5451,-0.59929,2.44273,1
hiperesferas_4d.csv,-0.460504,-2.44616,0.95857,1.59906,1
hiperesferas_4d.csv,1.74675,-1.40215,-0.23458,-2.03774,1
hiperesferas_4d.csv,1.6703,-0.146057,0.861678,2.64174,1
hiperesferas_4d.csv,0.203293,0.182337,-0.637319,0.503461,2
hiperesferas_4d.csv,2.26024,-1.36181,-0.527199,-1.25191,1
hiperesferas_4d.csv,-0.0762094,0.824406,-0.629578,-0.0139027,2
hiperesferas_4d.csv,1.15134,1.9469,1.97358,0.900076,1
hiperesferas_4d.csv,0.153012,1.27348,-2.45879,0.451339,1
hiperesferas_4d.csv,0.0473732,0.0962733,0.746783,-0.560854,2
hiperesferas_4d.csv,2.76302,0.0157148,0.0221462,-1.12408,1
hiperesferas_4d.csv,1.18699,2.0645,-0.751493,1.90787,1
hiperesferas_4d.csv,-1.00923,0.0991992,-2.04129,1.75609,1
hiperesferas_4d.csv,0.618093,-0.679954,0.0824566,-0.427971,2
hiperesferas_4d.csv,0.700175,0.481522,0.398272,-2.90282,1
hiperesferas_4d.csv,-0.765816,2.45657,0.32745,-1.49693,1
hiperesferas_4d.csv,-0.37638,0.563589,0.631463,0.368511,2
hiperesferas_4d.csv,0.860486,-1.46535,1.82176,1.63122,1
hiperesferas_4d.csv,-0.282187,0.36997,1.1696,2.51522,1
hiperesferas_4d.csv,-0.716339,-2.94725,-0.285769,-0.077716,1
hiperesferas_4d.csv,-0.362474,0.500759,0.592541,0.154729,2
hiperesferas_4d.csv,-1.16524,-2.27101,0.858546,-1.17867,1
hiperesferas_4d.csv,0.920063,0.110793,-0.256702,-0.00567993,2
hiperesferas_4d.csv,-1.2532,0.94902,2.39806,1.14994,1
hiperesferas_4d.csv,-0.824689,0.952644,-1.01507,2.60589,1
hiperesferas_4d.csv,1.90177,0.923475,2.0578,-1.19023,1
hiperesferas_4d.csv,0.376204,0.377455,0.700905,0.480887,2
hiperesferas_4d.csv,-0.100147,0.469627,-2.80595,-0.114971,1
hiperesferas_4d.csv,0.239619,-0.325364,0.000723626,-0.836232,2
hiperesferas_4d.csv,-0.296168,1.4669,-0.269334,-2.72851,1
hiperesferas_4d.csv,-0.0505066,-2.09908,-1.86328,1.09404,1
hiperesferas_4d.csv,0.923929,0.200906,-2.05652,1.92717,1
hiperesferas_4d.csv,-0.970062,0.342213,-0.105248,-0.0567283,2
hiperesferas_4d.csv,-0.899576,-0.30118,-0.319987,-0.475466,2
hiperesferas_4d.csv,-0.389368,-0.441721,-2.82811,-0.336224,1
hiperesferas_4d.csv,-0.769742,-0.929989,-0.833072,2.70189,1
hiperesferas_4d.csv,0.455449,0.338731,0.604576,0.514135,2
hiperesferas_4d.csv,0.480741,-0.209287,0.929878,0.0390949,2
hiperesferas_4d.csv,-0.860025,-0.316327,0.33302,-0.139143,2
hiperesferas_4d.csv,-0.101782,0.60774,0.523915,0.724092,2
hiperesferas_4d.csv,-0.202302,-1.05163,-2.8612,0.423734,1
hiperesferas_4d.csv,-0.492253,-0.952964,2.73966,-0.166462,1
hiperesferas_4d.csv,-0.63625,-0.269905,0.865677,-2.88144,1
hiperesferas_4d.csv,0.429021,-0.6942,0.497365,0.676102,2
hiperesferas_4d.csv,-2.50869,-0.174565,-1.65617,-0.0474324,1
hiperesferas_4d.csv,0.202355,0.0377183,0.656599,-0.674482,2
hiperesferas_4d.csv,1.24574,0.807893,-1.36189,2.2873,1
hiperesferas_4d.csv,0.316784,0.578185,-0.65845,0.477726,2
hiperesferas_4d.csv,2.63978,0.269776,-0.985815,-0.681275,1
hiperesferas_4d.csv,2.91989,0.251573,0.651163,0.615777,1
hiperesferas_4d.csv,-1.1135,0.00814444,-0.266782,0.502231,2
hiperesferas_4d.csv,-0.100516,-1.07724,-0.346333,-0.0653434,2
hiperesferas_4d.csv,0.632002,2.78117,0.883795,1.13383,1
hiperesferas_4d.csv,0.139562,-1.12958,2.51297,-1.50304,1
hiperesferas_4d.csv,1.11915,0.833951,1.05306,-2.40298,1
hiperesferas_4d.csv,0.38065,-0.142414,0.485167,-0.630789,2
hiperesferas_4d.csv,0.824482,-0.112306,0.661467,0.578805,2
hiperesferas_4d.csv,-0.673678,0.148363,0.24627,-0.730596,2
hiperesferas_4d.csv,-0.707843,-1.38517,-2.46462,0.63345,1
hiperesferas_4d.csv,0.112609,-2.26539,-2.17495,0.156473,1
hiperesferas_4d.csv,-3.25934,-0.447344,0.333038,-0.303855,1
hiperesferas_4d.csv,0.34661,0.138155,0.462945,0.865668,2
hiperesferas_4d.csv,0.362329,-0.794399,-0.198507,0.526458,2
hiperesferas_4d.csv,-0.47306,0.561093,-1.88434,2.29968,1
hiperesferas_4d.csv,-0.108597,0.502209,0.0980701,-0.875237,2
hiperesferas_4d.csv,-2.50623,0.0406414,-0.259697,-1.76079,1
hiperesferas_4d.csv,-0.013384,-0.60109,0.530992,0.518706,2
hiperesferas_4d.csv,0.416381,-0.0986669,-2.74432,1.24209,1
hiperesferas_4d.csv,0.843984,-0.0166319,-0.447709,-2.93629,1
hiperesferas_4d.csv,0.170172,0.151318,-0.262686,0.969589,2
hiperesferas_4d.csv,-1.4438,0.30541,-2.44605,-1.11976,1
hiperesferas_4d.csv,1.57779,1.94293,1.64723,-1.35355,1
hiperesferas_4d.csv,-0.846322,-1.80611,-2.03183,-1.06956,1
hiperesferas_4d.csv,1.3595,0.727333,-2.04893,-1.85829,1
hiperesferas_4d.csv,-0.107456,1.58905,0.79916,-2.33859,1
hiperesferas_4d.csv,1.5281,0.766573,-2.42074,0.854995,1
hiperesferas_4d.csv,0.0733901,-2.74581,-0.708358,-0.573193,1
hiperesferas_4d.csv,0.859457,0.12481,-0.633223,0.00413096,2
hiperesferas_4d.csv,-0.702137,1.20022,0.0048264,2.77659,1
hiperesferas_4d.csv,1.7835,0.434403,-0.422297,-2.36744,1
hiperesferas_4d.csv,-0.762382,0.578146,-0.329612,0.291542,2
hiperesferas_4d.csv,-0.0127807,1.05386,2.70631,0.390191,1
hiperesferas_4d.csv,-0.407792,-0.928039,0.569248,-2.64915,1
hiperesferas_4d.csv,-0.0140144,-0.173228,0.857548,0.116908,2
hiperesferas_4d.csv,-0.323548,-0.0535455,0.826236,-0.139251,2
hiperesferas_4d.csv,0.687406,0.606801,-0.581102,0.0105349,2
hiperesferas_4d.csv,-1.48737,2.12832,-1.77387,-0.131243,1
hiperesferas_4d.csv,1.32575,-2.42922,-0.779545,-0.848074,1
hiperesferas_4d.csv,0.422378,-0.893593,-0.008235,0.0143942,2
hiperesferas_4d.csv,-0.509207,2.85621,-0.392023,-0.958194,1
hiperesferas_4d.csv,0.19063,2.90959,-0.126275,-0.197463,1
hiperesferas_4d.csv,1.21363,-2.44529,0.94247,-0.552986,1
hiperesferas_4d.csv,2.0739,2.10991,0.144943,-0.526588,1
hiperesferas_4d.csv,-0.362289,2.21972,1.71834,0.933826,1
hiperesferas_4d.csv,1.71254,1.65776,1.78903,-0.758673,1
hiperesferas_4d.csv,0.954477,-0.708359,-2.38447,1.09724,1
hiperesferas_4d.csv,2.60227,0.996757,0.381991,-0.815961,1
hiperesferas_4d.csv,-1.18542,-2.25233,-0.813017,1.57723,1
hiperesferas_4d.csv,0.779315,0.443868,-0.392013,-0.0814131,2
hiperesferas_4d.csv,0.607002,0.340274,-0.668958,-0.311959,2
hiperesferas_4d.csv,0.743304,0.155642,2.90616,-0.0954953,1
hiperesferas_4d.csv,0.997999,0.913295,-0.761652,2.60093,1
hiperesferas_4d.csv,0.521057,-1.24313,0.22658,2.67505,1
hiperesferas_4d.csv,-2.57118,-0.00214628,1.09726,0.706599,1
hiperesferas_4d.csv,1.28251,-2.23291,0.256173,-1.47094,1
hiperesferas_4d.csv,0.79616,0.235479,-2.84619,-0.304584,1
hiperesferas_4d.csv,0.513674,0.300169,0.927426,-0.179029,2
hiperesferas_4d.csv,-0.0256855,-2.37405,1.36965,-1.3911,1
hiperesferas_4d.csv,-0.142554,0.236895,0.378212,0.775908,2
hiperesferas_4d.csv,-0.83542,0.424517,-1.14706,2.47053,1
hiperesferas_4d.csv,-0.581026,-0.465861,-0.40223,0.544823,2
hiperesferas_4d.csv,0.429658,0.235796,0.0979788,-1.02196,2
hiperesferas_4d.csv,3.03065,0.108634,-0.274821,-0.281915,1
hiperesferas_4d.csv,0.181085,-0.404716,0.792882,-0.619523,2
hiperesferas_4d.csv,0.336111,-0.853047,0.385024,-0.085109,2
hiperesferas_4d.csv,-0.908107,-0.0606697,-0.153092,-0.235312,2
hiperesferas_4d.csv,1.19272,0.23757,-0.495052,2.77828,1
hiperesferas_4d.csv,-1.21189,2.35665,1.22401,-0.900599,1
hiperesferas_4d.csv,-0.479817,-0.410585,0.789161,0.220515,2
hiperesferas_4d.csv,-0.222203,-0.278769,-1.44378,2.51199,1
hiperesferas_4d.csv,1.78338,-0.431645,-2.42931,-0.373633,1
hiperesferas_4d.csv,2.66615,-0.672753,0.554582,0.616864,1
hiperesferas_4d.csv,1.15641,1.01057,-0.901121,2.42894,1
hiperesferas_4d.csv,-2.29361,0.451163,-0.473783,1.95877,1
hiperesferas_4d.csv,-2.77596,1.01385,-0.166295,0.480446,1
hiperesferas_4d.csv,-0.76766,0.465934,0.336965,-0.104055,2
hiperesferas_4d.csv,-1.77746,0.326795,1.11834,2.13296,1
hiperesferas_4d.csv,0.256298,0.825166,0.265152,0.174995,2
hiperesferas_4d.csv,0.385268,0.19047,-2.67316,1.52437,1
hiperesferas_4d.csv,1.51331,-1.52828,-0.0836624,2.03472,1
hiperesferas_4d.csv,-0.236766,-1.18563,1.68365,-2.02409,1
hiperesferas_4d.csv,0.652651,1.24725,-1.64675,-1.90911,1
hiperesferas_4d.csv,0.713632,-0.110979,-0.121136,-0.602277,2
hiperesferas_4d.csv,-0.158514,-0.589066,0.786535,0.0141863,2
hiperesferas_4d.csv,1.53213,-1.3065,-1.26063,1.98007,1
hiperesferas_4d.csv,1.19968,-0.445887,1.35594,2.43674,1
hiperesferas_4d.csv,0.643801,-0.151714,-2.55534,-1.27276,1
hiperesferas_4d.csv,-0.00166862,-2.60576,-0.550897,1.39451,1
hiperesferas_4d.csv,-0.450147,-0.174057,-0.736068,-0.365035,2
hiperesferas_4d.csv,-0.550297,-2.88171,-0.593165,-0.492701,1
hiperesferas_4d.csv,-0.280235,-0.826184,0.526125,-0.0395793,2
hiperesferas_4d.csv,-0.598877,-0.347673,-0.0796547,0.967238,2
hiperesferas_4d.csv,2.98814,0.358796,0.353277,-0.56934,1
hiperesferas_4d.csv,0.733252,2.76136,0.712047,1.06458,1
hiperesferas_4d.csv,0.0489344,-2.93746,-0.650496,-0.522134,1
hiperesferas_4d.csv,-1.22872,-0.51455,-2.46492,1.16685,1
hiperesferas_4d.csv,0.560939,0.421559,0.17886,-0.544385,2
hiperesferas_4d.csv,-1.33384,-1.34255,-0.298717,2.22086,1
hiperesferas_4d.csv,2.68964,1.16979,0.122187,0.0163439,1
hiperesferas_4d.csv,-0.359794,1.66922,2.19433,0.967587,1
hiperesferas_4d.csv,0.802882,-0.0244184,-0.488814,-0.338221,2
hiperesferas_4d.csv,0.377703,0.757246,0.32977,0.0535211,2
hiperesferas_4d.csv,2.44101,-1.53127,0.333268,0.591535,1
hiperesferas_4d.csv,-0.497744,0.440174,0.550506,-0.0806833,2
hiperesferas_4d.csv,-0.909178,0.688657,0.0328838,-0.392776,2
hiperesferas_4d.csv,-0.67147,0.700951,1.03529,-2.61346,1
hiperesferas_4d.csv,0.424378,-0.274571,0.606682,0.779326,2
hiperesferas_4d.csv,0.589716,0.335893,0.379965,0.553457,2
hiperesferas_4d.csv,-1.15501,1.13059,2.40086,0.651066,1
hiperesferas_4d.csv,0.550202,-0.26366,0.879686,-0.0869763,2
hiperesferas_4d.csv,-0.227689,-2.66926,-1.13081,0.626498,1
hiperesferas_4d.csv,0.436348,2.22915,1.7636,-0.176446,1
hiperesferas_4d.csv,0.134238,2.73892,0.73445,-0.692638,1
hiperesferas_4d.csv,0.295891,-0.378323,-0.671217,-0.399913,2
hiperesferas_4d.csv,-2.01762,-1.20171,1.75218,-0.57567,1
hiperesferas_4d.csv,-1.63444,0.964815,-1.43311,-1.79644,1
hiperesferas_4d.csv,1.64216,-1.05086,-2.14557,-0.61657,1
hiperesferas_4d.csv,-1.0118,-2.10559,-0.254032,-1.87908,1
hiperesferas_4d.csv,-1.36752,-0.127958,-2.70087,0.748214,1
hiperesferas_4d.csv,-2.61861,-0.146507,-0.341894,1.4687,1
hiperesferas_4d.csv,0.787893,0.0532013,-0.423756,-0.675453,2
hiperesferas_4d.csv,0.438729,-2.4553,1.93454,0.484487,1
hiperesferas_4d.csv,-1.09596,-0.284558,2.61038,-1.22958,1
hiperesferas_4d.csv,0.588369,-0.199138,-0.57728,0.633273,2
hiperesferas_4d.csv,1.5853,-0.452606,1.83303,1.66493,1
hiperesferas_4d.csv,-0.060842,2.01011,0.828331,2.33087,1
hiperesferas_4d.csv,-1.39636,-1.42311,-2.11511,0.860442,1
hiperesferas_4d.csv,-0.522604,-0.556722,0.489382,0.508075,2
hiperesferas_4d.csv,-0.834752,2.47631,-0.459362,-1.04798,1
hiperesferas_4d.csv,0.99151,-0.0755136,0.923404,-2.64537,1
hiperesferas_4d.csv,1.77896,0.433333,-2.29175,-0.449748,1
hiperesferas_4d.csv,-1.48798,1.68399,-2.01597,-0.170662,1
hiperesferas_4d.csv,2.11172,0.73444,-1.65476,-1.08707,1
hiperesferas_4d.csv,-0.644054,-2.63361,1.11851,-1.24562,1
hiperesferas_4d.csv,-0.702937,0.844332,-2.36983,-1.39726,1
hiperesferas_4d.csv,0.331306,-1.06697,-2.55705,-0.940832,1
hiperesferas_4d.csv,-1.77729,-0.210629,1.90386,-1.50976,1
hiperesferas_4d.csv,-0.225833,-0.789696,-0.377421,0.685297,2
hiperesferas_4d.csv,-0.357127,-0.252591,-0.905308,-0.321234,2
hiperesferas_4d.csv,0.17604,-0.00645193,0.889186,-0.226669,2
hiperesferas_4d.csv,-2.02799,1.00901,-1.96119,0.228362,1
hiperesferas_4d.csv,2.17824,-1.56467,1.04947,-1.19218,1
hiperesferas_4d.csv,-2.28108,-0.0302378,-1.50886,1.22148,1
hiperesferas_4d.csv,1.86793,-1.8476,0.702855,-1.2807,1
hiperesferas_4d.csv,-0.47728,-0.370963,-0.760167,0.103245,2
hiperesferas_4d.csv,-0.873574,-2.64986,0.0698509,1.23306,1
hiperesferas_4d.csv,-1.48557,-2.03593,1.81311,0.21236,1
hiperesferas_4d.csv,-2.09335,0.689643,-1.14946,1.56611,1
hiperesferas_4d.csv,1.16579,-2.00894,1.18268,-1.34522,1
hiperesferas_4d.csv,0.672631,0.908668,2.40692,0.930818,1
hiperesferas_4d.csv,-0.894101,2.19818,1.54684,-0.643228,1
hiperesferas_4d.csv,1.54526,1.87477,1.45521,1.09817,1
hiperesferas_4d.csv,0.271038,-0.514397,-0.843104,0.210097,2
hiperesferas_4d.csv,0.95096,0.0214312,-0.0629478,-0.31211,2
hiperesferas_4d.csv,-0.930898,-0.405541,-0.419152,-0.0552004,2
hiperesferas_4d.csv,-0.219835,-0.238136,-0.593457,0.617193,2
hiperesferas_4d.csv,2.97088,0.624524,0.624395,0.143485,1
hiperesferas_4d.csv,0.255237,0.163102,-0.106811,0.951737,2
hiperesferas_4d.csv,1.21427,-1.59035,-2.27702,0.259688,1
hiperesferas_4d.csv,0.0639997,-0.205333,-1.09091,-0.30614,2
hiperesferas_4d.csv,-0.175175,-1.10795,0.328198,0.0412521,2
hiperesferas_4d.csv,-0.927413,-0.208035,1.48312,-2.58678,1
hiperesferas_4d.csv,1.26631,-1.61108,-0.0376207,2.0668,1
hiperesferas_4d.csv,-0.768017,-0.493469,-0.0586345,0.880499,2
hiperesferas_4d.csv,1.10763,-2.58839,0.716928,-0.13662,1
hiperesferas_4d.csv,-0.967577,-0.691684,0.127546,2.85719,1
hiperesferas_4d.csv,2.34824,-1.07337,-0.227664,1.93188,1
hiperesferas_4d.csv,-1.25608,-1.68803,-2.0518,-0.0401076,1
hiperesferas_4d.csv,2.53618,-1.43725,-0.148036,0.622707,1
hiperesferas_4d.csv,-2.60061,-0.775203,-1.2526,-0.257702,1
hiperesferas_4d.csv,0.826718,-0.864505,-1.88726,2.06609,1
hiperesferas_4d.csv,-2.38795,1.07133,0.986605,1.39406,1
hiperesferas_4d.csv,-0.388542,0.953134,0.116491,-0.170171,2
hiperesferas_4d.csv,0.52241,-0.394808,-0.419462,0.768552,2
hiperesferas_4d.csv,-0.441658,0.0128962,-0.548379,0.608455,2
hiperesferas_4d.csv,0.436563,-1.38058,1.95399,-1.90974,1
hiperesferas_4d.csv,-2.72273,-0.131468,-0.669627,0.846893,1
hiperesferas_4d.csv,-1.08897,1.96613,-0.713867,-1.55005,1
hiperesferas_4d.csv,-0.701492,-0.433453,-1.58037,-2.51417,1
hiperesferas_4d.csv,-0.424689,1.22179,-2.34417,-1.42182,1
hiperesferas_4d.csv,2.30916,0.795578,-1.52559,-0.889688,1
hiperesferas_4d.csv,-0.057324,0.746319,-0.264856,-0.334692,2
hiperesferas_4d.csv,-0.814453,0.501148,-0.288827,0.45967,2
hiperesferas_4d.csv,-0.448776,-2.07302,-1.6105,-1.46142,1
hiperesferas_4d.csv,-0.367308,2.5658,-0.55774,1.17222,1
hiperesferas_4d.csv,-2.67499,-0.532563,-0.0894423,-0.462596,1
hiperesferas_4d.csv,-0.375652,0.235367,0.96971,0.0492289,2
hiperesferas_4d.csv,2.75037,-0.710153,-0.546847,-0.909157,1
hiperesferas_4d.csv,0.345532,0.0122884,-1.96002,2.39495,1
hiperesferas_4d.csv,0.283208,-0.384087,-0.796167,0.486189,2
hiperesferas_4d.csv,-0.893864,1.05861,1.6545,1.9971,1
hiperesferas_4d.csv,-2.10073,-0.991646,1.6998,0.871389,1
hiperesferas_4d.csv,1.6102,-0.61147,1.65296,-1.65301,1
hiperesferas_4d.csv,-0.457461,0.0843514,0.852363,-0.140981,2
hiperesferas_4d.csv,-0.232006,2.20896,-1.30255,-1.7262,1
hiperesferas_4d.csv,-0.996667,0.459232,1.99911,2.17438,1
hiperesferas_4d.csv,1.43878,-1.70208,-2.16443,0.0884439,1
hiperesferas_4d.csv,-1.74516,1.47987,-1.55339,-0.896785,1
hiperesferas_4d.csv,-0.42423,0.111727,-0.660614,0.374402,2
hiperesferas_4d.csv,0.0980761,-0.5378,-0.622806,-0.242517,2
hiperesferas_4d.csv,0.177669,-0.401722,-1.28999,2.92445,1
hiperesferas_4d.csv,0.629666,0.747228,1.5011,-2.53062,1
hiperesferas_4d.csv,-0.513395,0.205789,-0.936534,-0.151462,2
hiperesferas_4d.csv,2.24324,1.16063,1.46293,-0.748163,1
hiperesferas_4d.csv,-0.597575,0.3811,0.351848,-0.573874,2
hiperesferas_4d.csv,1.70597,-0.594499,1.74728,-1.36177,1
hiperesferas_4d.csv,0.327165,-0.693815,0.460129,0.102582,2
hiperesferas_4d.csv,-0.2472,0.543479,-0.510103,0.865371,2
hiperesferas_4d.csv,1.10092,-1.7019,-1.98869,1.55936,1
hiperesferas_4d.csv,-0.807974,-2.02915,1.95262,0.588192,1
hiperesferas_4d.csv,2.13231,1.61596,-0.818622,0.477345,1
hiperesferas_4d.csv,0.814106,-0.0162159,0.624973,0.157181,2
hiperesferas_4d.csv,1.91821,-0.0142488,-0.198009,-2.25682,1
hiperesferas_4d.csv,-0.942524,0.52304,2.64774,-0.432988,1
hiperesferas_4d.csv,-0.628467,-1.33127,2.51297,-0.0204004,1
hiperesferas_4d.csv,0.629306,-1.12363,2.28255,1.4071,1
hiperesferas_4d.csv,2.22164,-0.158448,-1.79319,0.690969,1
hiperesferas_4d.csv,-0.83505,2.76103,-0.109432,0.0699035,1
hiperesferas_4d.csv,2.37896,-1.47121,-0.0197391,0.772818,1
hiperesferas_4d.csv,-1.41629,-2.6002,-0.695518,0.0118926,1
hiperesferas_4d.csv,-1.09105,-0.162672,0.711972,-2.78113,1
hiperesferas_4d.csv,-0.664462,-0.715217,-0.40726,-0.00860724,2
hiperesferas_4d.csv,0.442867,1.54914,-0.652129,-2.31276,1
hiperesferas_4d.csv,-0.107788,0.378884,0.730117,2.94898,1
hiperesferas_4d.csv,0.119536,-0.366058,-0.14512,0.694064,2
hiperesferas_4d.csv,-1.6462,2.62328,-0.164867,0.0536377,1
hiperesferas_4d.csv,-0.818761,2.64368,-1.00772,0.464828,1
hiperesferas_4d.csv,0.117998,-0.818092,0.600414,-0.508223,2
hiperesferas_4d.csv,0.400882,-2.03354,2.21424,-0.292242,1
hiperesferas_4d.csv,0.541903,1.90686,1.99529,-1.13156,1
hiperesferas_4d.csv,0.602371,0.190434,-0.0759188,-0.866078,2
hiperesferas_4d.csv,-0.969625,-0.87657,-2.3623,1.24424,1
hiperesferas_4d.csv,-0.27854,1.56162,1.04241,-2.4015,1
hiperesferas_4d.csv,0.19743,-0.419407,-0.716873,0.665907,2
hiperesferas_4d.csv,-0.0699628,-0.560965,-0.339535,0.758309,2
hiperesferas_4d.csv,0.759875,-0.254343,-0.153738,0.438504,2
hiperesferas_4d.csv,0.284802,-0.226075,-0.638736,-0.49625,2
hiperesferas_4d.csv,0.851884,-2.48053,1.11536,0.0395313,1
hiperesferas_4d.csv,1.75502,-1.67282,0.93165,-1.53867,1
hiperesferas_4d.csv,-0.172639,-0.141488,-0.37129,0.823187,2
hiperesferas_4d.csv,0.274955,-0.466459,0.634373,0.299215,2
hiperesferas_4d.csv,0.663,0.33238,0.0588364,2.88572,1
hiperesferas_4d.csv,2.09282,-0.702923,-1.47089,-1.79861,1
hiperesferas_4d.csv,-0.305751,1.53684,-0.496249,-2.67562,1
hiperesferas_4d.csv,-2.09658,0.256546,-1.25085,1.60387,1
hiperesferas_4d.csv,0.183495,-1.30293,-1.98326,-1.87937,1
hiperesferas_4d.csv,-0.454124,2.05742,0.820166,2.02469,1
hiperesferas_4d.csv,-0.478748,-1.34977,1.45874,-2.17107,1
hiperesferas_4d.csv,0.631914,-2.28219,-1.57408,-0.977965,1
hiperesferas_4d.csv,-0.908878,1.82816,-1.67929,-1.46309,1
hiperesferas_4d.csv,-0.467329,2.93659,-0.140332,-0.439344,1
hiperesferas_4d.csv,0.595365,-1.01998,-1.82659,-2.04062,1
hiperesferas_4d.csv,-0.383858,0.818011,-0.264556,0.207738,2
hiperesferas_4d.csv,-0.587822,-0.76812,-0.165945,-0.124962,2
hiperesferas_4d.csv,2.45194,-1.80169,0.402727,0.0878218,1
hiperesferas_4d.csv,-1.63996,1.07466,1.61033,1.817,1
hiperesferas_4d.csv,1.3835,-0.519414,1.29969,-2.10633,1
hiperesferas_4d.csv,-1.17025,0.137483,2.8306,0.52342,1
hiperesferas_4d.csv,-0.360708,0.951301,-1.90846,-2.00066,1
hiperesferas_4d.csv,-0.380016,-0.582552,0.971349,-0.297372,2
hiperesferas_4d.csv,1.20344,2.10838,1.6459,0.557387,1
hiperesferas_4d.csv,-0.417049,-0.829971,0.803596,0.0499522,2
hiperesferas_4d.csv,-0.172096,-0.341684,2.31536,1.83868,1
hiperesferas_4d.csv,-0.0343644,-0.713672,0.0598432,0.60898,2
hiperesferas_4d.csv,-1.56385,2.49014,-0.54385,-0.380368,1
hiperesferas_4d.csv,-0.687069,0.473478,-0.341837,-0.276127,2
hiperesferas_4d.csv,0.84415,0.232298,1.02122,-2.80138,1
hiperesferas_4d.csv,0.769572,-1.89763,-2.19009,0.757377,1
hiperesferas_4d.csv,-0.376029,-0.446658,0.0318098,-0.969045,2
hiperesferas_4d.csv,-0.108761,0.853183,0.462088,0.675844,2
hiperesferas_4d.csv,-0.524639,-0.787158,0.569279,-2.95116,1
hiperesferas_4d.csv,0.0287871,0.438056,-0.69217,0.365236,2
hiperesferas_4d.csv,-2.88831,-0.0876586,-0.0260042,-0.964098,1
hiperesferas_4d.csv,2.29732,-0.198074,-1.42434,1.16386,1
hiperesferas_4d.csv,-0.14792,-0.44906,-0.0427294,-0.867235,2
hiperesferas_4d.csv,-0.164403,-0.807428,0.186338,-0.845249,2
hiperesferas_4d.csv,-0.278322,-0.935,2.23784,-1.7147,1
hiperesferas_4d.csv,-1.89015,2.10714,-0.451485,-0.830014,1
hiperesferas_4d.csv,1.54198,-0.698345,1.24131,-1.99514,1
hiperesferas_4d.csv,0.379878,-0.0385245,0.362706,-0.927799,2
hiperesferas_4d.csv,-1.01027,-0.216311,-0.0393039,-0.0363029,2
hiperesferas_4d.csv,0.0896252,-1.12851,2.44123,-0.719041,1
hiperesferas_4d.csv,-0.621747,-2.18833,-1.00028,-1.72353,1
hiperesferas_4d.csv,-2.08881,-0.419593,2.1587,-0.203952,1
hiperesferas_4d.csv,0.0260021,-2.39473,-1.04617,1.3047,1
hiperesferas_4d.csv,0.128224,-2.35545,1.69134,0.511364,1
hiperesferas_4d.csv,1.93493,-0.884957,2.05935,0.657834,1
hiperesferas_4d.csv,-1.38462,1.30934,-1.05476,1.99923,1
hiperesferas_4d.csv,-0.341636,-2.6315,-0.588445,-0.626945,1
hiperesferas_4d.csv,0.120334,0.413134,-0.839485,-0.24941,2
hiperesferas_4d.csv,0.0557306,0.185333,0.956846,0.0286314,2
hiperesferas_4d.csv,0.466907,-0.490202,0.0528068,0.682767,2
hiperesferas_4d.csv,-1.86027,1.95992,1.30324,0.199927,1
hiperesferas_4d.csv,-1.72963,-1.86238,-1.64408,0.283133,1
hiperesferas_4d.csv,0.681789,-0.346222,0.399954,0.347264,2
hiperesferas_4d.csv,-1.98749,-1.15082,0.826028,1.72374,1
hiperesferas_4d.csv,-2.56693,0.427535,1.3708,-0.783774,1
hiperesferas_4d.csv,0.343292,0.174943,1.73789,2.49323,1
hiperesferas_4d.csv,0.956214,-1.7942,-1.73536,1.5218,1
hiperesferas_4d.csv,0.0518689,-0.103649,0.0529255,-1.10598,2
hiperesferas_4d.csv,-0.039205,0.533839,1.48361,2.55115,1
hiperesferas_4d.csv,2.06035,0.906017,1.72228,0.904472,1
hiperesferas_4d.csv,0.299347,-0.509818,-0.576222,0.605786,2
hiperesferas_4d.csv,-0.356597,2.07678,-2.27836,-0.151389,1
hiperesferas_4d.csv,-2.03062,-1.87433,0.79401,0.52685,1
hiperesferas_4d.csv,0.133638,1.59855,2.62528,0.229355,1
hiperesferas_4d.csv,1.99966,0.52515,1.67721,1.27694,1
hiperesferas_4d.csv,-0.275291,-1.3157,2.66929,0.293214,1
hiperesferas_4d.csv,-0.0292743,0.520246,0.855809,-2.90972,1
hiperesferas_4d.csv,-1.89865,-1.69707,1.37762,0.569646,1
hiperesferas_4d.csv,-0.0265367,-2.70771,-0.856995,0.278113,1
hiperesferas_4d.csv,-0.883775,1.95869,1.76206,-1.26635,1
hiperesferas_4d.csv,-0.36807,0.152809,-0.865935,0.269349,2
hiperesferas_4d.csv,-1.38673,-0.243541,1.73911,1.83948,1
hiperesferas_4d.csv,-0.642564,-0.0279708,1.52653,2.34813,1
hiperesferas_4d.csv,0.556468,-2.97533,0.41864,-0.703106,1
hiperesferas_4d.csv,-0.261045,-0.629144,-0.456887,0.346962,2
hiperesferas_4d.csv,2.52851,-1.31451,0.756708,-0.126232,1
hiperesferas_4d.csv,-0.536361,0.49713,-2.05001,2.21737,1
hiperesferas_4d.csv,0.878598,0.362532,2.77753,0.827365,1
hiperesferas_4d.csv,-0.152152,-0.427883,0.213042,-0.691507,2
hiperesferas_4d.csv,1.90756,1.08454,-1.58451,1.25508,1
hiperesferas_4d.csv,-0.0422033,-2.92998,-0.0733508,0.874609,1
hiperesferas_4d.csv,-1.57187,-2.42679,-1.11989,-0.329771,1
hiperesferas_4d.csv,-2.65788,0.31013,-0.8871,0.745675,1
hiperesferas_4d.csv,0.856262,0.300345,-0.428412,0.388893,2
hiperesferas_4d.csv,2.02896,-1.37822,1.19446,-1.2434,1
hiperesferas_4d.csv,-1.54427,2.51616,-0.180901,-1.00428,1
hiperesferas_4d.csv,0.030271,-0.351216,0.718606,0.503453,2
hiperesferas_4d.csv,0.506835,-2.93904,0.226377,0.188314,1
hiperesferas_4d.csv,-1.2883,1.61001,2.16626,0.686016,1
hiperesferas_4d.csv,-0.934351,-0.227247,-0.220835,-0.381758,2
hiperesferas_4d.csv,-1.0327,-0.455666,1.85232,-2.02535,1
hiperesferas_4d.csv,0.0133018,0.0682902,1.68817,-2.65478,1
hiperesferas_4d.csv,-0.407729,-2.37359,1.12139,1.18861,1
hiperesferas_4d.csv,0.720557,-2.1828,-1.48534,-0.784677,1
hiperesferas_4d.csv,-0.647559,0.291182,0.283044,0.708297,2
hiperesferas_4d.csv,1.28946,2.27441,0.326899,1.38928,1
hiperesferas_4d.csv,1.40038,-1.90736,-1.54779,0.81613,1
hiperesferas_4d.csv,2.30308,0.30457,-1.93251,-0.607483,1
hiperesferas_4d.csv,0.091885,0.0932965,1.0369,0.477364,2
hiperesferas_4d.csv,1.95737,-0.218127,-1.49861,1.41194,1
hiperesferas_4d.csv,-0.164053,-0.0672006,-0.119941,-1.11229,2
hiperesferas_4d.csv,-0.041237,-0.607442,0.861012,0.247342,2
hiperesferas_4d.csv,0.294777,-1.35151,2.54384,-0.924524,1
hiperesferas_4d.csv,-0.80279,-0.57597,-0.158201,0.159006,2
hiperesferas_4d.csv,2.20157,-0.68163,1.44101,1.23798,1
hiperesferas_4d.csv,-2.76295,0.129283,1.39142,-0.0509055,1
hiperesferas_4d.csv,-1.78721,1.05058,1.08101,-1.73773,1
hiperesferas_4d.csv,-0.815659,0.151892,-0.469987,0.23096,2
hiperesferas_4d.csv,-0.375724,-2.1757,-2.08914,0.733901,1
hiperesferas_4d.csv,-1.62792,-0.681021,0.437694,-2.20031,1
hiperesferas_4d.csv,-1.60217,1.46608,1.03807,1.8349,1
hiperesferas_4d.csv,-1.12896,-1.59857,-1.94086,-0.875184,1
hiperesferas_4d.csv,-0.494931,0.438124,-0.328171,-0.645959,2
hiperesferas_4d.csv,-0.59442,-0.171088,-0.408148,-0.0899625,2
hiperesferas_4d.csv,0.200453,0.335551,2.41642,-1.78093,1
hiperesferas_4d.csv,-2.31817,1.00753,0.147068,-1.55955,1
hiperesferas_4d.csv,-0.486886,-0.334506,-0.580763,0.200328,2
hiperesferas_4d.csv,2.71533,-0.7342,0.93854,0.498661,1
hiperesferas_4d.csv,2.52937,0.765049,-0.432216,-1.31416,1
hiperesferas_4d.csv,0.111903,-0.0176924,-0.864873,-0.377297,2
hiperesferas_4d.csv,2.37213,-0.267942,-1.40434,-1.4639,1
hiperesferas_4d.csv,0.653138,1.36782,1.38524,2.13307,1
hiperesferas_4d.csv,-1.84407,-1.67123,1.68717,-0.222069,1
hiperesferas_4d.csv,-0.366952,-0.479632,-2.70285,-1.13701,1
hiperesferas_4d.csv,-1.45559,2.52227,0.291969,-0.266309,1
hiperesferas_4d.csv,-0.434518,-0.425249,-0.251535,-0.623723,2
hiperesferas_4d.csv,-0.730748,-0.434873,0.373619,-0.633948,2
hiperesferas_4d.csv,-0.950454,0.226138,-0.468229,-0.214434,2
hiperesferas_4d.csv,-2.19994,0.200479,-0.0502089,2.0168,1
hiperesferas_4d.csv,-0.503094,0.45409,0.213246,-0.677016,2
hiperesferas_4d.csv,1.21831,0.737875,-0.696238,-2.44989,1
hiperesferas_4d.csv,-0.89809,0.350805,0.25672,-0.157404,2
hiperesferas_4d.csv,0.16795,0.34223,1.02462,0.129898,2
hiperesferas_4d.csv,-2.57767,0.661918,1.22309,-0.351664,1
hiperesferas_4d.csv,-0.0882972,0.78913,0.34517,-0.577507,2
hiperesferas_4d.csv,-1.51718,1.71152,-0.115861,-1.87515,1
hiperesferas_4d.csv,0.928854,0.318961,-0.364006,0.0778814,2
hiperesferas_4d.csv,-0.905936,-0.114056,-0.523933,-0.337115,2
hiperesferas_4d.csv,2.77134,0.740606,0.851988,-0.0141942,1
hiperesferas_4d.csv,-1.41455,-0.421772,-1.49019,-2.13683,1
hiperesferas_4d.csv,-1.89123,-2.1449,0.67018,-1.02468,1
hiperesferas_4d.csv,1.6285,0.702484,-2.32599,1.16554,1
hiperesferas_4d.csv,0.689047,0.0799611,-1.22092,2.5012,1
hiperesferas_4d.csv,0.204558,0.0864416,-0.978364,-0.126484,2
hiperesferas_4d.csv,1.26678,-1.04213,2.39496,-0.862607,1
hiperesferas_4d.csv,1.1045,2.49122,0.556029,0.892869,1
hiperesferas_4d.csv,1.29798,-0.0703106,-1.7354,-2.03064,1
hiperesferas_4d.csv,-0.0311799,0.652608,0.266095,0.782334,2
hiperesferas_4d.csv,2.8541,0.980688,0.691497,-0.0667196,1
hiperesferas_4d.csv,-0.213188,-0.789668,-1.60095,2.5794,1
hiperesferas_4d.csv,0.849751,0.571314,0.188267,2.81406,1
hiperesferas_4d.csv,-1.97066,0.506532,1.82499,-0.997867,1
hiperesferas_4d.csv,-1.9952,-1.01563,-2.09277,-0.12041,1
hiperesferas_4d.csv,0.45837,-0.239933,-0.605684,0.274399,2
hiperesferas_4d.csv,-0.766303,0.193712,0.381875,-0.221049,2
hiperesferas_4d.csv,-0.387939,0.274278,-1.96901,2.21523,1
hiperesferas_4d.csv,-1.66674,1.52528,1.92298,0.100991,1
hiperesferas_4d.csv,0.198335,-0.191309,0.904949,0.126183,2
hiperesferas_4d.csv,-2.20481,-0.442832,-0.761742,1.7223,1
hiperesferas_4d.csv,-0.2743,-0.198098,0.840594,0.394184,2
hiperesferas_4d.csv,-0.0694243,1.20196,-1.13172,2.77172,1
hiperesferas_4d.csv,1.65567,-1.16988,-2.01059,-0.91731,1
hiperesferas_4d.csv,0.246358,-0.0926991,0.415599,0.811367,2
hiperesferas_4d.csv,0.47027,0.177802,-0.218576,2.94355,1
hiperesferas_4d.csv,1.36914,-0.833484,0.554391,2.70348,1
hiperesferas_4d.csv,-0.0225947,0.0317076,-0.279909,-0.973095,2
hiperesferas_4d.csv,1.1873,-0.166891,-2.75797,-0.632959,1
hiperesferas_4d.csv,1.51925,1.17543,-2.40765,-0.346595,1
hiperesferas_4d.csv,1.94875,-1.41282,1.54727,1.22561,1
hiperesferas_4d.csv,1.55074,-2.37272,0.0556817,-0.153062,1
hiperesferas_4d.csv,-2.12354,-2.18228,-0.612806,0.432536,1
hiperesferas_4d.csv,0.197953,0.656549,0.349689,-0.42586,2
hiperesferas_4d.csv,-0.0282408,-0.257637,-1.07646,-0.150908,2
hiperesferas_4d.csv,0.0937473,2.60313,-0.0565817,-0.726605,1
hiperesferas_4d.csv,2.04916,0.538141,-2.19236,-0.568876,1
hiperesferas_4d.csv,-1.46678,0.94346,-1.42762,-1.81986,1
hiperesferas_4d.csv,-0.517972,-0.221259,-0.641622,-0.00415815,2
hiperesferas_4d.csv,0.863268,-2.18745,0.838963,-1.39434,1
hiperesferas_4d.csv,-0.660379,2.32083,-1.8852,-0.0650221,1
hiperesferas_4d.csv,-0.973763,-0.692264,2.46167,1.0989,1
hiperesferas_4d.csv,-1.85548,0.456264,0.573111,2.30347,1
hiperesferas_4d.csv,-0.815235,-2.01712,0.394781,2.10426,1
hiperesferas_4d.csv,0.0705755,-0.330555,-0.458528,0.663752,2
hiperesferas_4d.csv,-0.553978,2.99594,0.0974033,-0.866218,1
hiperesferas_4d.csv,0.939067,0.00457711,0.29336,-0.034991,2
hiperesferas_4d.csv,-0.725218,-0.211041,-0.621958,-0.315612,2
hiperesferas_4d.csv,-0.420063,0.341175,-0.775718,-0.0664029,2
hiperesferas_4d.csv,0.145337,-0.937387,1.90049,-2.02312,1
hiperesferas_4d.csv,1.80128,0.360267,1.05809,-2.30443,1
hiperesferas_4d.csv,0.532933,0.258258,-0.908498,-0.1404,2
hiperesferas_4d.csv,-0.800164,0.138035,0.467042,-0.293221,2
hiperesferas_4d.csv,0.513168,-2.1819,-1.9791,-0.629691,1
hiperesferas_4d.csv,0.367829,-0.242142,-0.588463,0.452359,2
hiperesferas_4d.csv,-0.703814,-0.182166,0.21768,0.661124,2
hiperesferas_4d.csv,-1.43452,-0.629084,0.697292,2.31181,1
hiperesferas_4d.csv,-0.0313734,2.34115,-1.04887,-1.56032,1
hiperesferas_4d.csv,-0.398681,-0.0736409,-0.88437,0.455122,2
hiperesferas_4d.csv,-0.736715,0.603399,-0.442216,-0.259167,2
hiperesferas_4d.csv,0.996001,-2.84383,-0.282987,1.06138,1
hiperesferas_4d.csv,0.744529,0.71962,0.124093,-0.396345,2
hiperesferas_4d.csv,0.000105609,-0.584324,-0.463344,-0.632793,2
hiperesferas_4d.csv,-1.03128,1.2237,2.32169,-1.12134,1
hiperesferas_4d.csv,0.194823,0.732273,-1.09376,-2.73875,1
hiperesferas_4d.csv,0.12662,-0.974942,-0.0614523,-0.152426,2
hiperesferas_4d.csv,-0.250033,0.528284,-0.550628,-0.548649,2
hiperesferas_4d.csv,-1.87319,0.81347,-1.26589,-1.55872,1
hiperesferas_4d.csv,-1.16321,-2.21403,0.543946,1.61842,1
hiperesferas_4d.csv,0.234383,0.960192,-1.80924,-2.41513,1
hiperesferas_4d.csv,-1.33367,1.65796,-1.10221,1.57978,1
hiperesferas_4d.csv,0.851481,1.34182,-2.45773,1.00533,1
hiperesferas_4d.csv,0.860346,0.795612,2.49418,-1.02715,1
hiperesferas_4d.csv,1.61486,-0.631286,-2.47222,-0.734565,1
hiperesferas_4d.csv,0.246149,1.85653,-0.802166,-2.08784,1
hiperesferas_4d.csv,1.09873,2.47282,0.662268,1.17209,1
hiperesferas_4d.csv,2.09511,0.227661,-0.650293,2.03854,1
hiperesferas_4d.csv,0.602819,-0.535967,0.277856,0.085278,2
hiperesferas_4d.csv,-0.205248,0.685845,-0.207834,0.721529,2
hiperesferas_4d.csv,0.342373,0.408008,-0.495283,0.557239,2
hiperesferas_4d.csv,0.734835,-0.443574,-1.14932,2.72806,1
hiperesferas_4d.csv,0.376191,0.371553,0.335108,-0.851958,2
hiperesferas_4d.csv,-0.318976,0.970959,2.68591,0.69671,1
hiperesferas_4d.csv,0.0390529,0.0496738,-0.423214,-1.00052,2
hiperesferas_4d.csv,0.0653926,2.32743,1.4344,1.24283,1
hiperesferas_4d.csv,-1.97206,0.67959,1.3841,1.43115,1
hiperesferas_4d.csv,0.464648,-2.17955,-1.13403,-1.65717,1
hiperesferas_4d.csv,-0.205658,-0.235241,-0.933045,0.522492,2
hiperesferas_4d.csv,-2.70954,1.20607,-0.445536,0.234373,1
hiperesferas_4d.csv,0.831902,-0.522085,-1.73186,-2.26539,1
hiperesferas_4d.csv,0.437657,2.92084,-1.0213,0.0409492,1
hiperesferas_4d.csv,0.83792,-0.41365,-0.200182,-0.118449,2
hiperesferas_4d.csv,0.500346,2.72686,0.785672,0.500066,1
hiperesferas_4d.csv,-1.95483,0.116205,-2.27766,-0.174006,1
hiperesferas_4d.csv,0.0673662,-0.610751,0.27755,0.745211,2
hiperesferas_4d.csv,-0.863381,0.313671,-0.437327,0.271369,2
hiperesferas_4d.csv,-0.905901,1.60987,-2.62799,-0.331002,1
hiperesferas_4d.csv,0.472878,0.2891,-0.320462,0.755742,2
hiperesferas_4d.csv,0.226077,0.669904,-0.297856,-0.746905,2
hiperesferas_4d.csv,-0.935014,0.00529564,0.62513,0.0272922,2
hiperesferas_4d.csv,0.642337,0.755731,0.0666017,-0.436668,2
hiperesferas_4d.csv,1.33509,0.103307,2.99661,0.213528,1
hiperesferas_4d.csv,0.613629,0.783554,0.0435915,-0.386902,2
hiperesferas_4d.csv,1.03853,2.62204,0.939298,-0.385374,1
hiperesferas_4d.csv,0.5984,0.661717,0.0261507,0.0727131,2
hiperesferas_4d.csv,-0.32288,-0.102345,-1.95336,-2.12546,1
hiperesferas_4d.csv,-0.0683051,-0.181086,0.243121,1.0692,2
hiperesferas_4d.csv,0.496518,1.21446,2.21863,1.06242,1
hiperesferas_4d.csv,-1.59493,0.606792,2.24811,0.965152,1
hiperesferas_4d.csv,2.81872,1.02871,-0.711367,-0.488923,1
hiperesferas_4d.csv,0.282753,-1.47519,-1.98344,1.59032,1
hiperesferas_4d.csv,1.95844,-1.03084,1.10787,-1.71696,1
hiperesferas_4d.csv,1.39656,2.14648,1.3999,-0.224141,1
hiperesferas_4d.csv,0.871516,-0.73386,0.525772,-2.70435,1
hiperesferas_4d.csv,0.231679,-1.91876,-0.313891,-2.21948,1
hiperesferas_4d.csv,1.88705,0.997735,1.12978,-1.82564,1
hiperesferas_4d.csv,1.9822,0.899727,-0.287048,2.06148,1
hiperesferas_4d.csv,0.573434,2.95052,-0.176339,0.614451,1
hiperesferas_4d.csv,-0.628718,2.6231,1.80691,-0.427318,1
hiperesferas_4d.csv,-2.06899,1.52642,1.37663,-0.420801,1
hiperesferas_4d.csv,1.02866,-0.944268,2.27216,1.60283,1
hiperesferas_4d.csv,2.25096,0.274361,2.10861,0.222462,1
hiperesferas_4d.csv,0.749319,-1.9014,-2.08518,-1.07898,1
hiperesferas_4d.csv,-0.372234,0.752154,-1.51551,2.59494,1
hiperesferas_4d.csv,-3.15713,-0.033392,0.573687,-0.304109,1
hiperesferas_4d.csv,1.96349,-0.299428,0.459322,2.41498,1
hiperesferas_4d.csv,0.515697,-0.523464,-0.683528,-0.152223,2
hiperesferas_4d.csv,0.388075,1.24515,2.41142,1.28908,1
hiperesferas_4d.csv,-0.516713,-0.0648256,-0.354348,0.759493,2
hiperesferas_4d.csv,0.57224,-0.341329,0.647006,0.352445,2
hiperesferas_4d.csv,2.53486,-0.132712,-0.901804,-1.25478,1
hiperesferas_4d.csv,-1.06292,1.10665,-2.34672,-1.63618,1
hiperesferas_4d.csv,1.91183,-1.38547,-1.41905,-1.28236,1
hiperesferas_4d.csv,-0.810268,-0.170131,0.364923,-0.309949,2
hiperesferas_4d.csv,1.96866,1.01048,-1.95244,-0.303399,1
hiperesferas_4d.csv,1.10668,1.73496,-1.23332,1.81052,1
hiperesferas_4d.csv,0.165404,-1.00474,0.282071,0.0268558,2
hiperesferas_4d.csv,-1.37718,0.776242,0.58218,2.38606,1
hiperesferas_4d.csv,-1.54799,0.360184,2.4525,0.468544,1
hiperesferas_4d.csv,-0.880276,-1.22012,2.63416,-0.350065,1
hiperesferas_4d.csv,-0.920778,0.663016,-2.49512,1.38224,1
hiperesferas_4d.csv,-0.572684,-0.422735,0.600709,-0.582435,2
hiperesferas_4d.csv,-0.873783,0.163196,-0.696768,-0.260777,2
hiperesferas_4d.csv,0.177818,0.197505,0.402794,1.00318,2
hiperesferas_4d.csv,-0.187826,-0.774265,0.40762,0.32113,2
hiperesferas_4d.csv,-0.735236,2.39651,0.208212,-1.75077,1
hiperesferas_4d.csv,-1.6659,2.16339,-0.808479,-1.19305,1
hiperesferas_4d.csv,-0.170454,0.047283,-0.573152,-0.642426,2
hiperesferas_4d.csv,0.554253,0.0451484,-0.730933,0.617476,2
hiperesferas_4d.csv,2.49718,-0.658325,0.845303,-1.34244,1
hiperesferas_4d.csv,2.45911,0.845466,0.160861,-1.29796,1
hiperesferas_4d.csv,-0.503196,-2.62217,0.754819,0.83392,1
hiperesferas_4d.csv,-0.848477,0.0457591,-0.317472,0.468889,2
hiperesferas_4d.csv,-0.441102,0.528165,0.739227,2.85721,1
hiperesferas_4d.csv,-2.02812,1.57226,-1.29304,-0.78634,1
hiperesferas_4d.csv,0.724523,-0.311379,-1.41421,2.30906,1
hiperesferas_4d.csv,0.0423531,-0.153935,0.63463,-0.6064,2
hiperesferas_4d.csv,-1.45585,2.23182,0.984348,-0.910227,1
hiperesferas_4d.csv,-1.4899,2.29957,0.549902,1.0984,1
hiperesferas_4d.csv,-0.914701,2.08134,-1.24591,-1.73959,1
hiperesferas_4d.csv,-0.186772,-0.57952,-0.798089,0.614136,2
hiperesferas_4d.csv,-0.348986,-2.66035,0.473541,1.47101,1
hiperesferas_4d.csv,-0.320596,-0.946622,-0.158938,-0.0180003,2
hiperesferas_4d.csv,-0.051794,0.835067,0.0672942,0.656412,2
hiperesferas_4d.csv,0.29736,0.71622,-0.162113,-0.463519,2
hiperesferas_4d.csv,1.04862,2.67604,-0.210817,-0.280645,1
hiperesferas_4d.csv,0.0727763,-0.0647767,2.62929,0.94416,1
hiperesferas_4d.csv,2.11206,-0.690702,1.83838,0.594365,1
hiperesferas_4d.csv,0.365899,-0.967277,-0.516317,-0.0121253,2
hiperesferas_4d.csv,0.531802,-0.0971769,0.530241,-3.05522,1
hiperesferas_4d.csv,-2.44303,1.20353,-1.10296,0.0947706,1
hiperesferas_4d.csv,0.47943,-2.35742,1.69718,0.477173,1
hiperesferas_4d.csv,2.40949,-1.07058,-1.3321,0.917117,1
hiperesferas_4d.csv,0.51669,-0.750581,0.255223,0.314884,2
hiperesferas_4d.csv,0.497157,-1.03413,-2.54093,-0.827626,1
hiperesferas_4d.csv,0.492849,0.676296,-0.5396,0.685399,2
hiperesferas_4d.csv,-2.07188,0.524411,2.1305,0.298762,1
hiperesferas_4d.csv,-0.392185,0.137873,0.297374,-1.05294,2
hiperesferas_4d.csv,0.425185,0.65668,-0.537502,0.14991,2
hiperesferas_4d.csv,1.26742,-0.412567,-1.49683,-2.13156,1
hiperesferas_4d.csv,-0.746685,-0.581176,-0.211355,0.564716,2
hiperesferas_4d.csv,-0.919704,0.397467,0.2027,0.164771,2
hiperesferas_4d.csv,-1.92499,-0.923254,-1.80488,0.71979,1
hiperesferas_4d.csv,0.399664,-0.150922,-0.760311,-0.687514,2
hiperesferas_4d.csv,-2.14897,-1.41667,1.28255,-1.09347,1
hiperesferas_4d.csv,-0.512926,2.65199,1.07761,-0.905344,1
hiperesferas_4d.csv,0.902494,-0.971511,0.157734,2.67553,1
hiperesferas_4d.csv,0.636343,-0.485254,0.38635,-0.362701,2
hiperesferas_4d.csv,1.40346,-0.0901135,-2.41237,-0.735943,1
hiperesferas_4d.csv,2.7189,1.09074,0.606215,0.692166,1
hiperesferas_4d.csv,0.375857,0.0970025,-2.28912,-1.89671,1
hiperesferas_4d.csv,-0.610261,-2.63604,-1.61764,-0.314657,1
hiperesferas_4d.csv,2.17598,-1.55039,-0.741584,1.3363,1
hiperesferas_4d.csv,-2.02763,-0.214567,2.13726,-0.332629,1
hiperesferas_4d.csv,-1.96195,-2.3058,0.629031,-0.433478,1
hiperesferas_4d.csv,1.99962,-1.18178,-1.40906,1.35432,1
hiperesferas_4d.csv,-2.09312,-1.95975,0.0235,1.00623,1
hiperesferas_4d.csv,-0.249831,0.726178,0.362764,-0.533485,2
hiperesferas_4d.csv,2.5207,0.903292,1.25178,0.104191,1
hiperesferas_4d.csv,0.0655237,-0.0310534,-0.99648,0.457588,2
hiperesferas_4d.csv,-1.36288,-2.13829,-1.71364,0.618166,1
hiperesferas_4d.csv,-1.59218,1.25794,-2.02778,-0.591362,1
hiperesferas_4d.csv,-2.42168,-1.68747,-0.139886,0.55776,1
hiperesferas_4d.csv,-0.326787,0.670706,-0.552213,0.141394,2
hiperesferas_4d.csv,-0.581647,0.301669,-0.0183263,-0.469754,2
hiperesferas_4d.csv,0.179915,0.344997,-0.308985,-0.622416,2
hiperesferas_4d.csv,1.64677,-0.439922,0.868924,2.35853,1
hiperesferas_4d.csv,-1.24894,0.00870703,2.83696,-0.461108,1
hiperesferas_4d.csv,-0.828712,-2.17136,1.63068,-1.25072,1
hiperesferas_4d.csv,-2.93256,-0.46709,0.710337,-0.395679,1
hiperesferas_4d.csv,0.998827,1.13006,2.3078,0.251646,1
hiperesferas_4d.csv,-1.41225,1.15179,-2.47009,-0.509732,1
hiperesferas_4d.csv,1.54505,-1.33093,-0.20453,-2.02395,1
hiperesferas_4d.csv,0.0824485,0.130232,-0.856323,-0.503145,2
hiperesferas_4d.csv,-1.55337,-0.921801,-2.2508,0.788907,1
hiperesferas_4d.csv,0.435741,-0.891558,0.342987,0.155855,2
hiperesferas_4d.csv,-1.47206,2.58219,-0.234936,0.33004,1
hiperesferas_4d.csv,-1.26401,-2.04666,-1.34883,-1.28685,1
hiperesferas_4d.csv,-0.314752,-1.16947,-2.44315,-1.39647,1
hiperesferas_4d.csv,0.36459,0.19977,-0.780814,0.210438,2
hiperesferas_4d.csv,-2.62979,0.207374,-1.56793,0.0444541,1
hiperesferas_4d.csv,0.569548,1.88581,-1.15526,1.86791,1
hiperesferas_4d.csv,0.628409,0.121273,-0.262333,-0.827609,2
hiperesferas_4d.csv,2.18273,1.80201,0.333482,0.232398,1
hiperesferas_4d.csv,-0.892715,-0.465301,-0.00727184,-0.0475838,2
hiperesferas_4d.csv,0.743155,0.495601,0.283313,0.413074,2
hiperesferas_4d.csv,0.421533,-2.11893,2.04947,0.727085,1
hiperesferas_4d.csv,-2.22673,0.688115,1.51541,-1.15447,1
hiperesferas_4d.csv,-0.497353,0.787404,-0.239639,-0.288167,2
hiperesferas_4d.csv,0.784447,-0.634538,-0.0429963,-0.310183,2
hiperesferas_4d.csv,0.973913,0.188898,-0.592633,0.218445,2
hiperesferas_4d.csv,0.834163,-0.584982,0.614953,-0.28918,2
hiperesferas_4d.csv,0.712894,0.0644851,-0.20408,-0.548719,2
hiperesferas_4d.csv,-1.47711,1.69549,-1.84058,0.517172,1
hiperesferas_4d.csv,3.00219,-0.365409,-0.382829,0.453713,1
hiperesferas_4d.csv,0.710521,0.608017,-2.17181,1.71386,1
hiperesferas_4d.csv,-2.2021,0.742244,1.76101,-0.186766,1
hiperesferas_4d.csv,0.283068,-2.40866,1.37669,-1.18075,1
hiperesferas_4d.csv,0.886562,0.0266946,-0.0817227,0.159944,2
hiperesferas_4d.csv,-0.0156549,-0.136863,0.882854,-0.369528,2
hiperesferas_4d.csv,1.28607,-1.91629,1.32706,1.22505,1
hiperesferas_4d.csv,0.583325,0.854447,0.142849,-0.151822,2
hiperesferas_4d.csv,0.251156,-0.314949,2.55677,1.55099,1
hiperesferas_4d.csv,0.254294,-0.380229,0.658622,0.354354,2
hiperesferas_4d.csv,0.166117,-0.153272,-0.877405,0.350089,2
hiperesferas_4d.csv,-0.926917,1.9187,1.64368,-1.19127,1
hiperesferas_4d.csv,0.917503,2.20155,-1.722,-1.23663,1
hiperesferas_4d.csv,0.547181,-0.0995068,-0.670904,0.255452,2
hiperesferas_4d.csv,-0.636895,0.969435,0.111543,0.0879483,2
hiperesferas_4d.csv,-1.96345,-0.45254,-1.84119,1.17576,1
hiperesferas_4d.csv,-1.06967,-0.21101,-2.55143,-1.00517,1
hiperesferas_4d.csv,-1.53304,-0.275351,-1.92419,-1.70008,1
hiperesferas_4d.csv,-1.69667,2.38268,-0.0793273,0.874159,1
hiperesferas_4d.csv,-0.693573,-0.524117,-0.228424,0.356762,2
hiperesferas_4d.csv,-1.1435,-1.65544,-2.20514,-0.0273487,1
hiperesferas_4d.csv,0.309527,-0.366398,0.900209,-0.0157908,2
hiperesferas_4d.csv,-0.787731,-0.274114,-2.70681,1.01859,1
hiperesferas_4d.csv,0.57256,-0.774026,0.352616,-0.248121,2
hiperesferas_4d.csv,0.129604,-0.295801,0.711498,0.605754,2
hiperesferas_4d.csv,-2.63953,-0.443733,0.085048,-0.996969,1
hiperesferas_4d.csv,-1.36325,-0.0949767,-2.05191,1.47383,1
hiperesferas_4d.csv,-1.34167,-1.22254,0.533341,-2.34616,1
hiperesferas_4d.csv,-1.16812,-1.147,-0.929038,-2.29041,1
hiperesferas_4d.csv,0.371884,0.0589104,-2.58482,1.3106,1
hiperesferas_4d.csv,0.362806,-0.510374,-0.0116187,0.365358,2
hiperesferas_4d.csv,-2.31873,-1.72932,0.623362,0.35348,1
hiperesferas_4d.csv,-0.276997,-0.49439,0.212554,0.605214,2
hiperesferas_4d.csv,-0.508736,-0.556588,-0.367201,-0.795766,2
hiperesferas_4d.csv,-2.35573,-0.366088,0.805923,-1.46234,1
hiperesferas_4d.csv,-0.706123,-1.99617,1.73143,0.781011,1
hiperesferas_4d.csv,-2.28905,1.72867,-0.0876853,-1.52182,1
hiperesferas_4d.csv,0.0255048,0.356034,2.93667,0.0191343,1
hiperesferas_4d.csv,1.08749,-2.39395,-1.05481,-1.18312,1
hiperesferas_4d.csv,1.28592,-2.82815,-0.313798,0.0716716,1
hiperesferas_4d.csv,1.60779,-0.973961,-1.8898,1.03561,1
hiperesferas_4d.csv,0.338044,-0.194188,0.900472,-0.478978,2
hiperesferas_4d.csv,0.0982806,0.440225,0.849129,0.45233,2
hiperesferas_4d.csv,0.66061,-0.566122,2.60939,1.4235,1
hiperesferas_4d.csv,2.66399,-1.46868,-0.383133,0.510722,1
hiperesferas_4d.csv,2.55949,1.15682,0.117672,0.857308,1
hiperesferas_4d.csv,1.27505,-0.852779,-2.31402,-1.02037,1
hiperesferas_4d.csv,0.912108,-0.359337,-1.28554,-2.40365,1
hiperesferas_4d.csv,0.709216,-0.0533305,-0.785576,-0.215176,2
hiperesferas_4d.csv,1.70367,2.33116,0.591737,-0.312091,1
hiperesferas_4d.csv,-0.396721,-0.483237,0.0277953,-0.759056,2
hiperesferas_4d.csv,-1.89597,-0.803536,-1.7183,-1.48658,1
hiperesferas_4d.csv,0.0494414,1.16316,0.63907,2.7806,1
hiperesferas_4d.csv,2.63766,0.952501,0.371763,0.238012,1
hiperesferas_4d.csv,-0.479812,-2.58118,-1.16758,0.283108,1
hiperesferas_4d.csv,-1.46947,-1.80751,1.91002,0.434158,1
hiperesferas_4d.csv,-0.465373,-0.886079,2.4988,-0.993106,1
hiperesferas_4d.csv,1.04436,2.72025,0.672556,-0.447669,1
hiperesferas_4d.csv,-0.0106199,0.251791,-0.820858,0.601016,2
hiperesferas_4d.csv,-0.79154,0.490633,0.401145,0.0465495,2
hiperesferas_4d.csv,1.12576,-1.3189,2.19772,-1.20499,1
hiperesferas_4d.csv,0.0412368,-0.213546,0.805838,0.376847,2
hiperesferas_4d.csv,-1.91179,-1.22396,1.73393,0.637874,1
hiperesferas_4d.csv,-0.962709,0.596311,1.82087,-2.16782,1
hiperesferas_4d.csv,-1.91311,-0.679456,1.13448,-1.72083,1
hiperesferas_4d.csv,0.040217,0.590986,0.697174,0.717408,2
hiperesferas_4d.csv,-2.8271,-0.946731,-0.150182,0.572617,1
hiperesferas_4d.csv,0.685019,1.49717,0.556336,2.5639,1
hiperesferas_4d.csv,0.190787,0.461931,0.855862,0.0144256,2
hiperesferas_4d.csv,0.768651,-0.645189,2.82374,-0.310841,1
hiperesferas_4d.csv,0.696037,-0.152833,0.453566,0.19422,2
hiperesferas_4d.csv,1.59623,0.487748,0.457427,-2.50688,1
hiperesferas_4d.csv,2.37394,-0.0629428,-1.68619,-0.290153,1
hiperesferas_4d.csv,-0.20389,0.543863,0.752186,-0.554432,2
hiperesferas_4d.csv,-0.733464,0.283566,0.555143,0.24959,2
hiperesferas_4d.csv,0.790425,0.381322,-0.0194629,0.123417,2
hiperesferas_4d.csv,2.01215,-1.97251,-1.37698,-0.114979,1
hiperesferas_4d.csv,1.35066,2.00247,-0.810007,-1.39642,1
hiperesferas_4d.csv,-1.02101,-2.35892,-0.28081,1.44466,1
hiperesferas_4d.csv,0.634154,-0.386278,0.400939,0.451228,2
hiperesferas_4d.csv,-0.687182,0.755981,0.395764,-0.475233,2
hiperesferas_4d.csv,-0.498499,-0.338567,0.695107,-0.252359,2
hiperesferas_4d.csv,-0.665001,-2.40665,0.785809,1.45576,1
hiperesferas_4d.csv,-1.38702,1.20825,2.29437,0.525658,1
hiperesferas_4d.csv,-2.18172,-0.211913,2.00492,-0.91033,1
hiperesferas_4d.csv,-0.764888,2.06791,1.74449,-0.915894,1
hiperesferas_4d.csv,-0.112242,-1.60858,1.02964,2.18143,1
hiperesferas_4d.csv,-1.62755,1.63561,1.64918,-1.06721,1
hiperesferas_4d.csv,0.712115,0.414709,1.39221,2.40808,1
hiperesferas_4d.csv,-2.05353,1.45793,1.39243,1.08557,1
hiperesferas_4d.csv,-0.0487042,0.636439,0.601187,0.63694,2
hiperesferas_4d.csv,-0.375399,-0.534849,-0.639296,0.298756,2
hiperesferas_4d.csv,2.51771,0.329183,1.31173,0.73415,1
hiperesferas_4d.csv,-0.659844,-1.20877,-2.73144,-0.91672,1
hiperesferas_4d.csv,-2.5546,0.93939,0.952999,0.206857,1
hiperesferas_4d.csv,-0.417016,0.424002,-0.735752,0.121217,2
hiperesferas_4d.csv,-1.94109,0.0754145,0.988465,-2.03347,1
hiperesferas_4d.csv,1.16746,0.24489,2.61298,0.716986,1
hiperesferas_4d.csv,0.464741,0.521974,0.515746,0.530603,2
hiperesferas_4d.csv,0.0633416,-0.15695,0.158806,0.874799,2
hiperesferas_4d.csv,-0.243301,0.0645616,-0.489352,-2.78621,1
hiperesferas_4d.csv,2.64745,0.820339,-1.10062,-0.143972,1
hiperesferas_4d.csv,-1.71841,0.733351,2.0707,1.06581,1
hiperesferas_4d.csv,-1.45644,-1.24336,2.30757,-0.761903,1
hiperesferas_4d.csv,-1.20946,-2.32677,-1.27633,-0.946459,1
hiperesferas_4d.csv,0.365358,-0.441141,0.363315,0.40542,2
hiperesferas_4d.csv,-0.758892,2.88951,-0.237336,0.201511,1
hiperesferas_4d.csv,-1.26018,-1.88043,1.22844,1.58703,1
hiperesferas_4d.csv,1.49546,0.735151,-0.202001,2.39605,1
hiperesferas_4d.csv,-1.14207,2.28393,0.408038,1.22272,1
hiperesferas_4d.csv,-1.4724,-0.894509,-2.21823,1.43201,1
hiperesferas_4d.csv,-0.0665463,1.30711,2.13218,1.80306,1
hiperesferas_4d.csv,0.269008,-0.934296,0.490584,-0.235498,2
hiperesferas_4d.csv,2.30372,2.03776,0.621774,0.327016,1
hiperesferas_4d.csv,2.65941,-1.24496,0.0717588,-0.938989,1
hiperesferas_4d.csv,0.337887,-0.468532,-0.604839,-0.0879629,2
hiperesferas_4d.csv,2.2013,2.02359,0.315811,-0.690392,1
hiperesferas_4d.csv,-0.248642,2.66544,-0.274175,1.19793,1
hiperesferas_4d.csv,2.88438,-0.0653364,-0.352797,0.31549,1
hiperesferas_4d.csv,-1.94719,1.5068,-0.566946,1.78914,1
hiperesferas_4d.csv,1.05441,2.67048,-0.234498,0.8676,1
hiperesferas_4d.csv,0.245102,-0.53865,2.84813,0.459688,1
hiperesferas_4d.csv,-0.55053,0.733984,-2.61812,-0.834866,1
hiperesferas_4d.csv,2.69252,-0.55375,0.331595,-0.950433,1
hiperesferas_4d.csv,-0.555018,1.14396,-0.257036,2.72932,1
hiperesferas_4d.csv,1.42202,1.22669,-1.25091,-2.20136,1
hiperesferas_4d.csv,-0.644466,-0.450208,-0.401262,-0.436677,2
hiperesferas_4d.csv,-2.06699,0.575014,1.86575,-1.56041,1
hiperesferas_4d.csv,-1.21836,0.818717,-1.68681,2.08044,1
hiperesferas_4d.csv,-0.415101,-0.471803,-2.83132,-0.992572,1
hiperesferas_4d.csv,0.571813,-0.376041,0.513577,-0.731291,2
hiperesferas_4d.csv,0.410839,2.69718,0.24191,-1.21978,1
hiperesferas_4d.csv,0.545084,-0.446462,0.658543,-0.0293916,2
hiperesferas_4d.csv,-2.96914,0.0203737,0.0107505,0.820684,1
hiperesferas_4d.csv,0.606301,0.386526,0.116352,-0.49338,2
hiperesferas_4d.csv,-1.44178,0.00929191,2.59575,0.122151,1
hiperesferas_4d.csv,-1.34454,2.24026,-1.22866,0.854806,1
hiperesferas_4d.csv,2.20856,0.259054,-0.130428,-1.98757,1
hiperesferas_4d.csv,-2.09139,1.20102,-1.37746,0.916357,1
hiperesferas_4d.csv,-0.0695746,0.496895,2.02175,1.92337,1
hiperesferas_4d.csv,-0.720084,0.346686,0.339963,-0.314711,2
hiperesferas_4d.csv,0.715117,-2.36291,-1.37984,0.536246,1
hiperesferas_4d.csv,0.147737,-1.90357,-0.121449,2.35416,1
hiperesferas_4d.csv,-0.373172,0.877188,-0.115287,-0.21197,2
hiperesferas_4d.csv,0.714062,0.199038,1.39741,-2.45936,1
hiperesferas_4d.csv,-0.0790141,1.75794,-0.349135,-2.30542,1
hiperesferas_4d.csv,1.40399,0.0636353,-1.84382,1.93949,1
hiperesferas_4d.csv,-0.818971,-2.47849,-0.179904,-1.30848,1
hiperesferas_4d.csv,-2.04337,1.10904,1.15657,1.20034,1
hiperesferas_4d.csv,-0.294867,-0.0578207,-0.421174,0.802325,2
hiperesferas_4d.csv,2.3815,-1.5106,0.650198,0.621545,1
hiperesferas_4d.csv,-0.381377,1.39997,1.99289,-1.65508,1
hiperesferas_4d.csv,-0.230126,-0.40459,0.891282,-0.580459,2
hiperesferas_4d.csv,-0.0918252,0.879798,0.291029,0.162075,2
hiperesferas_4d.csv,-2.26897,0.812565,1.35319,-0.920249,1
hiperesferas_4d.csv,1.20218,1.1415,-2.28046,0.550149,1
hiperesferas_4d.csv,0.390028,-0.162023,0.532292,0.815162,2
hiperesferas_4d.csv,2.06935,0.691051,0.340743,-2.16135,1
hiperesferas_4d.csv,0.728925,-1.65663,0.750767,2.33865,1
hiperesferas_4d.csv,-0.830734,2.31223,1.72175,-0.368536,1
hiperesferas_4d.csv,2.28807,1.31038,1.12935,-1.15578,1
hiperesferas_4d.csv,0.138439,0.68447,-0.738156,-0.00955234,2
hiperesferas_4d.csv,2.3784,1.4894,-0.753833,0.804237,1
hiperesferas_4d.csv,-1.08866,1.55845,0.0460977,-2.21381,1
hiperesferas_4d.csv,-1.80234,1.26805,-0.183686,-2.17444,1
hiperesferas_4d.csv,-0.109211,0.0139839,0.487687,0.706139,2
hiperesferas_4d.csv,1.22027,0.279401,2.7808,0.282768,1
hiperesferas_4d.csv,-1.49935,1.25096,-1.68097,-1.73577,1
hiperesferas_4d.csv,-0.0651303,1.75854,-1.45973,1.90299,1
hiperesferas_4d.csv,0.367706,-0.95338,-0.103168,0.301713,2
hiperesferas_4d.csv,-0.773555,0.304443,-0.417918,-0.510427,2
hiperesferas_4d.csv,0.594674,0.295888,0.783988,0.48784,2
hiperesferas_4d.csv,0.262938,-2.35322,0.0384052,-1.92831,1
hiperesferas_4d.csv,-1.84146,-1.0682,1.94063,-0.222261,1
hiperesferas_4d.csv,0.653079,0.58542,-0.751096,-0.038058,2
hiperesferas_4d.csv,0.750192,-0.0810212,-0.098573,-0.394857,2
hiperesferas_4d.csv,-0.321426,2.99814,-0.484753,0.40349,1
hiperesferas_4d.csv,-0.684889,0.0578386,-0.346036,0.379824,2
hiperesferas_4d.csv,0.539882,1.28767,-1.74044,-2.13301,1
hiperesferas_4d.csv,-0.0899734,-0.0740531,0.630273,0.731072,2
hiperesferas_4d.csv,-0.786198,-0.212055,0.237932,0.535404,2
hiperesferas_4d.csv,1.91812,-0.606207,1.03144,2.01572,1
hiperesferas_4d.csv,0.00502019,0.338755,0.414664,-0.804363,2
hiperesferas_4d.csv,1.85003,-1.76809,1.31345,-0.896351,1
hiperesferas_4d.csv,-0.338404,-2.63406,0.819772,0.925689,1
hiperesferas_4d.csv,-0.18683,-0.214662,0.90939,-0.115095,2
hiperesferas_4d.csv,-1.23933,-0.336187,2.62005,0.97439,1
hiperesferas_4d.csv,-0.240922,-0.206405,-0.371848,0.708717,2
hiperesferas_4d.csv,-0.158463,-2.58564,1.28674,0.283076,1
hiperesferas_4d.csv,-1.32132,-2.58708,-0.0605906,-0.915747,1
hiperesferas_4d.csv,0.850076,0.951709,1.25407,-2.2336,1
hiperesferas_4d.csv,-0.750348,1.03852,-2.65382,-0.874627,1
hiperesferas_4d.csv,0.372741,0.275551,-0.826359,0.616775,2
hiperesferas_4d.csv,1.99684,0.980261,1.95449,-1.02999,1
hiperesferas_4d.csv,0.594488,2.73225,-1.3262,-0.59881,1
hiperesferas_4d.csv,-1.0041,-0.547165,-0.0999528,0.221776,2
hiperesferas_4d.csv,-2.12406,-1.833,0.441757,-0.613879,1
hiperesferas_4d.csv,0.587296,0.257171,0.49425,0.612012,2
hiperesferas_4d.csv,0.847361,0.355826,0.251421,0.15826,2
hiperesferas_4d.csv,-1.49045,-0.686109,-1.68095,-2.03873,1
hiperesferas_4d.csv,0.52416,0.872204,-0.128121,-0.379701,2
hiperesferas_4d.csv,0.104776,0.599299,-0.847931,0.210835,2
hiperesferas_4d.csv,0.351205,-1.73782,-2.118,-1.42651,1
hiperesferas_4d.csv,-0.505953,2.95778,-0.0860002,0.243676,1
hiperesferas_4d.csv,-1.13428,-1.59465,1.53959,-1.45174,1
hiperesferas_4d.csv,0.167588,0.397008,0.677917,-0.777096,2
hiperesferas_4d.csv,-0.8831,0.217126,0.169497,-0.0189354,2
hiperesferas_4d.csv,0.43953,0.362975,-0.586342,0.551776,2
hiperesferas_4d.csv,-0.154912,-0.501226,0.84723,0.66052,2
hiperesferas_4d.csv,2.14334,2.19978,0.0679026,0.0724989,1
hiperesferas_4d.csv,-0.100809,0.679563,-0.420877,-0.136264,2
hiperesferas_4d.csv,-1.1408,1.1531,-2.0101,1.6462,1
hiperesferas_4d.csv,0.58353,-0.4041,-0.664581,-0.333885,2
hiperesferas_4d.csv,0.782573,-2.17024,1.92487,-0.0215367,1
hiperesferas_4d.csv,2.04991,0.373149,2.02389,0.759048,1
hiperesferas_4d.csv,-0.186526,0.0237037,2.38184,1.89513,1
hiperesferas_4d.csv,-0.543167,0.243219,0.795369,0.0145073,2
hiperesferas_4d.csv,-2.40788,-1.23783,1.08933,-1.04513,1
hiperesferas_4d.csv,-0.589539,0.129948,-2.91267,0.926025,1
hiperesferas_4d.csv,-0.809727,0.927312,0.355764,2.81126,1
hiperesferas_4d.csv,-0.333357,1.53636,-0.139932,-2.71456,1
hiperesferas_4d.csv,2.47649,-1.10306,-0.918613,0.438988,1
hiperesferas_4d.csv,1.12364,-2.38621,-0.672852,0.666592,1
hiperesferas_4d.csv,0.813353,0.352132,-1.14038,2.69938,1
hiperesferas_4d.csv,0.386314,-0.493965,-0.449102,-0.482614,2
hiperesferas_4d.csv,2.26209,-1.00496,0.717495,-1.50383,1
hiperesferas_4d.csv,-0.492922,0.738854,-0.176886,-0.410533,2
hiperesferas_4d.csv,2.1458,-0.741482,1.15594,1.56659,1
hiperesferas_4d.csv,-0.669412,-2.64871,-1.37924,0.132053,1
hiperesferas_4d.csv,0.198522,-0.344955,0.218291,0.977965,2
hiperesferas_4d.csv,0.0755609,-0.998385,-1.27862,2.40164,1
hiperesferas_4d.csv,-0.773103,0.127846,-0.33925,-0.230958,2
hiperesferas_4d.csv,-0.626301,-0.092328,2.76489,0.474809,1
hiperesferas_4d.csv,1.24414,-2.03907,1.12809,0.829899,1
hiperesferas_4d.csv,-0.115269,-1.15401,0.348365,2.76438,1
hiperesferas_4d.csv,0.727687,-0.120348,0.378636,-0.431711,2
hiperesferas_4d.csv,1.29378,-0.599725,-1.2522,-2.28159,1
hiperesferas_4d.csv,-1.36563,1.25646,0.169378,2.54833,1
hiperesferas_4d.csv,-1.87357,2.23146,0.0977045,-0.0609447,1
hiperesferas_4d.csv,1.16585,-1.71783,1.91838,-0.768423,1
hiperesferas_4d.csv,1.57783,-0.781425,-0.191207,2.51188,1
hiperesferas_4d.csv,-0.0419639,-0.522568,-0.658774,-0.502921,2
hiperesferas_4d.csv,-0.748309,-0.605594,0.189037,-0.12148,2
hiperesferas_4d.csv,-0.94595,-0.11699,0.352141,-0.387141,2
hiperesferas_4d.csv,-1.94077,-0.285096,-0.809186,-1.8909,1
hiperesferas_4d.csv,-1.45715,-2.17144,-0.956217,0.913531,1
hiperesferas_4d.csv,1.33089,0.997323,0.0749322,2.66557,1
hiperesferas_4d.csv,0.693225,0.931917,-0.386123,0.0354512,2
hiperesferas_4d.csv,1.89124,1.95364,-0.050964,1.24232,1
hiperesferas_4d.csv,-0.124594,0.73238,-0.520998,0.406719,2
hiperesferas_4d.csv,-0.763207,-0.0586505,0.269462,0.693676,2
hiperesferas_4d.csv,0.727805,0.0158201,-0.00114171,0.727513,2
hiperesferas_4d.csv,0.721622,-0.275769,-0.358504,0.563675,2
hiperesferas_4d.csv,1.54008,-0.760222,0.969676,2.56931,1
hiperesferas_4d.csv,-0.420109,-0.502259,-0.0219347,-0.821734,2
hiperesferas_4d.csv,0.24357,-0.568868,-0.695757,-0.0509751,2
hiperesferas_4d.csv,-0.531673,-0.095411,-0.402952,-0.784449,2
hiperesferas_4d.csv,1.22973,-0.91952,-2.4024,-1.22602,1
hiperesferas_4d.csv,-0.205461,0.831395,-0.440266,-0.278634,2
hiperesferas_4d.csv,1.50846,2.46889,-0.136314,-0.524458,1
hiperesferas_4d.csv,0.312992,-0.441,-0.569977,-0.222384,2
hiperesferas_4d.csv,0.899763,0.366123,-0.0349851,-0.40565,2
hiperesferas_4d.csv,2.42994,-1.61741,-1.03187,-0.352962,1
hiperesferas_4d.csv,1.92639,-1.36655,-1.95931,0.895397,1
hiperesferas_4d.csv,0.93461,-2.07215,0.645878,1.75458,1
hiperesferas_4d.csv,-0.652367,-1.97505,0.400198,-2.17036,1
hiperesferas_4d.csv,0.190442,0.143731,0.736301,0.410315,2
hiperesferas_4d.csv,-0.941046,-1.90123,-0.925197,1.76916,1
hiperesferas_4d.csv,-0.326666,2.90708,0.506787,-0.1563,1
hiperesferas_4d.csv,0.753459,1.37454,-1.35976,-2.01128,1
hiperesferas_4d.csv,-0.790882,1.96461,-0.47161,2.31111,1
hiperesferas_4d.csv,2.04867,1.42643,-0.44461,1.5326,1
hiperesferas_4d.csv,0.982016,-2.017,1.28616,1.61974,1
hiperesferas_4d.csv,0.297085,0.645966,-2.85665,0.133882,1
hiperesferas_4d.csv,-1.0325,0.790627,-2.61415,0.473883,1
hiperesferas_4d.csv,-1.59293,1.23371,-2.29378,-0.305391,1
hiperesferas_4d.csv,-0.543492,-0.0786193,0.206277,0.862949,2
hiperesferas_4d.csv,0.861346,2.56314,-0.787898,-1.10191,1
hiperesferas_4d.csv,0.928867,1.98844,-0.944903,-2.05577,1
hiperesferas_4d.csv,-0.119488,-0.635115,0.237847,0.564171,2
hiperesferas_4d.csv,0.118222,-0.331505,-0.859015,0.37199,2
hiperesferas_4d.csv,-2.00493,-0.854822,0.39842,2.06165,1
hiperesferas_4d.csv,-0.0668801,-0.215293,-2.2346,-2.06735,1
hiperesferas_4d.csv,-0.156948,0.402534,-0.91927,0.336853,2
hiperesferas_4d.csv,-0.319386,-0.928032,0.366061,0.430479,2
hiperesferas_4d.csv,-0.717262,-0.0424286,0.651983,-0.139977,2
hiperesferas_4d.csv,1.08905,-2.39326,-1.94081,-0.344057,1
hiperesferas_4d.csv,-1.04355,1.86568,1.03794,-1.8885,1
hiperesferas_4d.csv,-0.820606,-0.216664,2.31324,-1.48548,1
hiperesferas_4d.csv,0.753253,0.591226,-2.66973,-0.628083,1
hiperesferas_4d.csv,0.669535,-0.233632,-2.46649,1.56139,1
hiperesferas_4d.csv,0.718908,0.196392,0.217449,-0.763437,2
hiperesferas_4d.csv,-0.711326,0.732791,-0.139654,-0.600236,2
hiperesferas_4d.csv,0.482132,0.552871,0.69174,-0.212702,2
hiperesferas_4d.csv,0.430145,0.142268,0.302128,-0.844515,2
hiperesferas_4d.csv,-1.77877,0.649599,2.33009,-0.588268,1
hiperesferas_4d.csv,-0.764902,-0.0526733,-0.52162,-0.346869,2
hiperesferas_4d.csv,0.125751,1.09484,0.0091101,0.253247,2
hiperesferas_4d.csv,0.0626591,-1.38976,0.408812,2.59029,1
hiperesferas_4d.csv,1.32768,-1.33141,-0.345043,2.28005,1
hiperesferas_4d.csv,-0.292524,1.69756,0.609264,2.43717,1
hiperesferas_4d.csv,1.07391,2.74905,-0.444265,-0.282102,1
hiperesferas_4d.csv,-0.56905,0.597719,0.0636079,0.264983,2
hiperesferas_4d.csv,0.143285,-0.513046,0.626901,-0.645487,2
hiperesferas_4d.csv,1.21891,0.794198,-1.80725,1.99927,1
hiperesferas_4d.csv,-2.20544,1.55814,0.895958,-1.11921,1
hiperesferas_4d.csv,1.31187,-2.57828,0.0651488,-0.865443,1
hiperesferas_4d.csv,1.95219,-1.32375,1.52993,1.26644,1
hiperesferas_4d.csv,-0.609413,-0.742416,-0.219308,-0.272856,2
hiperesferas_4d.csv,0.730795,-0.577856,-0.259296,0.0559543,2
hiperesferas_4d.csv,-1.22791,2.6067,-0.124381,0.985251,1
hiperesferas_4d.csv,-2.086,-0.816901,-0.0361139,-2.19018,1
hiperesferas_4d.csv,-0.785813,-0.101451,-0.525028,-0.453271,2
hiperesferas_4d.csv,1.00045,-2.5869,0.641937,0.624809,1
hiperesferas_4d.csv,-2.40043,1.33493,1.21364,0.480062,1
hiperesferas_4d.csv,-2.61673,-0.205693,-0.144233,-1.302,1
hiperesferas_4d.csv,-0.518794,-0.031232,-0.780215,0.153076,2
hiperesferas_4d.csv,-2.57719,0.57116,-1.53611,0.726557,1
hiperesferas_4d.csv,2.6658,-0.557979,-0.930221,0.0448804,1
hiperesferas_4d.csv,-0.606224,-2.30767,-1.89474,-0.107106,1
hiperesferas_4d.csv,-0.0626169,0.232575,-0.884646,0.478932,2
hiperesferas_4d.csv,-0.390725,-0.90025,0.295478,-0.397264,2
hiperesferas_4d.csv,-0.409457,1.17585,-2.59999,0.783697,1
hiperesferas_4d.csv,0.122381,-0.125917,0.752603,-0.730077,2
hiperesferas_4d.csv,-0.327249,-0.634791,-0.563748,0.458748,2
hiperesferas_4d.csv,0.326449,-0.138171,-0.689318,0.533108,2
hiperesferas_4d.csv,1.76591,-1.40229,-1.79069,-1.16565,1
hiperesferas_4d.csv,0.829716,2.61762,1.10562,-1.12859,1
hiperesferas_4d.csv,-0.364058,-2.11828,1.68327,-0.824402,1
hiperesferas_4d.csv,0.683055,-2.55436,-0.753678,0.842437,1
hiperesferas_4d.csv,-2.03912,0.768308,2.02236,0.803393,1
hiperesferas_4d.csv,-2.971,-0.38939,-0.822756,-0.197206,1
hiperesferas_4d.csv,0.227613,1.98249,1.52919,-1.52447,1
hiperesferas_4d.csv,0.77773,-0.737,-2.84988,0.567457,1
hiperesferas_4d.csv,-1.58779,-2.35534,-0.62135,-0.688413,1
hiperesferas_4d.csv,-0.339608,-2.57755,-0.781579,1.06117,1
hiperesferas_4d.csv,1.73543,1.15379,1.26548,2.06523,1
hiperesferas_4d.csv,0.0560121,1.01608,0.120129,0.326478,2
hiperesferas_4d.csv,1.49615,-2.37059,-0.922521,-0.752514,1
hiperesferas_4d.csv,-2.02654,1.63329,-1.13799,0.986008,1
hiperesferas_4d.csv,-0.261688,-0.439555,0.528592,0.521554,2
hiperesferas_4d.csv,3.0762,0.407147,-0.182519,-0.198749,1
hiperesferas_4d.csv,1.7177,-0.377161,-2.25414,0.360721,1
hiperesferas_4d.csv,-1.94069,0.678829,-2.19472,0.283193,1
hiperesferas_4d.csv,0.777606,-0.00998481,0.41234,0.342772,2
hiperesferas_4d.csv,-0.955823,-0.296831,-1.30359,-2.37722,1
hiperesferas_4d.csv,1.75525,-1.24498,1.06259,1.61034,1
hiperesferas_4d.csv,-0.443112,1.16324,2.69923,0.156368,1
hiperesferas_4d.csv,0.231643,-0.269002,-0.932286,0.416988,2
hiperesferas_4d.csv,-0.0765757,0.42339,0.304707,-2.89793,1
hiperesferas_4d.csv,0.37297,-0.40718,0.698823,0.579355,2
hiperesferas_4d.csv,0.628096,0.850034,-2.89744,-0.439965,1
hiperesferas_4d.csv,-0.743204,-0.0574636,0.246865,-0.12721,2
hiperesferas_4d.csv,1.48998,1.62427,-1.52707,1.20515,1
hiperesferas_4d.csv,-0.518743,0.357258,0.620792,-0.75817,2
hiperesferas_4d.csv,0.126463,0.626443,-2.67538,1.4768,1
hiperesferas_4d.csv,2.08201,1.76857,-1.92382,-0.181812,1
hiperesferas_4d.csv,-0.368292,1.57235,-2.22049,0.999517,1
hiperesferas_4d.csv,-2.22082,-0.330549,-0.80484,-2.1302,1
hiperesferas_4d.csv,-1.61236,2.32443,0.374746,0.422505,1
hiperesferas_4d.csv,-2.38982,-0.54445,0.394553,-1.68532,1
hiperesferas_4d.csv,-0.753593,-0.318929,-0.955232,-2.81426,1
hiperesferas_4d.csv,0.327986,-0.772699,0.146292,-0.0817429,2
hiperesferas_4d.csv,-1.33571,-2.28196,-0.177003,0.962402,1
hiperesferas_4d.csv,-1.82251,-2.25864,0.192923,0.521833,1
hiperesferas_4d.csv,-0.173645,0.842109,0.269517,-0.104956,2
hiperesferas_4d.csv,-1.22626,1.58349,-2.1736,-0.230749,1
hiperesferas_4d.csv,1.58327,1.63708,0.931598,-1.38749,1
hiperesferas_4d.csv,0.132131,-0.483557,0.463722,-0.791388,2
hiperesferas_4d.csv,2.66513,-0.326589,1.62406,-0.294742,1
hiperesferas_4d.csv,-0.290342,0.18494,-3.02892,-0.262502,1
hiperesferas_4d.csv,-2.99821,0.16324,0.0463146,0.162593,1
hiperesferas_4d.csv,-2.28785,-0.253993,-1.89821,1.14203,1
hiperesferas_4d.csv,-0.390737,-2.56476,1.23741,-0.907561,1
hiperesferas_4d.csv,-0.223793,-0.44959,0.837685,-0.0170134,2
hiperesferas_4d.csv,1.64671,1.72626,0.369449,-1.83984,1
hiperesferas_4d.csv,1.19639,0.727732,-2.59372,-0.549044,1
hiperesferas_4d.csv,-1.36994,0.479839,2.53828,1.00676,1
hiperesferas_4d.csv,2.75061,0.992088,-0.553088,-0.418132,1
hiperesferas_4d.csv,-0.712913,-0.128445,2.99891,0.19088,1
hiperesferas_4d.csv,1.64307,-0.848191,-2.43722,-0.0262639,1
hiperesferas_4d.csv,0.00344064,-0.872284,0.0382159,0.192356,2
hiperesferas_4d.csv,-0.149825,-0.272035,0.231774,0.829254,2
hiperesferas_4d.csv,0.0346838,-1.87096,-1.40147,-2.12704,1
hiperesferas_4d.csv,-1.04757,-0.521638,-0.488592,2.61472,1
hiperesferas_4d.csv,-0.197941,-0.593988,0.488405,0.648687,2
hiperesferas_4d.csv,-0.251073,0.460356,0.402546,-0.643128,2
hiperesferas_4d.csv,-0.842521,2.46235,-1.36042,0.49312,1
hiperesferas_4d.csv,-0.285754,-0.190714,1.05381,0.294626,2
hiperesferas_4d.csv,0.106026,1.80025,-1.2307,-2.08883,1
hiperesferas_4d.csv,-0.408715,1.91993,-0.521956,-2.32318,1
hiperesferas_4d.csv,-1.27995,0.1418,0.0104574,2.88816,1
hiperesferas_4d.csv,-0.465322,0.468427,2.10748,-1.99402,1
hiperesferas_4d.csv,1.36736,-2.44134,0.820743,-0.712311,1
hiperesferas_4d.csv,1.35079,2.31364,-1.22892,0.963376,1
hiperesferas_4d.csv,0.346202,1.18991,-2.25225,-1.25423,1
hiperesferas_4d.csv,0.707828,0.599577,0.0492512,-0.502771,2
hiperesferas_4d.csv,1.67657,-1.38051,-2.03781,-0.988316,1
hiperesferas_4d.csv,-0.193972,1.8459,-0.607302,-2.33337,1
hiperesferas_4d.csv,0.902365,2.35334,-1.3551,0.396075,1
hiperesferas_4d.csv,-0.295328,0.894423,-0.554567,2.65094,1
hiperesferas_4d.csv,-0.857168,2.0802,-1.58568,1.09815,1
hiperesferas_4d.csv,0.894535,0.370755,-0.417424,-0.0198677,2
hiperesferas_4d.csv,-0.399642,-0.902398,0.302019,0.413599,2
hiperesferas_4d.csv,1.34891,2.37318,-0.419224,-0.927265,1
hiperesferas_4d.csv,-0.284251,-0.392303,0.262739,0.439178,2
hiperesferas_4d.csv,-2.80725,0.36494,-0.851793,0.671966,1
hiperesferas_4d.csv,-0.779813,-0.110967,0.440682,-0.496559,2
hiperesferas_4d.csv,-0.723737,0.394212,0.211219,0.645963,2
hiperesferas_4d.csv,-1.62393,-0.302058,2.36161,-0.370428,1
hiperesferas_4d.csv,1.06815,-1.68588,1.28439,1.78386,1
hiperesferas_4d.csv,-1.03338,0.709871,0.0883053,2.67894,1
hiperesferas_4d.csv,-0.407391,1.204,1.50698,-2.21979,1
hiperesferas_4d.csv,-0.393201,0.0813,0.029024,0.656661,2
hiperesferas_4d.csv,0.818841,-0.285574,0.161651,0.317889,2
hiperesferas_4d.csv,0.709749,-1.59507,-2.42026,-0.927389,1
hiperesferas_4d.csv,0.841112,-0.125295,-0.41321,-0.260906,2
hiperesferas_4d.csv,-1.57022,-0.426877,-2.45159,0.142666,1
hiperesferas_4d.csv,-0.501754,-0.0419064,0.0278812,-1.00471,2
hiperesferas_4d.csv,-0.55639,2.66306,-0.244547,-0.828704,1
hiperesferas_4d.csv,-0.538809,-0.219511,-0.722947,0.33173,2
hiperesferas_4d.csv,0.862938,-2.19913,1.31795,-0.893073,1
hiperesferas_4d.csv,-0.748845,0.139648,2.31155,1.57644,1
hiperesferas_4d.csv,-0.00899677,-2.65309,-0.319123,-1.64638,1
hiperesferas_4d.csv,-0.261181,-0.029198,-0.244659,0.90529,2
hiperesferas_4d.csv,0.579602,0.064432,0.644954,-0.711003,2
hiperesferas_4d.csv,0.875659,-0.121428,0.00401942,0.410479,2
hiperesferas_4d.csv,0.588915,-0.387619,0.462173,-0.40263,2
hiperesferas_4d.csv,2.93881,0.609222,0.287028,0.456817,1
hiperesferas_4d.csv,0.349345,2.61016,-1.26737,-0.794167,1
hiperesferas_4d.csv,1.88489,-2.23532,0.84192,0.521459,1
hiperesferas_4d.csv,1.97576,0.741355,-2.08022,-0.398079,1
hiperesferas_4d.csv,1.61479,0.130861,1.7952,1.8751,1
hiperesferas_4d.csv,0.266502,-2.6714,-0.999577,-0.225846,1
hiperesferas_4d.csv,0.369612,-0.437983,0.655081,0.190407,2
hiperesferas_4d.csv,0.417829,0.807817,0.161287,0.306282,2
hiperesferas_4d.csv,0.0640846,1.70717,-1.06979,2.26391,1
hiperesferas_4d.csv,2.7872,0.389521,0.086408,0.696436,1
hiperesferas_4d.csv,-1.17138,0.285151,-2.50433,1.21,1
hiperesferas_4d.csv,0.568029,0.471381,-0.276707,-0.451282,2
hiperesferas_4d.csv,-1.03727,-0.21966,1.97857,-1.82043,1
hiperesferas_4d.csv,-0.163542,0.358158,-3.03516,0.278507,1
hiperesferas_4d.csv,0.500057,0.293649,-0.444665,0.736813,2
hiperesferas_4d.csv,0.798782,0.474471,0.207852,-0.510939,2
hiperesferas_4d.csv,-0.416466,-0.613426,0.48628,-0.622387,2
hiperesferas_4d.csv,-0.972831,-0.343457,1.36773,2.42011,1
hiperesferas_4d.csv,-1.33055,0.814336,0.473285,-2.57627,1
hiperesferas_4d.csv,0.65986,0.443695,-0.643214,-0.164405,2
hiperesferas_4d.csv,0.840749,1.05162,-2.66414,-1.11863,1
hiperesferas_4d.csv,0.833763,-1.25619,-1.57576,-2.26236,1
hiperesferas_4d.csv,0.48586,0.0917737,-0.291243,0.805186,2
hiperesferas_4d.csv,0.204525,0.555323,-0.204377,0.747907,2
hiperesferas_4d.csv,0.0456634,0.202058,1.40016,-2.7871,1
hiperesferas_4d.csv,-0.832787,-1.48205,-2.24261,-0.875382,1
hiperesferas_4d.csv,-2.66261,-1.18648,0.299157,-0.49867,1
hiperesferas_4d.csv,0.495753,0.738204,-0.199737,0.817464,2
hiperesferas_4d.csv,0.170471,2.04056,1.7391,-1.45132,1
hiperesferas_4d.csv,-2.83243,0.128145,-0.0981712,0.376125,1
hiperesferas_4d.csv,-0.209017,0.74579,-2.01595,-2.01497,1
hiperesferas_4d.csv,-0.652654,-2.06986,1.99957,0.768925,1
hiperesferas_4d.csv,0.522119,-2.75919,0.178208,1.51613,1
hiperesferas_4d.csv,-1.63657,-1.01892,2.55594,-0.512447,1
hiperesferas_4d.csv,-0.468939,0.336582,-2.99686,-0.217386,1
hiperesferas_4d.csv,-1.50954,-1.51704,0.649426,1.95732,1
hiperesferas_4d.csv,0.0831841,-0.219187,-0.894156,0.149281,2
hiperesferas_4d.csv,0.962253,0.0308831,0.138723,0.351585,2
hiperesferas_4d.csv,1.8473,0.589712,0.949998,2.16227,1
hiperesferas_4d.csv,-1.47359,1.24089,-1.53407,1.52697,1
hiperesferas_4d.csv,-1.21999,0.708724,-1.4795,-2.29455,1
hiperesferas_4d.csv,-0.944834,0.822392,-2.61058,-1.15118,1
hiperesferas_4d.csv,-1.69305,0.48002,-2.31734,0.448245,1
hiperesferas_4d.csv,-0.986621,-0.244476,-2.4309,-1.22377,1
hiperesferas_4d.csv,-0.39606,-1.03349,0.132415,-0.634692,2
hiperesferas_4d.csv,1.32961,1.01038,-1.18806,-2.25139,1
hiperesferas_4d.csv,0.690283,-1.60025,0.709977,-2.42195,1
hiperesferas_4d.csv,2.83632,1.07329,0.489772,0.150953,1
hiperesferas_4d.csv,-1.10527,1.66633,-0.731035,-2.08495,1
hiperesferas_4d.csv,-0.524383,-0.579417,-0.141381,0.496398,2
hiperesferas_4d.csv,0.180772,-1.75123,-1.86782,-1.17834,1
hiperesferas_4d.csv,0.93777,-0.362956,-0.29848,0.122651,2
hiperesferas_4d.csv,-0.695227,0.474957,-0.112169,0.62576,2
hiperesferas_4d.csv,-0.168119,0.761098,0.123295,0.765208,2
hiperesferas_4d.csv,0.406783,-0.352268,-0.596833,0.491228,2
hiperesferas_4d.csv,-1.85453,0.900271,-0.337415,-2.33229,1
hiperesferas_4d.csv,-0.990239,-2.66754,0.158543,0.870945,1
hiperesferas_4d.csv,-0.432502,0.601801,-0.324952,0.672327,2
hiperesferas_4d.csv,0.114876,-0.0839027,1.01182,0.39593,2
hiperesferas_4d.csv,1.96723,0.991547,-1.61371,1.10438,1
hiperesferas_4d.csv,-0.636257,-2.46952,-1.77462,0.0280171,1
hiperesferas_4d.csv,0.802963,0.439411,-0.293341,0.154197,2
hiperesferas_4d.csv,1.78022,-1.45338,1.67705,0.982854,1
hiperesferas_4d.csv,0.915524,2.46848,-0.848239,-1.31645,1
hiperesferas_4d.csv,1.91219,0.134461,-2.18718,-0.572279,1
hiperesferas_4d.csv,-0.753859,-0.297249,0.640357,0.393894,2
hiperesferas_4d.csv,1.20859,2.56329,0.486035,-0.748249,1
hiperesferas_4d.csv,2.48893,0.562169,1.2072,-0.550981,1
hiperesferas_4d.csv,0.516442,-0.678016,0.326803,-0.00299568,2
hiperesferas_4d.csv,0.252109,-1.57181,0.913062,2.50683,1
hiperesferas_4d.csv,-1.24597,1.93435,-1.80699,1.23094,1
hiperesferas_4d.csv,2.33514,0.714927,1.76732,-0.00558795,1
hiperesferas_4d.csv,-2.63443,-1.45298,-0.128036,0.467928,1
hiperesferas_4d.csv,0.294612,0.436513,0.714173,-0.552623,2
hiperesferas_4d.csv,-2.42562,1.52714,-0.794686,0.250749,1
hiperesferas_4d.csv,-1.35706,-1.96314,1.48486,1.11057,1
hiperesferas_4d.csv,-0.487109,0.210584,-0.282944,-0.459254,2
hiperesferas_4d.csv,0.535359,-0.942134,0.63094,2.75508,1
hiperesferas_4d.csv,-0.722887,-0.183905,-0.0717538,0.730874,2
hiperesferas_4d.csv,0.297535,2.3661,1.66009,0.658869,1
hiperesferas_4d.csv,-0.730514,-0.0276383,1.20962,2.61901,1
hiperesferas_4d.csv,-0.188569,-0.909117,-0.00251501,-0.544052,2
hiperesferas_4d.csv,1.18525,1.10291,1.99277,1.5462,1
hiperesferas_4d.csv,0.0154419,0.285089,0.951724,0.431259,2
hiperesferas_4d.csv,1.25274,2.78968,0.0847638,-0.150789,1
hiperesferas_4d.csv,0.318999,-0.161636,2.49808,1.40127,1
hiperesferas_4d.csv,0.675695,0.845042,0.00817698,-0.0822499,2
hiperesferas_4d.csv,-0.466626,1.07333,2.25366,1.41469,1
hiperesferas_4d.csv,-1.31151,-0.420253,-0.443299,-2.42604,1
hiperesferas_4d.csv,0.49512,0.481667,1.07136,-2.72077,1
hiperesferas_4d.csv,0.169947,0.512426,0.767697,0.548788,2
hiperesferas_4d.csv,-0.298767,-1.71833,-1.03332,2.08652,1
hiperesferas_4d.csv,1.39644,2.67526,-0.229677,-0.918451,1
hiperesferas_4d.csv,2.65561,1.02025,0.480601,-0.831504,1
hiperesferas_4d.csv,-0.485232,-3.07482,0.711133,-0.0779594,1
hiperesferas_4d.csv,0.427837,-0.0434921,0.822961,0.605702,2
hiperesferas_4d.csv,0.534951,0.711667,-0.241704,0.271542,2
hiperesferas_4d.csv,-0.23961,-0.816293,-1.86721,2.2581,1
hiperesferas_4d.csv,0.319754,2.26531,1.65708,-1.19127,1
hiperesferas_4d.csv,0.978672,-2.80533,0.426666,-0.212223,1
hiperesferas_4d.csv,1.46873,-2.17064,-0.984886,-0.921409,1
hiperesferas_4d.csv,1.11214,2.51346,1.15678,-0.468939,1
hiperesferas_4d.csv,0.484424,2.32849,-1.29248,-1.04419,1
hiperesferas_4d.csv,2.08217,1.16534,0.837061,-1.56495,1
hiperesferas_4d.csv,2.50067,0.0729643,-0.457457,1.41246,1
hiperesferas_4d.csv,-0.903355,-0.0557161,-0.227941,0.484182,2
hiperesferas_4d.csv,-0.0722201,0.598835,-0.538989,0.77414,2
hiperesferas_4d.csv,0.499779,0.11617,-0.13707,0.789593,2
hiperesferas_4d.csv,1.29743,0.118098,-2.61224,-0.225372,1
hiperesferas_4d.csv,-1.74971,0.954087,1.48357,1.51563,1
hiperesferas_4d.csv,1.50154,0.708206,0.117531,-2.45327,1
hiperesferas_4d.csv,-0.207925,-0.603772,0.0749656,-0.709942,2
hiperesferas_4d.csv,-2.76307,0.931544,-0.0975093,0.516102,1
hiperesferas_4d.csv,-0.906066,-0.0949568,0.076307,0.348841,2
hiperesferas_4d.csv,2.16127,1.78051,-1.1069,-1.03828,1
hiperesferas_4d.csv,1.10786,-1.86127,0.134128,-1.83077,1
hiperesferas_4d.csv,1.98274,-2.13705,-0.519903,0.587839,1
hiperesferas_4d.csv,-0.666842,0.331074,0.50367,0.423094,2
hiperesferas_4d.csv,-2.49602,-1.42879,-0.820013,-0.25325,1
hiperesferas_4d.csv,-0.741555,0.0181904,-0.0561999,0.598041,2
hiperesferas_4d.csv,-0.335797,0.104875,0.45392,1.01102,2
hiperesferas_4d.csv,0.15131,-0.786478,-0.504574,-0.145731,2
hiperesferas_4d.csv,2.46556,1.22771,-0.395297,-0.842515,1
hiperesferas_4d.csv,-0.238885,0.938228,-0.548915,2.84473,1
hiperesferas_4d.csv,1.48255,-1.58818,0.950115,1.83499,1
hiperesferas_4d.csv,1.35545,-0.874371,0.765784,2.48029,1
hiperesferas_4d.csv,-0.502965,0.4191,0.376579,-0.583847,2
hiperesferas_4d.csv,-0.714762,2.75117,0.0348668,-0.845593,1
hiperesferas_4d.csv,-1.00218,0.37056,1.2612,2.88417,1
hiperesferas_4d.csv,-0.87265,0.270289,0.13038,-0.639135,2
hiperesferas_4d.csv,0.891744,-2.40175,-1.30965,1.11426,1
hiperesferas_4d.csv,0.859141,-0.302796,0.29947,0.132363,2
hiperesferas_4d.csv,-0.0436199,-0.204498,0.398725,-0.760306,2
hiperesferas_4d.csv,0.509867,-0.414847,0.436575,0.411068,2
hiperesferas_4d.csv,-0.300668,0.700161,-0.687023,-0.269543,2
hiperesferas_4d.csv,2.87906,0.844425,0.411058,0.833411,1
hiperesferas_4d.csv,0.861364,-1.8387,-0.854726,1.92918,1
hiperesferas_4d.csv,-1.98448,-0.544952,1.60468,-1.42799,1
hiperesferas_4d.csv,0.664404,0.732104,-0.166995,-0.0739086,2
hiperesferas_4d.csv,-0.071644,-0.2318,0.975182,-0.289189,2
hiperesferas_4d.csv,-2.6984,-0.613868,-0.593736,0.103028,1
hiperesferas_4d.csv,-1.59012,-1.28072,-0.172797,2.18152,1
hiperesferas_4d.csv,0.904416,-0.273909,-0.0383952,-0.218315,2
hiperesferas_4d.csv,-0.509417,0.333815,3.04402,-0.272829,1
hiperesferas_4d.csv,-2.06028,2.10506,0.466807,0.636361,1
hiperesferas_4d.csv,-1.2121,2.41608,-0.96745,-0.39132,1
hiperesferas_4d.csv,0.324625,-0.162595,-1.10334,0.087171,2
hiperesferas_4d.csv,-2.01249,-1.06831,-0.358862,-1.91433,1
hiperesferas_4d.csv,0.673316,-0.0954461,0.870997,-0.306783,2
hiperesferas_4d.csv,2.09248,-0.187535,-0.221442,2.41565,1
hiperesferas_4d.csv,-2.90553,0.313353,-0.386584,-0.750552,1
hiperesferas_4d.csv,-2.59281,-0.931697,0.69394,0.00878015,1
hiperesferas_4d.csv,-0.314354,0.254275,-0.769415,0.0048784,2
hiperesferas_4d.csv,2.0089,0.482062,1.55378,-1.8037,1
hiperesferas_4d.csv,0.315165,0.335346,0.716855,0.294567,2
hiperesferas_4d.csv,-0.574703,0.722391,-0.1024,0.232583,2
hiperesferas_4d.csv,-0.925988,-0.0974128,-2.71619,0.74697,1
hiperesferas_4d.csv,-1.55714,2.29236,-0.662927,-0.902386,1
hiperesferas_4d.csv,0.56614,-0.501812,0.557421,-0.17048,2
hiperesferas_4d.csv,2.8989,0.887197,0.453079,-0.145486,1
hiperesferas_4d.csv,0.170279,-0.864262,-1.62756,2.47208,1
hiperesferas_4d.csv,0.936038,-1.64413,0.902275,-2.3941,1
hiperesferas_4d.csv,0.203098,-1.58827,1.10412,2.24896,1
hiperesferas_4d.csv,0.630821,0.763214,-3.00491,0.188144,1
hiperesferas_4d.csv,1.7148,0.58378,-1.86257,1.38584,1
hiperesferas_4d.csv,-0.295138,2.373,1.64503,0.634222,1
hiperesferas_4d.csv,-1.11412,0.142694,2.10649,1.89453,1
hiperesferas_4d.csv,-0.998773,-0.596445,-0.0596642,-0.148061,2
hiperesferas_4d.csv,0.686192,-2.03526,1.8209,-1.03172,1
hiperesferas_4d.csv,0.0566575,0.775791,0.559559,0.361497,2
hiperesferas_4d.csv,-0.0264721,-0.919819,-0.179767,-0.533141,2
hiperesferas_4d.csv,-1.63283,-0.107821,-2.45586,0.685341,1
hiperesferas_4d.csv,-2.01343,1.424,1.55073,0.498472,1
hiperesferas_4d.csv,-1.8836,-1.01879,-2.17482,-0.342204,1
hiperesferas_4d.csv,-1.69742,-1.14862,2.02945,-0.288204,1
hiperesferas_4d.csv,-0.215535,-0.953747,-0.00713846,0.256566,2
hiperesferas_4d.csv,-0.379259,-0.655348,-0.443997,-0.277274,2
hiperesferas_4d.csv,2.36587,-0.754338,0.419039,-1.71053,1
hiperesferas_4d.csv,-0.438886,2.57442,1.05497,-0.880281,1
hiperesferas_4d.csv,-0.59224,-0.268574,0.501535,0.541072,2
hiperesferas_4d.csv,1.03553,-0.900485,-2.33134,-0.769225,1
hiperesferas_4d.csv,2.18767,-0.0677715,-1.8687,-0.354786,1
hiperesferas_4d.csv,-0.565279,0.776551,-0.312359,0.131195,2
hiperesferas_4d.csv,-0.649443,1.55197,2.44697,-0.779557,1
hiperesferas_4d.csv,0.488396,0.92022,-2.1495,2.03044,1
hiperesferas_4d.csv,0.0891463,-0.846124,-2.56204,-1.35321,1
hiperesferas_4d.csv,0.57734,0.630537,-0.658268,-0.0458672,2
hiperesferas_4d.csv,1.10991,-2.8748,0.0928775,-0.345839,1
hiperesferas_4d.csv,0.251957,-0.0099193,0.593159,0.433086,2
hiperesferas_4d.csv,-0.0684243,1.86249,1.61351,1.80329,1
hiperesferas_4d.csv,-0.193641,0.0489945,-0.749546,0.285252,2
hiperesferas_4d.csv,-1.1059,1.21906,1.31062,2.07017,1
hiperesferas_4d.csv,2.04384,-1.1655,-1.82496,0.611379,1
hiperesferas_4d.csv,-0.854024,-1.63242,0.826339,2.1535,1
hiperesferas_4d.csv,0.587604,2.00845,-2.22673,0.315012,1
hiperesferas_4d.csv,0.748935,0.276683,0.479195,-0.0935179,2
hiperesferas_4d.csv,-1.24875,1.55558,0.332051,-2.27204,1
hiperesferas_4d.csv,-0.0103774,0.667416,0.8321,-0.131625,2
hiperesferas_4d.csv,-0.711697,-0.811907,-0.122501,-0.427484,2
hiperesferas_4d.csv,0.821861,-0.300601,0.551102,0.228066,2
hiperesferas_4d.csv,0.595114,0.0955091,-1.71209,2.40737,1
hiperesferas_4d.csv,0.319872,-0.795023,-0.49315,0.0198652,2
hiperesferas_4d.csv,0.498264,-1.42385,1.40831,2.11699,1
hiperesferas_4d.csv,-1.74117,0.920645,-2.19756,-0.174268,1
hiperesferas_4d.csv,-0.592206,1.43225,0.089938,2.65283,1
hiperesferas_4d.csv,-0.128276,2.74629,-0.273843,-1.68649,1
hiperesferas_4d.csv,2.93917,-0.115084,0.174201,1.08519,1
hiperesferas_4d.csv,-1.19635,-1.40276,-1.66245,-1.71839,1
hiperesferas_4d.csv,-2.55871,1.03877,-1.01528,-0.889268,1
hiperesferas_4d.csv,1.02084,0.19849,-0.0768253,0.241374,2
hiperesferas_4d.csv,0.979503,0.302221,-0.155467,0.326389,2
hiperesferas_4d.csv,0.0842335,0.451223,0.460754,-0.956316,2
hiperesferas_4d.csv,0.614211,-1.26232,0.503463,-2.50859,1
hiperesferas_4d.csv,2.78125,-0.955097,-0.373691,-0.251098,1
hiperesferas_4d.csv,-0.732152,-0.552679,-0.336989,-0.231893,2
hiperesferas_4d.csv,0.238431,-0.587715,-0.7393,-0.118187,2
hiperesferas_4d.csv,-0.785994,-0.470797,-2.52694,-1.44099,1
hiperesferas_4d.csv,0.896868,0.90063,0.264558,2.77369,1
hiperesferas_4d.csv,1.36288,0.0554363,-2.66639,0.240115,1
