archivo,Dimension_1,Dimension_2,Dimension_3,Dimension_4,Cluster
puentes_4d.csv,3.43216,3.43996,3.65603,3.49349,1
puentes_4d.csv,2.43961,2.71192,2.66686,2.39756,1
puentes_4d.csv,3.76716,3.77443,3.70512,3.62873,1
puentes_4d.csv,2.53138,-0.687328,4.93059,1.91714,-1
puentes_4d.csv,0.286269,3.99372,-0.587354,3.1165,-1
puentes_4d.csv,0.0872623,0.0838988,0.074991,-0.292292,1
puentes_4d.csv,4.46882,-0.196367,5.18073,1.95694,-1
puentes_4d.csv,3.15331,3.813,4.58838,-1.49588,-1
puentes_4d.csv,0.139407,0.116717,0.253039,0.0406805,1
puentes_4d.csv,4.83835,5.0639,4.19604,2.5944,-1
puentes_4d.csv,0.207427,0.582948,-0.334969,-0.164776,1
puentes_4d.csv,-1.66417,2.16173,4.0737,4.68443,-1
puentes_4d.csv,3.75899,3.9336,-1.20832,-0.972812,-1
puentes_4d.csv,-0.176303,2.14656,-0.0933533,1.71097,-1
puentes_4d.csv,3.63669,4.33895,4.00086,4.34372,1
puentes_4d.csv,3.75015,3.79391,3.74451,3.58725,1
puentes_4d.csv,-0.532267,-0.360413,0.328877,0.258311,1
puentes_4d.csv,0.47642,0.0337933,-0.000562408,0.189584,1
puentes_4d.csv,0.844721,2.97557,-1.59116,-0.0940195,-1
puentes_4d.csv,0.295585,-0.00357074,0.102526,-0.000203749,1
puentes_4d.csv,-0.243329,-0.116257,-0.153752,0.158334,1
puentes_4d.csv,3.96042,3.84478,3.81178,3.76549,1
puentes_4d.csv,3.9108,4.13206,4.3068,4.72607,1
puentes_4d.csv,3.85215,3.96083,4.20513,4.1613,1
puentes_4d.csv,3.81862,4.07349,3.90676,3.8802,1
puentes_4d.csv,3.94608,3.69611,4.48925,4.62068,1
puentes_4d.csv,4.56666,4.29504,3.75187,3.93301,1
puentes_4d.csv,2.79941,5.84651,0.747066,2.33096,-1
puentes_4d.csv,3.89354,3.77575,4.24684,4.27266,1
puentes_4d.csv,0.251619,2.07335,1.29076,4.37347,-1
puentes_4d.csv,5.14672,0.725082,-1.70121,-0.532066,-1
puentes_4d.csv,4.26807,4.44308,3.664,4.10909,1
puentes_4d.csv,4.08861,4.14626,4.1988,3.91524,1
puentes_4d.csv,3.70291,3.86377,3.86828,4.01625,1
puentes_4d.csv,3.80654,3.73414,4.02532,3.71376,1
puentes_4d.csv,-1.00881,-1.84816,4.42694,2.29263,-1
puentes_4d.csv,3.65509,3.8542,3.9143,4.10551,1
puentes_4d.csv,0.205904,-0.52731,0.197585,0.213387,1
puentes_4d.csv,3.85967,3.96995,4.3085,4.23879,1
puentes_4d.csv,0.0310704,-0.353681,-0.354646,0.32675,1
puentes_4d.csv,0.458704,0.191248,0.63514,0.149267,1
puentes_4d.csv,0.656073,0.747713,0.556297,0.74409,1
puentes_4d.csv,3.94033,4.04943,3.77827,3.5231,1
puentes_4d.csv,0.375865,0.0777477,0.092773,-0.0632769,1
puentes_4d.csv,0.30544,4.44297,-0.187735,3.62948,-1
puentes_4d.csv,-1.48755,1.98262,4.85464,-1.37276,-1
puentes_4d.csv,3.75447,3.65859,4.31878,3.75069,1
puentes_4d.csv,0.779795,0.633994,0.596124,0.756011,1
puentes_4d.csv,3.59737,3.96928,4.07631,4.05218,1
puentes_4d.csv,4.20316,4.00691,4.1925,3.39934,1
puentes_4d.csv,3.63005,3.59231,3.64212,3.39798,1
puentes_4d.csv,3.94857,4.05593,4.15909,4.0548,1
puentes_4d.csv,-0.431921,-0.0126022,0.14582,0.525873,1
puentes_4d.csv,1.97741,1.96195,2.02384,2.05646,1
puentes_4d.csv,3.69185,3.99251,3.87037,3.7807,1
puentes_4d.csv,4.18479,4.13016,4.05245,3.74515,1
puentes_4d.csv,3.46154,4.07111,5.891,1.95468,-1
puentes_4d.csv,3.3645,3.59982,3.29131,3.40496,1
puentes_4d.csv,0.759418,5.96154,4.9011,0.80909,-1
puentes_4d.csv,3.9069,4.17617,4.16744,4.75641,1
puentes_4d.csv,3.45459,3.96318,4.53835,3.90385,1
puentes_4d.csv,4.00387,4.07723,3.79213,4.04652,1
puentes_4d.csv,3.55722,1.46463,3.2643,5.81664,-1
puentes_4d.csv,0.482607,-0.0810697,0.243702,0.149922,1
puentes_4d.csv,-0.395967,0.379929,0.148554,-0.154272,1
puentes_4d.csv,4.16767,3.7154,3.96766,3.58329,1
puentes_4d.csv,0.522816,1.89292,2.97787,5.85268,-1
puentes_4d.csv,4.08108,4.33976,3.99877,3.68902,1
puentes_4d.csv,-0.118847,-0.0114964,-0.727451,0.33188,1
puentes_4d.csv,4.29799,4.36622,3.81517,4.2502,1
puentes_4d.csv,4.02374,3.9088,4.29801,3.60263,1
puentes_4d.csv,4.09619,4.08906,3.50458,4.09571,1
puentes_4d.csv,3.96094,3.96154,3.92793,3.81903,1
puentes_4d.csv,1.30003,1.68554,-0.159076,1.6144,-1
puentes_4d.csv,0.079731,0.196565,0.187669,0.279279,1
puentes_4d.csv,1.89697,2.03613,2.76304,4.72712,-1
puentes_4d.csv,-0.0969403,0.349754,0.0431944,0.0187079,1
puentes_4d.csv,0.103754,0.302318,-0.157879,-0.155506,1
puentes_4d.csv,-0.182453,-0.103513,0.620247,-0.0202505,1
puentes_4d.csv,4.09712,3.9165,4.04478,3.88087,1
puentes_4d.csv,0.0913546,-0.38913,-0.117693,-0.5492,1
puentes_4d.csv,3.2341,3.25852,3.11995,3.07267,1
puentes_4d.csv,-0.115025,0.554514,0.117623,0.224218,1
puentes_4d.csv,0.00972218,0.283856,0.174477,-0.0703245,1
puentes_4d.csv,4.14313,3.77933,4.20679,4.08075,1
puentes_4d.csv,-0.506366,-0.198249,0.27309,0.201502,1
puentes_4d.csv,-0.0940785,-0.227961,0.0174814,0.190323,1
puentes_4d.csv,0.0480179,-0.0534038,0.102662,0.0856951,1
puentes_4d.csv,-0.647609,1.6808,5.06953,2.03177,-1
puentes_4d.csv,3.64109,2.30164,2.57483,0.388252,-1
puentes_4d.csv,3.528,4.2477,3.90542,4.07269,1
puentes_4d.csv,3.42629,3.42179,3.44888,3.28768,1
puentes_4d.csv,4.00145,2.8607,-1.31581,-1.29403,-1
puentes_4d.csv,0.308793,-0.076511,0.18293,-0.432202,1
puentes_4d.csv,3.20813,3.94006,3.90319,4.45787,1
puentes_4d.csv,3.80651,4.15356,3.94617,3.76749,1
puentes_4d.csv,-0.161817,0.268611,0.304917,0.280076,1
puentes_4d.csv,-0.32537,-0.409041,0.11382,-0.113753,1
puentes_4d.csv,3.02506,3.1199,2.96532,3.05826,1
puentes_4d.csv,-0.499292,-0.214547,-0.435549,0.109661,1
puentes_4d.csv,3.32147,3.39135,3.16899,3.37169,1
puentes_4d.csv,1.37984,1.23277,1.17099,1.41169,1
puentes_4d.csv,-0.149271,0.0765533,-0.303185,0.0735796,1
puentes_4d.csv,0.218561,-0.0296279,-0.158997,-0.732923,1
puentes_4d.csv,2.40515,2.48582,2.34666,2.54458,1
puentes_4d.csv,0.568463,0.641152,0.653135,0.588543,1
puentes_4d.csv,2.60477,2.61637,2.6993,2.69378,1
puentes_4d.csv,1.20191,1.23687,1.16613,0.953023,1
puentes_4d.csv,-0.0973462,-0.0501001,0.57895,0.0574447,1
puentes_4d.csv,1.07988,1.10105,1.15964,1.17816,1
puentes_4d.csv,3.89728,3.3992,4.18848,3.67926,1
puentes_4d.csv,4.20501,3.761,3.75586,3.61903,1
puentes_4d.csv,0.122018,-0.134125,0.22805,-0.551179,1
puentes_4d.csv,4.63428,4.15308,4.33474,4.08968,1
puentes_4d.csv,0.0237681,-0.082319,-0.314698,-0.0225362,1
puentes_4d.csv,3.95763,3.97657,3.19765,4.20945,1
puentes_4d.csv,-1.87549,0.889613,1.05367,2.93051,-1
puentes_4d.csv,3.63672,4.19452,3.74355,3.81887,1
puentes_4d.csv,3.1119,4.19564,4.1243,3.73617,1
puentes_4d.csv,-1.59045,-1.47879,4.20893,-1.02379,-1
puentes_4d.csv,-0.315591,-0.210525,0.140265,-0.085366,1
puentes_4d.csv,-0.169764,0.102949,0.158443,0.29575,1
puentes_4d.csv,2.24743,2.26511,2.2699,2.36506,1
puentes_4d.csv,5.49324,-0.801617,1.38966,5.10884,-1
puentes_4d.csv,-0.169101,0.464377,0.352621,-0.0637949,1
puentes_4d.csv,4.2953,5.88507,3.90046,5.44116,-1
puentes_4d.csv,0.0817386,0.275365,-0.0393721,0.0818475,1
puentes_4d.csv,2.8549,2.7801,2.74936,2.73372,1
puentes_4d.csv,-0.510449,-0.0715695,0.124837,-0.0398404,1
puentes_4d.csv,0.114708,0.187078,0.310393,-0.191315,1
puentes_4d.csv,5.0088,4.27841,3.34127,2.79951,1
puentes_4d.csv,0.155857,0.188323,-0.290683,0.180314,1
puentes_4d.csv,1.12337,0.948538,1.01635,1.00941,1
puentes_4d.csv,3.88238,3.8582,3.732,4.06021,1
puentes_4d.csv,3.75093,4.52442,4.18267,4.09877,1
puentes_4d.csv,4.42842,4.05961,3.70282,3.84533,1
puentes_4d.csv,3.60133,3.90123,4.09982,4.03438,1
puentes_4d.csv,0.779596,3.06858,1.11128,3.28481,-1
puentes_4d.csv,4.16672,4.2826,4.24308,3.84481,1
puentes_4d.csv,3.63434,4.34647,4.08012,4.24584,1
puentes_4d.csv,1.13196,1.2565,1.24185,1.04067,1
puentes_4d.csv,0.319963,-0.278077,0.134529,-0.563843,1
puentes_4d.csv,4.00397,4.38639,4.25635,4.10594,1
puentes_4d.csv,0.39785,-0.156076,0.240463,0.0869387,1
puentes_4d.csv,4.18133,4.16537,4.31432,3.8488,1
puentes_4d.csv,3.46536,3.59188,3.57584,3.37977,1
puentes_4d.csv,3.72255,4.31743,3.7557,3.87653,1
puentes_4d.csv,4.48504,4.23129,4.30943,3.83026,1
puentes_4d.csv,4.17373,3.8349,3.92822,3.9415,1
puentes_4d.csv,4.17257,4.04977,4.66301,4.07907,1
puentes_4d.csv,-0.120424,0.202047,-0.124127,0.202789,1
puentes_4d.csv,-0.0880592,4.07319,-0.428632,5.75687,-1
puentes_4d.csv,4.03166,3.92394,4.02539,3.81358,1
puentes_4d.csv,3.38203,4.32556,3.87201,3.97859,1
puentes_4d.csv,-0.245745,-0.0444132,0.306362,0.136713,1
puentes_4d.csv,-0.220565,0.150375,0.303822,0.0836223,1
puentes_4d.csv,1.63991,1.62066,1.84905,1.56242,1
puentes_4d.csv,-0.61572,0.180171,-0.473235,-0.271977,1
puentes_4d.csv,5.72869,-0.0552949,4.12559,2.32172,-1
puentes_4d.csv,0.0631013,-0.133013,-0.0906287,0.68131,1
puentes_4d.csv,2.73896,2.82736,2.73448,2.82552,1
puentes_4d.csv,0.471972,0.381007,0.166132,-0.647832,1
puentes_4d.csv,4.22571,4.0764,4.21514,4.37927,1
puentes_4d.csv,1.5311,0.130561,4.57955,-1.1099,-1
puentes_4d.csv,3.18741,3.16521,3.24856,3.17503,1
puentes_4d.csv,3.78886,4.13152,4.35425,4.18114,1
puentes_4d.csv,1.98503,1.87707,1.89469,2.02251,1
puentes_4d.csv,4.00134,3.92078,4.12795,4.13203,1
puentes_4d.csv,0.482125,0.221348,-0.121128,-0.634364,1
puentes_4d.csv,-0.0371066,0.266458,-0.0208869,-0.0286958,1
puentes_4d.csv,4.03305,3.79398,3.84313,4.31329,1
puentes_4d.csv,4.57691,3.89913,4.34299,4.18459,1
puentes_4d.csv,3.83532,4.06923,3.63493,4.12511,1
puentes_4d.csv,3.12515,2.99332,3.15994,3.05484,1
puentes_4d.csv,1.71298,1.48733,1.63936,1.49342,1
puentes_4d.csv,0.0862862,-0.191419,0.14278,-0.116009,1
puentes_4d.csv,-1.81237,-1.80566,5.13009,3.76924,-1
puentes_4d.csv,4.28746,3.89996,4.61124,3.4841,1
puentes_4d.csv,3.96745,3.74953,3.80796,4.25167,1
puentes_4d.csv,1.32087,1.2248,1.26855,1.18087,1
puentes_4d.csv,1.37694,1.29418,1.29174,1.26741,1
puentes_4d.csv,3.58907,3.55491,3.4916,3.38189,1
puentes_4d.csv,1.26466,1.38397,1.31813,1.36023,1
puentes_4d.csv,2.08138,1.34301,1.34752,-1.04956,-1
puentes_4d.csv,3.45731,3.7057,4.09625,4.13703,1
puentes_4d.csv,-0.246113,-0.186799,0.0903871,0.0464736,1
puentes_4d.csv,-1.36726,4.28539,-0.611253,3.25284,-1
puentes_4d.csv,1.56916,1.66939,1.63793,1.59449,1
puentes_4d.csv,-0.245483,-0.196393,0.0173126,-0.238889,1
puentes_4d.csv,-1.44584,3.61969,-1.38129,0.0555574,-1
puentes_4d.csv,3.6559,4.11734,4.21698,4.37833,1
puentes_4d.csv,0.675203,-0.171287,-0.451038,-0.0697072,1
puentes_4d.csv,3.78767,4.2067,4.32385,4.15072,1
puentes_4d.csv,5.35841,-0.435633,0.832626,2.28279,-1
puentes_4d.csv,2.28028,0.179685,3.42217,2.33563,-1
puentes_4d.csv,4.51902,3.85021,3.57676,3.83655,1
puentes_4d.csv,-1.96686,2.30483,5.39305,5.86685,-1
puentes_4d.csv,2.13285,-0.565388,5.87481,2.62087,-1
puentes_4d.csv,3.81669,4.17573,4.07788,3.76157,1
puentes_4d.csv,-0.547508,0.0579282,0.131841,0.414652,1
puentes_4d.csv,4.35739,4.18718,4.2132,4.05278,1
puentes_4d.csv,4.41775,-0.161893,-0.701362,3.11429,-1
puentes_4d.csv,-0.0520421,-0.507525,0.110312,-0.454504,1
puentes_4d.csv,-1.66286,2.56433,3.79461,0.269849,-1
puentes_4d.csv,0.28023,0.091962,0.353513,-0.370069,1
puentes_4d.csv,-0.164687,0.541791,0.45566,-0.1062,1
puentes_4d.csv,4.19289,4.13526,3.9336,3.55822,1
puentes_4d.csv,-0.869583,2.24061,-1.71175,5.27738,-1
puentes_4d.csv,4.64975,4.2845,4.10046,4.10525,1
puentes_4d.csv,3.93379,5.74493,5.96664,-1.59072,-1
puentes_4d.csv,3.98115,4.4562,-0.68355,3.82685,-1
puentes_4d.csv,0.0178157,0.776103,-0.190911,0.155903,1
puentes_4d.csv,1.39444,4.8892,1.75706,0.300678,-1
puentes_4d.csv,4.47166,3.40969,3.50273,4.24881,1
puentes_4d.csv,4.05543,4.40036,4.30404,3.72187,1
puentes_4d.csv,5.61248,5.79806,0.867288,4.57235,-1
puentes_4d.csv,3.60127,3.6818,3.65938,3.72559,1
puentes_4d.csv,-0.30149,0.192066,0.412497,-0.0391334,1
puentes_4d.csv,-0.134854,-0.266973,0.083765,0.243344,1
puentes_4d.csv,4.37526,4.08147,4.23265,4.03514,1
puentes_4d.csv,-0.151075,0.309624,0.272245,0.119737,1
puentes_4d.csv,3.82645,4.23925,3.92089,4.05775,1
puentes_4d.csv,3.86774,3.89748,4.18208,4.28939,1
puentes_4d.csv,0.0948111,0.265615,4.94513,5.81836,-1
puentes_4d.csv,-0.562001,4.32447,0.417161,-1.61542,-1
puentes_4d.csv,3.65955,3.78458,4.28198,4.32252,1
puentes_4d.csv,2.64254,1.59806,3.06917,5.64323,-1
puentes_4d.csv,4.21855,3.66457,3.64309,3.96945,1
puentes_4d.csv,4.6391,3.82393,4.18002,4.36838,1
puentes_4d.csv,0.979743,1.19488,1.08579,0.956369,1
puentes_4d.csv,0.045311,0.0208209,-1.14041,-0.338152,1
puentes_4d.csv,3.84377,4.21685,4.20175,3.93581,1
puentes_4d.csv,4.14927,4.18146,4.35677,4.4347,1
puentes_4d.csv,0.0567567,0.248122,0.393263,-0.447064,1
puentes_4d.csv,3.83302,4.3367,3.67854,3.80972,1
puentes_4d.csv,1.20177,0.401281,0.00493503,5.42563,-1
puentes_4d.csv,0.339346,0.0405233,-0.363681,0.207233,1
puentes_4d.csv,1.22417,-1.75165,4.49082,5.04096,-1
puentes_4d.csv,4.32819,3.55254,3.84364,4.29317,1
puentes_4d.csv,0.0663603,0.0572093,0.0835453,0.0400142,1
puentes_4d.csv,4.03739,4.20587,3.95599,3.79036,1
puentes_4d.csv,2.8298,2.89269,2.73294,2.8531,1
puentes_4d.csv,0.209173,-0.245991,0.344252,0.158959,1
puentes_4d.csv,0.141832,0.195046,0.0715504,-0.615065,1
puentes_4d.csv,-0.175985,0.046287,-0.344171,0.45605,1
puentes_4d.csv,-0.319984,-0.0228421,0.0662144,-0.170606,1
puentes_4d.csv,3.97875,4.03319,3.72171,4.04451,1
puentes_4d.csv,4.08336,3.87671,3.47692,3.63022,1
puentes_4d.csv,-1.89398,3.69345,-0.249187,4.92359,-1
puentes_4d.csv,0.384913,0.0972088,-0.118426,-0.296271,1
puentes_4d.csv,3.35705,3.98125,3.87304,3.89365,1
puentes_4d.csv,4.07741,4.00573,3.7876,3.84557,1
puentes_4d.csv,4.15736,4.19983,4.13444,4.14831,1
puentes_4d.csv,0.0696111,0.450277,0.147587,-0.0568147,1
puentes_4d.csv,4.29592,4.29672,3.65329,3.70374,1
puentes_4d.csv,3.78487,4.78116,4.19342,3.75149,1
puentes_4d.csv,-0.0117988,0.434671,-0.561119,-0.17962,1
puentes_4d.csv,4.30945,4.15921,4.02114,4.67944,1
puentes_4d.csv,0.378246,0.401236,-0.297082,-0.160334,1
puentes_4d.csv,2.72948,2.65841,2.74191,2.83187,1
puentes_4d.csv,4.02586,3.8038,4.00807,4.49488,1
puentes_4d.csv,3.82703,4.14763,3.84394,4.46362,1
puentes_4d.csv,0.787207,3.52829,3.39069,-0.924273,-1
puentes_4d.csv,-0.0348001,0.304048,0.319172,0.510482,1
puentes_4d.csv,3.96086,4.12655,3.72003,4.4338,1
puentes_4d.csv,3.87283,4.35146,3.88413,4.45248,1
puentes_4d.csv,0.0349776,0.506979,0.155768,0.443493,1
puentes_4d.csv,1.90966,1.76604,1.8378,1.91898,1
puentes_4d.csv,3.96023,4.26575,3.72772,4.15634,1
puentes_4d.csv,0.56274,0.124708,0.0481633,0.245928,1
puentes_4d.csv,3.07924,2.96496,3.04466,3.03183,1
puentes_4d.csv,-0.0816529,-0.348039,-0.227951,-0.196314,1
puentes_4d.csv,3.5277,3.74106,3.6114,3.69023,1
puentes_4d.csv,1.862,3.90907,-1.08992,-0.267561,-1
puentes_4d.csv,2.32995,4.14663,5.78786,2.42116,-1
puentes_4d.csv,3.8811,4.03694,4.04896,4.07088,1
puentes_4d.csv,-1.99069,-1.24603,-1.29701,-0.650258,-1
puentes_4d.csv,1.99872,2.0672,2.17119,2.05351,1
puentes_4d.csv,-0.438125,0.257629,0.51817,0.18201,1
puentes_4d.csv,0.390563,2.72308,-0.403158,-1.42969,-1
puentes_4d.csv,-1.6905,4.6747,4.12465,1.59187,-1
puentes_4d.csv,3.13183,2.99009,3.06517,2.93685,1
puentes_4d.csv,0.0790123,-0.0992706,0.0563368,0.444649,1
puentes_4d.csv,0.0589709,-0.18986,0.0023141,-0.187089,1
puentes_4d.csv,3.64102,4.19635,4.55714,4.50941,1
puentes_4d.csv,-0.77999,5.30116,0.841081,1.80548,-1
puentes_4d.csv,0.629352,-0.00510951,0.235817,0.288591,1
puentes_4d.csv,3.58488,4.03157,3.9734,3.95295,1
puentes_4d.csv,3.49131,4.3102,4.19208,4.49858,1
puentes_4d.csv,3.88612,3.77992,4.29574,4.25877,1
puentes_4d.csv,0.21724,0.318182,0.138586,0.256197,1
puentes_4d.csv,0.438831,0.266162,0.28099,0.268967,1
puentes_4d.csv,0.00181821,-0.428753,0.240771,0.564865,1
puentes_4d.csv,-0.143737,0.108015,0.113076,-0.335609,1
puentes_4d.csv,2.2287,2.19921,2.17637,2.14202,1
puentes_4d.csv,0.032349,0.304188,0.105435,0.0134527,1
puentes_4d.csv,-0.0285608,0.0836051,0.173862,0.173907,1
puentes_4d.csv,2.90224,5.59227,0.418475,-1.76313,-1
puentes_4d.csv,0.0290891,0.158287,-0.291904,0.434463,1
puentes_4d.csv,-0.248737,4.49895,3.77931,-0.751535,-1
puentes_4d.csv,2.45788,2.46592,2.56896,2.51997,1
puentes_4d.csv,0.142469,-0.56055,-0.0607977,-0.340274,1
puentes_4d.csv,-1.30162,-0.58435,-1.35376,2.12133,-1
puentes_4d.csv,2.04507,1.91549,1.7918,1.98366,1
puentes_4d.csv,3.67044,3.89592,3.69838,3.80816,1
puentes_4d.csv,0.0449801,0.164893,0.0911364,0.0731297,1
puentes_4d.csv,-0.180773,0.209799,0.554236,0.25371,1
puentes_4d.csv,3.77798,4.08051,4.01655,3.7248,1
puentes_4d.csv,0.383299,0.219375,0.588953,0.306185,1
puentes_4d.csv,0.0807004,-0.419028,-0.125027,0.430466,1
puentes_4d.csv,0.114679,-0.121469,0.159144,-0.0595881,1
puentes_4d.csv,4.33178,4.08632,3.64247,4.09895,1
puentes_4d.csv,0.236071,0.081922,0.393277,-0.0204301,1
puentes_4d.csv,2.30151,2.27313,2.19891,2.33172,1
puentes_4d.csv,0.183371,0.392805,0.208764,0.0960925,1
puentes_4d.csv,-1.81836,2.0393,4.09297,4.65894,-1
puentes_4d.csv,-0.0600539,0.107786,-0.0327362,0.199933,1
puentes_4d.csv,3.79204,4.17857,4.39084,4.14774,1
puentes_4d.csv,5.70559,1.23202,5.9429,5.79853,-1
puentes_4d.csv,0.506423,-0.140684,-0.305822,-0.162864,1
puentes_4d.csv,0.342197,-0.23645,0.0795702,-0.111682,1
puentes_4d.csv,-1.99783,3.43263,-1.92399,3.84887,-1
puentes_4d.csv,1.62072,1.5039,1.49188,1.66517,1
puentes_4d.csv,3.713,4.24368,3.96645,3.97304,1
puentes_4d.csv,3.81548,3.96306,3.63392,4.13297,1
puentes_4d.csv,0.0906464,0.0276211,0.144773,0.160571,1
puentes_4d.csv,4.42818,4.26005,4.30664,3.65395,1
puentes_4d.csv,-0.00183899,-0.0477736,-0.0364346,-0.175061,1
puentes_4d.csv,-0.481554,0.0378542,0.35737,-0.104477,1
puentes_4d.csv,1.92499,1.90373,2.14716,2.03241,1
puentes_4d.csv,3.80669,4.40418,3.60802,3.95511,1
puentes_4d.csv,3.97332,3.98998,4.09868,4.33175,1
puentes_4d.csv,5.36432,3.72791,0.851274,1.04422,-1
puentes_4d.csv,3.38282,3.35105,3.3401,3.32805,1
puentes_4d.csv,4.08078,3.76817,4.24665,4.06749,1
puentes_4d.csv,4.69033,4.10172,3.9867,3.78602,1
puentes_4d.csv,3.28248,5.16502,-1.0861,0.784468,-1
puentes_4d.csv,-0.288181,-0.216623,-0.852254,-0.046825,1
puentes_4d.csv,-0.0679839,-0.298568,0.199044,-0.236871,1
puentes_4d.csv,-0.442757,-0.235145,0.120151,-0.0646605,1
puentes_4d.csv,0.364465,0.481232,0.441234,0.30413,1
puentes_4d.csv,0.158239,0.0990215,0.226998,0.0796448,1
puentes_4d.csv,4.04663,3.92392,3.69872,4.20295,1
puentes_4d.csv,-0.943812,1.01965,2.75169,2.36971,-1
puentes_4d.csv,3.9497,3.54678,3.87558,4.44873,1
puentes_4d.csv,4.48631,3.31992,3.96005,3.82069,1
puentes_4d.csv,0.05188,-0.478331,-0.0537877,0.0478844,1
puentes_4d.csv,5.90308,1.47274,-0.773614,-1.26838,-1
puentes_4d.csv,-0.637126,4.36474,3.09045,3.01463,-1
puentes_4d.csv,3.47381,-1.37623,4.42157,0.784021,-1
puentes_4d.csv,1.84245,1.85466,1.90051,1.69543,1
puentes_4d.csv,4.30824,3.59181,3.76708,3.96165,1
puentes_4d.csv,0.116934,0.248278,0.590331,-0.627631,1
puentes_4d.csv,0.321789,-0.246986,0.241795,0.285849,1
puentes_4d.csv,-0.165676,-0.0182382,-0.158412,-0.0416049,1
puentes_4d.csv,3.89536,4.27435,4.02706,4.19516,1
puentes_4d.csv,4.10596,3.86311,4.27912,4.15908,1
puentes_4d.csv,0.58642,-0.071901,0.230621,0.403731,1
puentes_4d.csv,0.425213,-0.141568,-0.447444,0.0559877,1
puentes_4d.csv,3.68176,-1.23088,4.00538,2.05277,-1
puentes_4d.csv,0.460227,-0.158974,-0.147292,-0.39275,1
puentes_4d.csv,3.92572,3.96343,4.10251,4.05242,1
puentes_4d.csv,-0.0420206,-0.258526,-0.0766858,-0.839577,1
puentes_4d.csv,3.65214,4.18288,3.42413,3.87201,1
puentes_4d.csv,-0.106447,0.117475,0.0531577,-0.0089904,1
puentes_4d.csv,3.98257,3.79556,4.17516,4.68241,1
puentes_4d.csv,4.12397,4.02736,4.2421,4.32136,1
puentes_4d.csv,-0.396742,0.731824,-0.500424,0.10377,1
puentes_4d.csv,3.67499,3.7455,4.26517,4.26478,1
puentes_4d.csv,-0.28926,-0.396244,-0.133411,0.105003,1
puentes_4d.csv,2.76172,2.79698,2.73636,2.68057,1
puentes_4d.csv,-0.711987,-0.603662,1.51024,1.0194,-1
puentes_4d.csv,3.86265,4.00295,4.45551,4.24031,1
puentes_4d.csv,3.66939,3.60398,3.55744,3.56082,1
puentes_4d.csv,0.361491,0.459069,0.418131,0.365265,1
puentes_4d.csv,4.31822,0.346848,1.12481,4.77221,-1
puentes_4d.csv,4.37376,4.04403,3.79316,3.68662,1
puentes_4d.csv,3.95684,3.76271,3.54576,3.98895,1
puentes_4d.csv,3.74093,1.85905,4.79601,1.61722,-1
puentes_4d.csv,2.67958,2.73835,2.50775,2.58519,1
puentes_4d.csv,0.366024,-0.124904,0.0114499,0.188496,1
puentes_4d.csv,0.457575,0.0457019,0.180016,-0.13007,1
puentes_4d.csv,4.26115,3.93711,3.956,4.41418,1
puentes_4d.csv,-1.3153,2.46006,3.19721,5.44021,-1
puentes_4d.csv,0.0889076,0.169619,-0.200762,0.0129752,1
puentes_4d.csv,3.864,3.72737,3.72156,4.20453,1
puentes_4d.csv,3.93727,3.54377,3.83208,4.0141,1
puentes_4d.csv,-0.367359,0.302595,-0.14471,0.323939,1
puentes_4d.csv,-0.218423,-0.00561346,-0.0257031,0.0495287,1
puentes_4d.csv,4.07032,4.66435,3.95604,3.95153,1
puentes_4d.csv,4.19315,4.18234,3.74599,4.07433,1
puentes_4d.csv,1.01618,0.951038,0.994289,0.927969,1
puentes_4d.csv,0.211661,-0.443486,-0.375355,0.157303,1
puentes_4d.csv,-0.427945,4.02634,4.14438,-0.541997,-1
puentes_4d.csv,-0.003441,0.125205,0.0104457,0.0416233,1
puentes_4d.csv,-0.247029,0.0390645,0.38019,0.0998295,1
puentes_4d.csv,-1.89863,4.49111,-1.80151,5.06893,-1
puentes_4d.csv,1.48776,-0.259656,5.23284,-1.96964,-1
puentes_4d.csv,3.82607,4.05474,4.6845,4.2623,1
puentes_4d.csv,4.15584,4.02845,4.39477,4.40649,1
puentes_4d.csv,4.04534,4.01473,3.45872,3.97267,1
puentes_4d.csv,-0.0395596,-0.418413,-0.226202,0.162118,1
puentes_4d.csv,0.247169,0.14827,0.0200146,0.197832,1
puentes_4d.csv,-0.103827,0.0328209,-0.231775,0.223446,1
puentes_4d.csv,4.06487,3.85536,3.8145,3.92023,1
puentes_4d.csv,4.44856,3.52917,4.03393,4.25926,1
puentes_4d.csv,4.00821,4.14039,4.06639,3.76352,1
puentes_4d.csv,4.57142,4.04005,4.38455,3.65224,1
puentes_4d.csv,-0.0817963,0.00726341,0.261269,0.182937,1
puentes_4d.csv,4.19734,4.00663,4.1446,3.76103,1
puentes_4d.csv,3.37565,4.25783,4.26966,3.65296,1
puentes_4d.csv,0.216075,-0.201836,0.372875,0.355253,1
puentes_4d.csv,0.467272,0.49275,-0.158128,-0.0735495,1
puentes_4d.csv,-0.179357,-0.0474981,-0.0629921,0.0902386,1
puentes_4d.csv,4.08743,4.08785,4.72535,3.93119,1
puentes_4d.csv,0.20461,0.088967,0.157003,0.0716282,1
puentes_4d.csv,0.39241,5.90623,4.43605,3.96232,-1
puentes_4d.csv,3.88698,3.89646,3.56085,3.40741,1
puentes_4d.csv,3.01102,3.20002,3.1481,3.01441,1
puentes_4d.csv,3.13497,3.229,3.31879,3.25046,1
puentes_4d.csv,-0.30777,0.0144512,-0.0275567,-0.298062,1
puentes_4d.csv,-0.411285,-0.0997426,0.587823,-0.607514,1
puentes_4d.csv,3.54241,3.50028,3.40502,3.47679,1
puentes_4d.csv,-1.04374,5.05365,0.503419,5.81968,-1
puentes_4d.csv,4.24377,4.19121,4.09981,4.07747,1
puentes_4d.csv,4.00177,4.36853,3.72166,3.41954,1
puentes_4d.csv,0.222529,-0.0312293,0.151569,-0.232974,1
puentes_4d.csv,4.44424,3.61132,4.23415,4.1401,1
puentes_4d.csv,4.04113,3.68435,3.50385,3.72406,1
puentes_4d.csv,-0.383253,0.0602793,-0.115269,0.394718,1
puentes_4d.csv,3.38634,4.02828,3.49023,4.35727,1
puentes_4d.csv,1.07153,1.06006,1.16472,1.24632,1
puentes_4d.csv,3.6972,3.95885,3.70441,3.84759,1
puentes_4d.csv,3.93032,3.74043,4.34736,3.7922,1
puentes_4d.csv,2.83694,-1.12077,-1.64554,1.00078,-1
puentes_4d.csv,1.98794,1.90469,1.87964,1.9837,1
puentes_4d.csv,4.15934,3.90307,3.97945,3.80703,1
puentes_4d.csv,-1.35569,5.45478,3.28913,4.55641,-1
puentes_4d.csv,3.08886,3.12232,3.22073,3.12737,1
puentes_4d.csv,4.00554,3.82662,3.85264,3.81961,1
puentes_4d.csv,3.96237,4.10846,4.02273,4.10863,1
puentes_4d.csv,0.309744,-0.0583028,0.178221,-0.0597337,1
puentes_4d.csv,4.24826,4.5135,4.31141,3.9474,1
puentes_4d.csv,0.978457,0.910508,0.867546,1.0433,1
puentes_4d.csv,3.87612,4.33344,3.73945,4.31792,1
puentes_4d.csv,0.374085,0.0570644,0.00190676,-0.371887,1
puentes_4d.csv,2.80302,-0.610456,-0.43755,-1.16153,-1
puentes_4d.csv,3.91429,3.99199,3.9511,3.36589,1
puentes_4d.csv,3.24163,3.37891,3.3497,3.45474,1
puentes_4d.csv,2.46762,2.59851,2.54405,2.57746,1
puentes_4d.csv,0.165173,0.14361,0.112153,0.00114993,1
puentes_4d.csv,3.84196,4.05802,3.85344,4.32923,1
puentes_4d.csv,0.29491,-0.0514788,0.279459,0.11552,1
puentes_4d.csv,3.43433,4.22168,3.93199,3.65377,1
puentes_4d.csv,3.79306,4.21508,4.13274,3.72055,1
puentes_4d.csv,-0.17358,0.495431,-0.728004,-0.128674,1
puentes_4d.csv,0.6218,-1.19071,-0.304015,3.64202,-1
puentes_4d.csv,2.1627,-0.793028,1.01965,-0.933945,-1
puentes_4d.csv,3.72271,4.16452,3.73512,4.71807,1
puentes_4d.csv,3.12703,0.88479,4.87286,-0.293361,-1
puentes_4d.csv,-0.423834,0.146103,-0.294002,0.303582,1
puentes_4d.csv,3.02122,2.8416,2.97477,3.03578,1
puentes_4d.csv,1.49832,-0.742385,-0.722154,4.69017,-1
puentes_4d.csv,4.0529,4.02473,3.92499,4.04529,1
puentes_4d.csv,2.45402,2.49267,2.51777,2.46596,1
puentes_4d.csv,-0.35623,0.14332,0.325202,0.00293135,1
puentes_4d.csv,3.7378,3.37073,3.72948,3.85401,1
puentes_4d.csv,0.101769,0.378731,-0.0660253,-0.446172,1
puentes_4d.csv,-0.14403,-0.277025,0.350382,0.505494,1
puentes_4d.csv,1.59755,1.78573,1.646,1.63545,1
puentes_4d.csv,4.5514,3.43647,1.54939,-1.27424,-1
puentes_4d.csv,3.443,3.93559,4.11785,3.6605,1
puentes_4d.csv,-0.263285,-0.122772,-0.0614441,0.047182,1
puentes_4d.csv,4.12251,4.32843,4.1381,4.08856,1
puentes_4d.csv,0.243098,0.350397,0.148719,-0.339587,1
puentes_4d.csv,0.0484369,-0.491819,0.535551,0.0930368,1
puentes_4d.csv,4.08221,4.24882,4.20037,4.10693,1
puentes_4d.csv,3.58737,3.49306,3.80924,4.50011,1
puentes_4d.csv,-1.79281,5.08791,-1.05659,2.8442,-1
puentes_4d.csv,2.19442,2.07898,2.02107,2.07749,1
puentes_4d.csv,2.25749,2.55772,2.41345,2.45488,1
puentes_4d.csv,0.19366,0.169795,0.222315,0.217754,1
puentes_4d.csv,4.15217,4.49659,4.08406,3.51697,1
puentes_4d.csv,0.765713,0.88764,0.918052,1.02418,1
puentes_4d.csv,-0.0617435,0.0694678,0.126699,0.0311916,1
puentes_4d.csv,0.287912,0.248751,-0.232731,0.353417,1
puentes_4d.csv,0.0922153,-0.183368,-0.117486,0.0419934,1
puentes_4d.csv,3.86545,3.97192,4.56536,4.34074,1
puentes_4d.csv,-1.28164,3.28709,2.32413,-0.646044,-1
puentes_4d.csv,3.95519,3.81631,3.79463,3.88044,1
puentes_4d.csv,-1.26717,2.70328,-1.90471,-1.37497,-1
puentes_4d.csv,2.02977,-1.14279,5.00842,-0.657954,-1
puentes_4d.csv,4.19652,3.84703,4.46387,4.12801,1
puentes_4d.csv,3.55356,4.20454,4.03943,3.90945,1
puentes_4d.csv,0.765475,5.6008,3.09406,0.0485009,-1
puentes_4d.csv,4.20695,4.47438,4.22511,3.48716,1
puentes_4d.csv,0.145643,0.201154,-0.0983293,0.30386,1
puentes_4d.csv,1.78236,-0.404767,3.92548,0.563187,-1
puentes_4d.csv,4.31872,4.35872,4.02505,4.04521,1
puentes_4d.csv,3.54206,3.63141,3.62175,3.74216,1
puentes_4d.csv,0.596482,0.52573,-0.182418,-0.410766,1
puentes_4d.csv,2.43227,-0.790304,4.42471,4.51427,-1
puentes_4d.csv,2.90749,2.94804,2.87897,3.05074,1
puentes_4d.csv,0.317359,0.108545,-0.0544282,0.0698607,1
puentes_4d.csv,3.61034,3.77063,3.75316,3.66385,1
puentes_4d.csv,0.146451,-0.869532,1.57771,1.38006,-1
puentes_4d.csv,-0.527523,-0.0837357,-0.429715,0.410764,1
puentes_4d.csv,4.09578,3.7132,4.10842,3.86618,1
puentes_4d.csv,-0.130201,-0.500307,0.0150666,-0.332769,1
puentes_4d.csv,3.55428,3.77627,3.84518,4.138,1
puentes_4d.csv,3.60599,3.54712,3.79504,3.62026,1
puentes_4d.csv,-0.0562527,1.20516,2.16134,3.27551,-1
puentes_4d.csv,3.67901,4.19542,3.72088,4.17023,1
puentes_4d.csv,4.05154,3.73304,4.12391,4.25809,1
puentes_4d.csv,4.25918,3.7261,4.12613,3.97952,1
puentes_4d.csv,0.341721,5.76812,-0.435627,3.82502,-1
puentes_4d.csv,3.44191,3.58754,3.52176,3.44644,1
puentes_4d.csv,0.995202,5.99287,-1.03433,2.02999,-1
puentes_4d.csv,0.334021,0.042897,-0.37705,0.0785968,1
puentes_4d.csv,0.475137,-0.160837,0.173145,0.242249,1
puentes_4d.csv,3.55573,3.63219,3.59814,3.59033,1
puentes_4d.csv,4.22345,4.37396,3.66741,3.56783,1
puentes_4d.csv,-0.365381,0.385678,-0.327235,0.00598833,1
puentes_4d.csv,2.60738,2.69174,2.61479,2.6555,1
puentes_4d.csv,0.606384,0.652306,0.760898,0.767289,1
puentes_4d.csv,3.54529,4.06834,4.08427,4.35243,1
puentes_4d.csv,1.36744,1.36982,1.19252,1.47411,1
puentes_4d.csv,0.343713,5.49017,2.23706,-0.495812,-1
puentes_4d.csv,0.0531775,2.76782,4.43425,3.94591,-1
puentes_4d.csv,-0.420785,-1.50664,4.18812,3.24838,-1
puentes_4d.csv,4.05728,3.66448,3.86341,4.03916,1
puentes_4d.csv,5.55774,-1.84574,3.17292,-0.743897,-1
puentes_4d.csv,1.87391,3.17319,0.497012,-1.46469,-1
puentes_4d.csv,-0.0365224,-0.528869,0.347421,-0.204829,1
puentes_4d.csv,0.626134,0.0493324,0.345062,-0.380206,1
puentes_4d.csv,2.01465,5.38341,-0.447964,0.469731,-1
puentes_4d.csv,0.210993,-0.179432,0.660211,0.206489,1
puentes_4d.csv,-0.0223691,-0.484119,0.164377,0.433066,1
puentes_4d.csv,2.32313,2.17736,2.2439,2.05984,1
puentes_4d.csv,5.64783,-0.537164,-0.685606,1.56921,-1
puentes_4d.csv,3.91392,4.5904,3.77289,4.44335,1
puentes_4d.csv,3.05005,0.299213,0.0189138,2.57477,-1
puentes_4d.csv,1.03741,3.29397,1.05942,2.47099,-1
puentes_4d.csv,4.12103,4.14858,3.86797,4.3786,1
puentes_4d.csv,-0.0553798,-0.670851,-0.107406,-0.0684104,1
puentes_4d.csv,0.78989,0.841815,0.614882,0.817803,1
puentes_4d.csv,0.0107822,0.255031,0.114861,0.0976391,1
puentes_4d.csv,3.79263,3.48305,4.6194,3.86821,1
puentes_4d.csv,3.54412,4.68374,3.8525,3.36066,1
puentes_4d.csv,0.254178,-0.00696846,0.0504686,0.0265149,1
puentes_4d.csv,0.85446,0.68074,0.71345,0.656008,1
puentes_4d.csv,-0.199434,-0.106684,-0.240472,-0.153915,1
puentes_4d.csv,2.05906,-0.385265,3.08362,3.17193,-1
puentes_4d.csv,0.0153123,0.0600863,-0.0342239,-0.165884,1
puentes_4d.csv,-0.479398,1.19145,3.49296,5.5931,-1
puentes_4d.csv,4.13382,3.78684,4.08534,4.14476,1
puentes_4d.csv,1.18278,3.44076,4.20275,3.66977,-1
puentes_4d.csv,0.0753225,-0.323669,-0.278681,-0.219033,1
puentes_4d.csv,4.27001,3.73968,3.82691,4.06026,1
puentes_4d.csv,0.0788877,0.192613,-0.834251,0.121021,1
puentes_4d.csv,1.71881,1.6929,1.66553,1.61311,1
puentes_4d.csv,3.90335,3.82639,4.27259,4.29769,1
puentes_4d.csv,-0.00823751,-0.0294275,-0.459154,0.32234,1
puentes_4d.csv,2.49331,2.62777,2.70783,2.5679,1
puentes_4d.csv,1.10076,-0.204751,1.92944,-0.573421,-1
puentes_4d.csv,3.92872,4.00589,3.91871,3.99601,1
puentes_4d.csv,3.08896,3.02516,3.00006,3.01921,1
puentes_4d.csv,3.90342,3.9129,3.23447,4.03048,1
puentes_4d.csv,-0.172141,-0.0654443,-0.186114,0.170358,1
puentes_4d.csv,3.9111,4.03639,3.7314,3.74207,1
puentes_4d.csv,3.57022,3.99444,4.53726,4.36473,1
puentes_4d.csv,4.24285,4.36124,4.149,3.95333,1
puentes_4d.csv,-0.0786114,3.79155,0.0217571,4.27437,-1
puentes_4d.csv,0.464605,-0.0419722,0.12341,-0.27764,1
puentes_4d.csv,1.10943,1.00409,0.913134,1.02739,1
puentes_4d.csv,0.153895,-0.00807678,0.0934745,-0.0426152,1
puentes_4d.csv,0.102727,0.372605,-0.0494626,0.00467153,1
puentes_4d.csv,4.15777,3.75808,4.70326,4.2484,1
puentes_4d.csv,3.77297,4.07651,3.80709,3.56478,1
puentes_4d.csv,-1.21111,3.04956,4.78582,2.25957,-1
puentes_4d.csv,1.02456,0.978518,1.13565,1.10339,1
puentes_4d.csv,-0.114981,0.352313,0.112402,0.100889,1
puentes_4d.csv,0.251131,-0.329765,0.178119,0.159797,1
puentes_4d.csv,3.60874,3.69636,3.64355,3.65653,1
puentes_4d.csv,4.36979,-0.871445,4.1114,2.00886,-1
puentes_4d.csv,-0.529546,4.43797,-1.14056,-0.169202,-1
puentes_4d.csv,3.98175,4.38657,4.51294,3.7506,1
puentes_4d.csv,0.181791,0.191991,-0.51477,-0.203512,1
puentes_4d.csv,0.429972,0.393069,-0.159051,-0.0441056,1
puentes_4d.csv,2.99979,3.13882,3.10337,3.19659,1
puentes_4d.csv,2.91949,2.93792,2.99696,2.87339,1
puentes_4d.csv,-1.36218,-1.75644,1.19017,2.97665,-1
puentes_4d.csv,0.494645,0.514641,-0.0702956,-0.444588,1
puentes_4d.csv,0.22561,0.0208922,-0.0796337,0.278875,1
puentes_4d.csv,0.158403,0.426313,0.516276,-0.470532,1
puentes_4d.csv,-0.244071,-0.499119,0.0700222,-0.499584,1
puentes_4d.csv,0.531787,0.417196,0.433248,0.239654,1
puentes_4d.csv,-0.00259814,0.293044,-0.525321,-0.199757,1
puentes_4d.csv,4.36363,3.94959,4.73434,4.25768,1
puentes_4d.csv,4.10524,3.80307,3.72409,3.61751,1
puentes_4d.csv,3.97068,3.66329,3.63686,4.02696,1
puentes_4d.csv,3.48567,3.61178,3.97633,3.58012,1
puentes_4d.csv,3.87812,4.32993,4.49922,3.9936,1
puentes_4d.csv,4.91523,4.08897,3.85545,4.27924,1
puentes_4d.csv,1.04241,1.18371,1.12536,1.08929,1
puentes_4d.csv,1.47817,1.54636,1.57753,1.44499,1
puentes_4d.csv,3.93028,3.99661,4.02585,3.86003,1
puentes_4d.csv,0.00691566,0.401466,0.0251979,0.0741852,1
puentes_4d.csv,0.074394,0.245156,0.0282459,-0.0700512,1
puentes_4d.csv,-0.134517,0.123846,0.180265,-0.339492,1
puentes_4d.csv,3.01013,2.95129,3.09072,3.09697,1
puentes_4d.csv,-0.63669,-0.217834,-0.177097,-0.104389,1
puentes_4d.csv,1.00661,1.28196,1.17122,1.17785,1
puentes_4d.csv,1.28171,1.33759,1.34768,1.47323,1
puentes_4d.csv,4.3901,3.81777,3.75953,4.18264,1
puentes_4d.csv,3.92009,4.24143,3.47481,4.46197,1
puentes_4d.csv,1.9197,-1.42763,5.51353,3.20937,-1
puentes_4d.csv,3.86157,3.54173,4.3185,3.58782,1
puentes_4d.csv,1.91957,1.81929,2.11012,2.04909,1
puentes_4d.csv,3.06326,3.13203,3.05471,2.94521,1
puentes_4d.csv,3.79297,3.96051,4.09042,4.41729,1
puentes_4d.csv,0.47265,0.099169,-0.0538766,-0.0490307,1
puentes_4d.csv,0.0244473,-0.0147035,0.444912,0.216297,1
puentes_4d.csv,2.59056,2.50176,2.57788,2.46097,1
puentes_4d.csv,4.05091,3.79131,4.15331,3.93572,1
puentes_4d.csv,1.72879,1.9195,2.0807,2.03832,1
puentes_4d.csv,-0.577279,5.15216,3.00381,5.9176,-1
puentes_4d.csv,-0.48815,0.0780029,-0.182356,0.3596,1
puentes_4d.csv,3.8557,4.12739,4.05294,3.83099,1
puentes_4d.csv,1.28994,-0.759115,5.27953,1.24507,-1
puentes_4d.csv,3.8996,5.38429,1.83743,-1.25484,-1
puentes_4d.csv,-0.236777,0.0591807,-0.110753,-0.0585325,1
puentes_4d.csv,4.23871,3.83855,3.5362,3.65231,1
puentes_4d.csv,-0.0753112,0.231854,0.486663,-0.149148,1
puentes_4d.csv,0.350836,4.98575,-0.79042,-1.1321,-1
puentes_4d.csv,-1.86336,4.69114,5.30336,0.978706,-1
puentes_4d.csv,2.36785,2.33773,1.63593,5.71157,-1
puentes_4d.csv,4.03086,3.53276,4.19465,3.58232,1
puentes_4d.csv,3.06389,3.87061,4.18545,3.23942,1
puentes_4d.csv,4.26434,4.4663,3.95216,3.32127,1
puentes_4d.csv,-0.335977,-0.107789,-0.482909,0.00407102,1
puentes_4d.csv,3.73739,3.74222,3.85576,3.75048,1
puentes_4d.csv,0.762727,0.670565,0.583769,0.633136,1
puentes_4d.csv,3.93598,3.97594,3.66585,3.94936,1
puentes_4d.csv,-0.0923637,0.026253,-0.0912259,-0.290939,1
puentes_4d.csv,0.823638,0.926563,0.839053,0.826428,1
puentes_4d.csv,0.9546,0.899744,0.967669,0.797709,1
puentes_4d.csv,3.85904,4.435,4.02324,4.32356,1
puentes_4d.csv,0.923569,0.188835,5.6414,4.27308,-1
puentes_4d.csv,-0.0358556,0.293076,-0.226261,-0.378531,1
puentes_4d.csv,3.67843,3.65433,4.17525,3.64396,1
puentes_4d.csv,3.97927,3.68852,3.65667,4.11099,1
puentes_4d.csv,1.8377,1.98289,1.91312,1.85316,1
puentes_4d.csv,4.04324,3.97208,4.57156,4.30221,1
puentes_4d.csv,3.95006,4.61862,4.19296,4.0701,1
puentes_4d.csv,4.00802,4.14485,3.87391,3.41863,1
puentes_4d.csv,-0.10385,-0.327791,-0.24735,0.428599,1
puentes_4d.csv,1.0165,0.986808,0.994825,1.00162,1
puentes_4d.csv,-0.136489,-0.238874,-0.238989,-0.159544,1
puentes_4d.csv,0.152093,-0.0879287,-0.00868378,-0.0108922,1
puentes_4d.csv,4.20673,5.19232,-1.40893,-0.655331,-1
puentes_4d.csv,4.21754,4.16178,4.19926,4.3272,1
puentes_4d.csv,3.28716,3.20731,3.30828,3.23801,1
puentes_4d.csv,4.43222,4.42785,3.84061,3.73531,1
puentes_4d.csv,0.123516,-0.126634,-0.232142,-0.112124,1
puentes_4d.csv,3.08691,3.19506,3.08536,3.09961,1
puentes_4d.csv,4.4295,4.38874,0.699127,4.66419,-1
puentes_4d.csv,4.38601,4.0701,3.80889,4.34509,1
puentes_4d.csv,-0.215367,-0.246958,0.460775,0.392322,1
puentes_4d.csv,4.11342,4.09874,3.62285,4.1358,1
puentes_4d.csv,3.87244,4.1816,3.70359,4.13478,1
puentes_4d.csv,0.442322,-0.157158,-0.0407947,-0.241669,1
puentes_4d.csv,-1.55018,3.41085,2.7294,1.06331,-1
puentes_4d.csv,4.0051,3.88373,3.8759,3.58927,1
puentes_4d.csv,4.02413,3.78935,3.59385,4.2794,1
puentes_4d.csv,0.121821,-0.0808557,-0.00102274,-0.151375,1
puentes_4d.csv,0.57309,0.534062,0.404967,0.421108,1
puentes_4d.csv,3.9403,3.90127,4.10061,4.14594,1
puentes_4d.csv,4.06426,4.42301,3.49553,4.32425,1
puentes_4d.csv,0.04171,0.00767296,-0.0589329,0.393677,1
puentes_4d.csv,0.595051,4.40393,0.352605,0.877804,-1
puentes_4d.csv,4.04515,3.91334,4.33697,3.72733,1
puentes_4d.csv,5.8528,-0.890477,-0.122558,5.46411,-1
puentes_4d.csv,1.97139,4.0482,0.0487054,-1.77595,-1
puentes_4d.csv,3.89723,4.15355,3.96491,4.13305,1
puentes_4d.csv,0.951408,0.88178,0.977791,0.910452,1
puentes_4d.csv,0.0427277,0.162369,0.40203,-0.470777,1
puentes_4d.csv,4.05835,4.83759,3.84718,4.00626,1
puentes_4d.csv,3.06561,1.98254,1.80383,-0.704567,-1
puentes_4d.csv,-0.317123,-0.0267491,0.64971,0.202286,1
puentes_4d.csv,4.13809,3.94347,3.99202,3.73862,1
puentes_4d.csv,1.06756,3.0303,5.83792,3.22955,-1
puentes_4d.csv,0.121111,-0.0629779,-0.157833,-0.0790886,1
puentes_4d.csv,0.102791,-0.0379313,0.352773,0.204021,1
puentes_4d.csv,3.7649,4.36274,3.8636,4.00741,1
puentes_4d.csv,3.80648,3.85274,4.12259,4.47681,1
puentes_4d.csv,3.9971,0.120157,-1.52041,-0.71683,-1
puentes_4d.csv,3.94966,4.27846,4.00877,4.50936,1
puentes_4d.csv,-0.0577845,0.134741,-0.0436091,0.560618,1
puentes_4d.csv,0.521815,0.750063,0.779267,0.708757,1
puentes_4d.csv,3.92281,4.31125,3.96882,3.84395,1
puentes_4d.csv,3.78777,3.70921,3.72649,3.78044,1
puentes_4d.csv,3.74182,4.39762,3.99429,3.50789,1
puentes_4d.csv,-0.445298,0.295875,-0.142692,0.0704531,1
puentes_4d.csv,3.97213,3.34966,4.50771,3.78477,1
puentes_4d.csv,4.49224,3.95895,4.71792,4.07005,1
puentes_4d.csv,-0.352058,-0.0707056,0.00729514,-0.121188,1
puentes_4d.csv,3.81204,3.85132,4.04594,4.39447,1
puentes_4d.csv,4.0121,4.20594,4.20142,4.70657,1
puentes_4d.csv,4.14539,4.20129,4.2664,4.14818,1
puentes_4d.csv,-1.43972,0.953773,3.34635,3.62305,-1
puentes_4d.csv,-0.375357,-0.355298,-0.455432,-0.138356,1
puentes_4d.csv,0.25035,-0.283015,-0.020349,0.455841,1
puentes_4d.csv,3.68686,4.17955,4.01549,3.81405,1
puentes_4d.csv,0.326705,0.342742,0.301087,0.214736,1
puentes_4d.csv,4.30342,4.39841,3.91192,4.18011,1
puentes_4d.csv,4.1924,4.83685,3.72348,3.89519,1
puentes_4d.csv,3.94953,4.09086,4.10776,4.2469,1
puentes_4d.csv,1.84777,1.9271,1.79763,1.87012,1
puentes_4d.csv,0.124159,0.0142026,0.0839831,0.478776,1
puentes_4d.csv,-1.12922,-0.157667,4.21353,-1.38844,-1
puentes_4d.csv,2.87174,3.51122,2.92708,5.22477,-1
puentes_4d.csv,2.60114,4.47147,4.40322,0.0613764,-1
puentes_4d.csv,3.76965,4.11617,3.63612,4.60561,1
puentes_4d.csv,0.407874,0.280626,0.500055,0.453518,1
puentes_4d.csv,-0.129198,-0.0439247,0.348053,-0.192454,1
puentes_4d.csv,-0.535958,-0.0457183,-0.136071,0.299776,1
puentes_4d.csv,-0.377932,-0.00583763,-0.188704,0.328777,1
puentes_4d.csv,1.52542,1.55434,1.55388,1.56343,1
puentes_4d.csv,0.0280382,0.437877,0.418606,-0.107681,1
puentes_4d.csv,3.98833,4.07773,4.05628,3.85195,1
puentes_4d.csv,4.03179,3.63458,4.58658,3.73954,1
puentes_4d.csv,1.60576,1.5504,1.61247,1.52766,1
puentes_4d.csv,0.661779,0.656036,0.301216,0.115856,1
puentes_4d.csv,3.66593,4.11839,4.26694,4.56872,1
puentes_4d.csv,-0.227589,-0.360013,0.29224,0.0480881,1
puentes_4d.csv,2.62582,2.59815,2.58321,2.57933,1
puentes_4d.csv,4.28477,3.92468,4.26543,3.31915,1
puentes_4d.csv,5.6591,5.38427,-0.365215,4.69706,-1
puentes_4d.csv,3.92641,3.16388,3.44773,4.09972,1
puentes_4d.csv,3.86523,3.87591,3.98095,3.90272,1
puentes_4d.csv,3.91526,3.8039,4.13282,3.86067,1
puentes_4d.csv,-0.0719006,0.0429923,0.0761449,0.0851176,1
puentes_4d.csv,4.62415,3.38397,-1.45265,1.79626,-1
puentes_4d.csv,0.496732,0.144386,-0.0930683,-0.165643,1
puentes_4d.csv,-0.142694,-0.291581,-0.471159,-0.538167,1
puentes_4d.csv,0.0198847,0.0361848,-0.069956,-0.291857,1
puentes_4d.csv,3.53828,4.09638,3.58186,3.9168,1
puentes_4d.csv,0.299367,0.505811,-0.238276,0.0647405,1
puentes_4d.csv,4.08089,3.80431,3.61015,3.69928,1
puentes_4d.csv,0.630495,0.721878,0.680902,0.574778,1
puentes_4d.csv,3.90768,4.37825,3.70512,4.15632,1
puentes_4d.csv,0.0394468,-0.347013,0.149837,0.212908,1
puentes_4d.csv,-0.0379159,0.222712,0.187629,0.623862,1
puentes_4d.csv,4.4424,4.08223,3.97791,3.97907,1
puentes_4d.csv,3.80327,3.7473,3.7915,3.6591,1
puentes_4d.csv,5.76201,2.8961,5.18866,3.36534,-1
puentes_4d.csv,2.47689,1.85969,4.52282,3.78594,-1
puentes_4d.csv,0.00643687,0.551805,-0.0158328,-0.448021,1
puentes_4d.csv,1.41475,1.29277,1.36581,1.42835,1
puentes_4d.csv,3.89216,3.68841,3.97824,3.91937,1
puentes_4d.csv,3.93158,4.02689,3.6243,3.7794,1
puentes_4d.csv,4.20894,4.44932,4.73839,3.92466,1
puentes_4d.csv,3.55833,4.56408,3.83689,3.83776,1
puentes_4d.csv,0.0158417,-0.486226,-0.0736793,0.0144326,1
puentes_4d.csv,5.26365,1.97172,-0.592646,4.30375,-1
puentes_4d.csv,-0.107578,-0.0185793,0.0369572,0.400925,1
puentes_4d.csv,0.391064,0.342437,0.514629,0.546152,1
puentes_4d.csv,-0.0744951,0.921042,1.73818,0.921853,-1
puentes_4d.csv,-1.17802,0.693519,3.03801,0.250415,-1
puentes_4d.csv,1.95087,2.18868,2.12032,1.96046,1
puentes_4d.csv,-0.376701,-0.165581,-0.073561,-0.108492,1
puentes_4d.csv,0.413365,-0.590428,-0.754725,1.33711,-1
puentes_4d.csv,0.161715,0.114901,0.0799243,0.259087,1
puentes_4d.csv,3.69197,3.94002,3.58363,3.89369,1
puentes_4d.csv,-0.087452,0.0736138,-0.0505279,0.0732081,1
puentes_4d.csv,0.130259,0.264161,0.103481,0.103731,1
puentes_4d.csv,-0.0863353,0.303485,0.637745,-0.0186968,1
puentes_4d.csv,-0.296041,0.0177873,0.523212,-0.290323,1
puentes_4d.csv,0.690074,0.56763,0.507194,0.466922,1
puentes_4d.csv,0.228948,-0.542286,-0.0942223,0.0341268,1
puentes_4d.csv,4.05068,3.95133,3.99626,4.00732,1
puentes_4d.csv,3.70092,-1.56435,0.788857,3.49785,-1
puentes_4d.csv,-0.0257007,0.595873,-0.269641,0.0721457,1
puentes_4d.csv,2.64773,3.50539,-1.61427,5.29966,-1
puentes_4d.csv,4.17246,4.00486,4.00081,4.07482,1
puentes_4d.csv,2.97866,5.4236,0.846779,4.7019,-1
puentes_4d.csv,3.56642,4.21435,4.09656,3.31694,1
puentes_4d.csv,3.76354,4.42256,3.97839,4.37658,1
puentes_4d.csv,4.21252,3.56206,4.07944,3.51056,1
puentes_4d.csv,0.306957,-0.53668,-0.0531569,-0.048692,1
puentes_4d.csv,1.91065,-1.38291,3.76261,-0.745379,-1
puentes_4d.csv,1.58508,5.67036,2.51041,1.4015,-1
puentes_4d.csv,0.569449,0.533056,0.38993,0.616491,1
puentes_4d.csv,3.35531,3.4286,3.47027,3.29525,1
puentes_4d.csv,2.34844,4.13391,2.09687,2.85207,-1
puentes_4d.csv,2.62681,4.38167,2.34978,3.6004,-1
puentes_4d.csv,3.86214,4.03775,3.66402,3.84343,1
puentes_4d.csv,1.46129,1.51976,1.31593,1.5746,1
puentes_4d.csv,3.28137,3.29382,3.3433,3.46958,1
puentes_4d.csv,1.43364,1.39781,1.40736,1.34587,1
puentes_4d.csv,0.893898,0.699345,0.764742,0.852426,1
puentes_4d.csv,0.356745,0.41792,-0.09501,-0.0796728,1
puentes_4d.csv,3.83383,4.21405,3.86271,4.03236,1
puentes_4d.csv,3.98108,4.062,4.16339,4.1441,1
puentes_4d.csv,5.74921,5.50124,4.70582,4.83761,-1
puentes_4d.csv,-1.30598,2.52015,0.054133,3.39866,-1
puentes_4d.csv,0.239,-0.251125,0.328233,-0.0500392,1
puentes_4d.csv,0.156966,-0.128007,-0.526621,-0.104582,1
puentes_4d.csv,3.89305,-0.53295,-0.632538,0.0246533,-1
puentes_4d.csv,4.71473,4.0338,4.1234,4.06082,1
puentes_4d.csv,0.128011,-0.212497,0.287949,-0.0942752,1
puentes_4d.csv,-0.164593,-0.767116,-0.164676,-0.293417,1
puentes_4d.csv,0.112476,-0.684526,-0.33549,-0.00942395,1
puentes_4d.csv,0.64487,0.629106,0.722898,0.61821,1
puentes_4d.csv,1.82295,1.78043,1.87253,1.89433,1
puentes_4d.csv,-0.272208,-0.0484353,-0.110043,0.497329,1
puentes_4d.csv,3.81726,4.02297,4.18325,3.83796,1
puentes_4d.csv,2.69821,2.5836,2.65222,2.68182,1
puentes_4d.csv,3.75884,3.93074,4.10757,3.79191,1
puentes_4d.csv,3.94166,3.69654,3.57012,4.70276,1
puentes_4d.csv,3.68086,3.76754,4.18511,3.96629,1
puentes_4d.csv,-1.46271,-0.333495,1.98501,4.9267,-1
puentes_4d.csv,3.75927,3.9011,3.99605,3.84296,1
puentes_4d.csv,0.356225,0.0437151,-0.256995,-0.353054,1
puentes_4d.csv,1.44823,1.42554,1.51286,1.44574,1
puentes_4d.csv,-0.0745968,-0.200894,-0.00408117,0.20586,1
puentes_4d.csv,0.0465709,0.0703497,0.162868,0.0664964,1
puentes_4d.csv,-0.0660877,0.558469,0.280797,0.114066,1
puentes_4d.csv,2.83339,2.83962,3.1423,0.441087,-1
puentes_4d.csv,4.17646,4.11231,4.31233,3.75028,1
puentes_4d.csv,3.71614,4.61213,4.30478,3.50986,1
puentes_4d.csv,3.94686,4.52296,4.26482,4.01772,1
puentes_4d.csv,-0.214781,-0.232305,0.0808418,-0.299663,1
puentes_4d.csv,4.77315,-0.201277,2.77568,2.27115,-1
puentes_4d.csv,4.61395,3.99762,3.67665,4.36853,1
puentes_4d.csv,4.39202,3.53331,3.89307,4.17553,1
puentes_4d.csv,2.35126,3.60202,3.0396,3.54194,1
puentes_4d.csv,3.69578,4.18967,4.37582,4.05451,1
puentes_4d.csv,0.232126,0.0622246,0.299416,-0.670172,1
puentes_4d.csv,3.91173,0.268543,-0.511228,-1.79985,-1
puentes_4d.csv,-0.20736,0.112675,0.0783818,-0.0385355,1
puentes_4d.csv,0.457633,-0.276028,-0.187207,0.541331,1
puentes_4d.csv,1.16423,4.11265,4.29324,5.56867,-1
puentes_4d.csv,3.60761,3.74227,3.71274,3.73769,1
puentes_4d.csv,4.06377,4.36869,3.73243,3.823,1
puentes_4d.csv,0.131529,-0.170442,-0.216117,0.474031,1
puentes_4d.csv,3.6208,4.06409,3.78129,4.11207,1
puentes_4d.csv,0.939271,0.922483,0.954246,0.764019,1
puentes_4d.csv,1.58578,1.48272,1.52975,1.46366,1
puentes_4d.csv,2.83677,1.5262,5.53708,2.9493,-1
puentes_4d.csv,-0.397031,0.248864,-0.228459,0.113311,1
puentes_4d.csv,4.00536,4.1944,4.06544,3.45511,1
puentes_4d.csv,3.69611,3.73184,3.61447,3.72963,1
puentes_4d.csv,-1.95302,2.59744,-0.620187,2.82633,-1
puentes_4d.csv,-0.140865,0.0141719,-0.324124,0.0482668,1
puentes_4d.csv,0.440676,0.403016,0.200764,-0.0425503,1
puentes_4d.csv,1.07283,1.2972,1.17896,1.25247,1
puentes_4d.csv,0.39966,-0.117488,0.0632749,-0.019223,1
puentes_4d.csv,0.00843353,-0.324688,0.0558855,-0.114381,1
puentes_4d.csv,-0.226931,0.096506,0.228285,0.0970407,1
puentes_4d.csv,-0.0494014,0.232298,-0.0740485,-0.109602,1
puentes_4d.csv,3.61975,3.71244,3.75767,4.06357,1
puentes_4d.csv,3.80887,-1.03273,4.86269,5.90073,-1
puentes_4d.csv,0.221211,0.44722,-0.28075,0.352749,1
puentes_4d.csv,3.24665,3.28973,3.27489,3.24214,1
puentes_4d.csv,4.90857,0.51095,3.67059,2.66477,-1
puentes_4d.csv,1.40852,1.19903,1.31342,1.21707,1
puentes_4d.csv,4.31513,4.07397,4.57997,3.5604,1
puentes_4d.csv,4.76709,3.77388,3.85076,3.9639,1
puentes_4d.csv,4.20026,4.03014,3.99622,4.06597,1
puentes_4d.csv,4.07052,3.55079,3.76305,3.64661,1
puentes_4d.csv,-0.292973,0.283446,0.119969,-0.262244,1
puentes_4d.csv,0.906521,3.89003,0.299134,1.59955,-1
puentes_4d.csv,1.14443,5.47177,3.8129,0.356324,-1
puentes_4d.csv,1.11207,0.208786,3.18596,3.94105,-1
puentes_4d.csv,4.29059,3.94956,4.76567,4.37765,1
puentes_4d.csv,2.67307,3.63694,5.76812,5.10329,-1
puentes_4d.csv,1.5515,1.34701,1.47131,1.37337,1
puentes_4d.csv,2.05605,2.0461,2.02413,2.14088,1
puentes_4d.csv,0.528256,0.626449,0.404899,0.556175,1
puentes_4d.csv,3.9698,4.46848,3.73737,4.31344,1
puentes_4d.csv,0.190051,4.46623,0.331413,-0.904322,-1
puentes_4d.csv,3.69992,3.51928,3.76989,4.26164,1
puentes_4d.csv,-0.54421,0.0345719,0.348789,0.198543,1
puentes_4d.csv,4.08445,3.43635,4.65298,3.94826,1
puentes_4d.csv,-0.0919306,-0.0653771,0.4326,-0.180175,1
puentes_4d.csv,3.43843,3.44646,3.32741,3.39261,1
puentes_4d.csv,3.84064,3.91707,3.34921,3.9227,1
puentes_4d.csv,-0.559165,-0.368991,-0.0972706,-0.0929253,1
puentes_4d.csv,-0.863136,3.61064,0.92003,5.14496,-1
puentes_4d.csv,2.07751,0.451654,1.45077,2.58022,-1
puentes_4d.csv,-0.500272,0.616134,0.0349808,-0.0291279,1
puentes_4d.csv,1.19513,3.28539,-0.811165,3.3591,-1
puentes_4d.csv,-0.0678631,-0.489149,0.0503915,0.175974,1
puentes_4d.csv,-0.106473,-0.204761,-0.496109,0.376001,1
puentes_4d.csv,0.214732,0.175367,0.110424,0.307819,1
puentes_4d.csv,3.94192,3.94998,4.27176,4.2377,1
puentes_4d.csv,5.42462,-0.439514,2.89415,4.83835,-1
puentes_4d.csv,-0.334512,-0.435205,-0.141759,0.366171,1
puentes_4d.csv,3.76155,4.13466,4.05937,3.73325,1
puentes_4d.csv,-0.105422,0.3858,-0.0762901,-0.21027,1
puentes_4d.csv,3.76104,4.21363,3.6672,4.20754,1
puentes_4d.csv,4.20466,4.5104,3.74801,4.05382,1
puentes_4d.csv,3.99346,4.39277,3.89238,3.9296,1
puentes_4d.csv,0.017983,0.0982021,-0.11369,0.204671,1
puentes_4d.csv,1.22289,1.40035,-1.40462,5.19004,-1
puentes_4d.csv,3.99517,4.2241,3.92265,4.16849,1
puentes_4d.csv,-0.164526,0.319615,-0.157177,0.163796,1
puentes_4d.csv,4.394,4.02041,4.22364,4.21602,1
puentes_4d.csv,2.12325,-0.700859,0.144393,-0.0716572,-1
puentes_4d.csv,4.43229,4.57985,4.58237,4.01666,1
puentes_4d.csv,0.481384,0.246665,-0.297481,0.092959,1
puentes_4d.csv,0.30372,-0.10997,-0.0184451,-0.448533,1
puentes_4d.csv,0.551457,-0.282546,0.182822,-0.265801,1
puentes_4d.csv,-0.331916,0.11002,0.307172,-0.0630169,1
puentes_4d.csv,0.171309,0.232622,0.182008,0.305539,1
puentes_4d.csv,4.50289,4.1562,4.27163,3.98704,1
puentes_4d.csv,4.47761,4.06,3.97063,3.84855,1
puentes_4d.csv,3.12985,3.12937,2.96448,3.02919,1
puentes_4d.csv,3.50304,3.43584,3.39055,3.45363,1
puentes_4d.csv,2.55583,2.73721,2.63537,2.65601,1
puentes_4d.csv,0.020464,0.37761,0.0105539,-0.00961423,1
puentes_4d.csv,3.26256,3.40205,3.32443,3.36494,1
puentes_4d.csv,-1.30908,5.72716,-1.62591,-1.53633,-1
puentes_4d.csv,0.29554,0.414544,0.210945,0.424144,1
puentes_4d.csv,4.14148,3.7544,3.9484,4.14899,1
puentes_4d.csv,0.294035,-0.164723,-0.203933,0.103864,1
puentes_4d.csv,3.947,4.13453,4.23625,4.26602,1
puentes_4d.csv,0.248352,-0.0421285,0.118677,-0.234273,1
puentes_4d.csv,-0.189143,0.155366,0.287397,-0.362888,1
puentes_4d.csv,4.03923,4.46877,3.59734,3.53297,1
puentes_4d.csv,2.34061,2.35606,2.37703,2.25221,1
puentes_4d.csv,-0.283467,-0.474018,-0.114626,0.161377,1
puentes_4d.csv,4.37308,4.09112,4.25977,3.94862,1
puentes_4d.csv,3.69875,3.89282,3.76029,4.17859,1
puentes_4d.csv,0.127844,-0.481623,-0.128304,0.372861,1
puentes_4d.csv,2.46339,2.49504,2.5275,2.52793,1
puentes_4d.csv,3.87458,4.31294,4.0703,3.51422,1
puentes_4d.csv,0.0114516,-0.466668,0.0230041,-0.706742,1
puentes_4d.csv,3.86055,4.32078,3.76384,4.28277,1
puentes_4d.csv,-0.198465,-0.278913,-0.207775,-0.0172398,1
puentes_4d.csv,-0.209097,-0.330427,-0.106624,-0.355463,1
puentes_4d.csv,2.48033,1.46482,5.92834,-0.879817,-1
puentes_4d.csv,3.72135,3.86374,3.71491,3.89766,1
puentes_4d.csv,4.2686,4.31032,4.48911,3.90531,1
puentes_4d.csv,4.00003,4.48532,3.76211,3.91826,1
puentes_4d.csv,4.23164,4.0999,4.04556,3.75999,1
puentes_4d.csv,5.23156,5.4872,1.16141,2.89249,-1
puentes_4d.csv,-0.0533698,0.161641,-0.27159,-0.0265576,1
puentes_4d.csv,0.0372682,0.354699,0.28283,0.0609133,1
puentes_4d.csv,-0.104388,0.188095,-0.462761,-0.141714,1
puentes_4d.csv,1.86595,2.00082,5.113,-1.07489,-1
puentes_4d.csv,4.07787,3.67235,3.90071,4.44905,1
puentes_4d.csv,-0.568553,0.0263191,-0.0101068,0.0539255,1
puentes_4d.csv,1.08146,0.97548,0.909789,1.02804,1
puentes_4d.csv,4.29697,3.97888,3.94364,3.78582,1
puentes_4d.csv,-0.270003,-0.279301,-0.366821,-0.117993,1
puentes_4d.csv,3.96028,4.11566,4.21597,4.05142,1
puentes_4d.csv,3.81167,4.00628,3.5916,3.51737,1
puentes_4d.csv,3.58867,3.58297,3.46566,3.39433,1
puentes_4d.csv,0.166157,-0.159202,0.413177,-0.0429528,1
puentes_4d.csv,4.00192,3.90521,4.40974,3.94128,1
puentes_4d.csv,2.17314,2.26835,2.26814,2.23864,1
puentes_4d.csv,3.88748,4.23073,3.46637,3.81636,1
puentes_4d.csv,0.267716,-0.504535,-0.167892,-0.607291,1
puentes_4d.csv,3.7705,3.46708,4.32656,4.17638,1
puentes_4d.csv,-0.150545,0.111356,0.157508,-0.381941,1
puentes_4d.csv,3.45205,3.81195,4.14181,4.00664,1
puentes_4d.csv,1.71087,3.32523,2.46152,3.87137,1
puentes_4d.csv,3.9764,3.96907,3.39331,3.45973,1
puentes_4d.csv,1.60273,1.55974,1.8051,1.71467,1
puentes_4d.csv,4.16097,4.70412,3.53349,3.28836,1
puentes_4d.csv,0.385266,-0.0409465,-0.645635,0.0435584,1
puentes_4d.csv,1.38822,1.36061,1.22417,1.29944,1
puentes_4d.csv,2.95197,2.87863,2.90879,2.83774,1
puentes_4d.csv,3.18973,3.30674,3.19524,3.24844,1
puentes_4d.csv,0.092705,0.0853342,-0.0947138,-0.219203,1
puentes_4d.csv,-0.0852741,-0.0129125,-0.0158404,-0.0462616,1
puentes_4d.csv,0.296229,0.0832346,0.228327,0.132999,1
puentes_4d.csv,-0.131902,0.326466,0.26633,-0.352281,1
puentes_4d.csv,0.391724,-0.2026,0.0468958,-0.117969,1
puentes_4d.csv,4.47514,5.12874,1.9558,1.39426,-1
puentes_4d.csv,3.87134,3.9221,3.97262,4.07506,1
puentes_4d.csv,4.1613,-1.26813,2.55468,-0.418674,-1
puentes_4d.csv,-0.0289173,-0.58264,-0.100978,-0.517767,1
puentes_4d.csv,1.4576,1.37036,1.46269,1.42183,1
puentes_4d.csv,5.26303,2.15967,-0.897705,1.90889,-1
puentes_4d.csv,4.31269,4.06762,4.21856,3.86793,1
puentes_4d.csv,3.74136,3.81891,4.22395,3.66964,1
puentes_4d.csv,3.31425,4.70806,4.07778,4.07708,1
puentes_4d.csv,3.79161,3.98247,4.19151,3.97539,1
puentes_4d.csv,3.7059,3.97889,3.93947,3.75287,1
puentes_4d.csv,0.192616,-0.593366,0.213679,0.779491,1
puentes_4d.csv,1.78715,1.81272,1.69579,1.80466,1
puentes_4d.csv,0.230746,-0.204699,0.0149014,-0.524289,1
puentes_4d.csv,-0.24231,-0.382823,0.166088,0.166162,1
puentes_4d.csv,0.296071,0.354708,0.321805,0.325569,1
puentes_4d.csv,4.03559,3.80242,4.62271,4.21382,1
puentes_4d.csv,2.73815,3.01159,2.87599,2.99648,1
puentes_4d.csv,0.268817,0.110886,-0.228388,0.00109355,1
puentes_4d.csv,0.377921,-0.0493987,0.276919,-0.2466,1
puentes_4d.csv,-1.88891,-0.913419,-0.0210023,5.53271,-1
puentes_4d.csv,0.113621,-0.190695,-0.497253,-0.4002,1
puentes_4d.csv,3.98666,3.98983,3.98823,3.94657,1
puentes_4d.csv,2.61554,-0.351428,1.50099,4.87415,-1
puentes_4d.csv,4.02964,3.69379,4.214,4.23146,1
puentes_4d.csv,3.27718,3.40031,3.36864,3.23757,1
puentes_4d.csv,4.01948,3.66915,3.86876,4.83052,1
puentes_4d.csv,5.90963,4.22543,1.85442,4.88862,-1
puentes_4d.csv,3.88692,4.09585,4.13714,3.50093,1
puentes_4d.csv,3.97197,4.4952,3.7465,4.11875,1
puentes_4d.csv,0.240066,0.164786,0.18724,0.114624,1
puentes_4d.csv,0.273438,-0.412349,-0.16412,-2.2658e-05,1
puentes_4d.csv,3.95945,4.33873,4.1633,4.30604,1
puentes_4d.csv,3.72125,3.85455,4.03916,4.54095,1
puentes_4d.csv,-0.221743,0.0861643,0.108361,0.32496,1
puentes_4d.csv,3.94445,4.15122,4.40637,3.72761,1
puentes_4d.csv,3.7619,3.87502,4.16631,4.0063,1
puentes_4d.csv,4.08479,4.14397,4.27743,4.01722,1
puentes_4d.csv,0.312701,-0.631479,0.0287761,0.240279,1
puentes_4d.csv,4.52384,4.26027,4.0278,4.26284,1
puentes_4d.csv,2.17525,-0.532854,2.62736,3.07556,-1
puentes_4d.csv,0.90986,1.02011,1.05884,1.10403,1
puentes_4d.csv,-0.326595,0.305284,0.262232,-0.0662838,1
puentes_4d.csv,0.101577,-0.00354915,0.71771,0.123874,1
puentes_4d.csv,-0.269289,0.881161,5.47608,-0.0315661,-1
puentes_4d.csv,3.52778,4.18541,3.50569,3.96562,1
puentes_4d.csv,5.99362,5.54703,3.79074,2.60779,-1
puentes_4d.csv,0.191816,4.91854,2.61187,5.27149,-1
puentes_4d.csv,4.39028,3.7208,3.74461,4.04098,1
puentes_4d.csv,3.8612,4.01702,3.94758,3.98363,1
puentes_4d.csv,1.77701,1.76433,1.7047,1.74409,1
puentes_4d.csv,0.0225593,-0.216228,0.0401775,-0.00553865,1
puentes_4d.csv,-0.0388031,0.15088,0.22304,-0.255215,1
puentes_4d.csv,0.445116,0.0906489,-0.072525,-0.421788,1
puentes_4d.csv,3.97519,4.13339,4.56892,4.07127,1
puentes_4d.csv,0.00406786,-0.257906,0.486459,0.349578,1
puentes_4d.csv,4.15575,4.15844,4.00997,3.68326,1
puentes_4d.csv,1.8186,1.94479,1.8632,1.91714,1
puentes_4d.csv,-1.91102,2.86332,-0.0171498,1.28659,-1
puentes_4d.csv,3.91138,3.78982,4.12086,3.75257,1
puentes_4d.csv,-0.0482394,0.855212,0.146596,0.0451431,1
puentes_4d.csv,2.82227,2.70061,2.67989,2.6807,1
puentes_4d.csv,3.41833,3.51859,3.48394,3.5734,1
puentes_4d.csv,4.02459,4.36821,3.91636,4.04208,1
puentes_4d.csv,5.58891,0.308203,0.391756,-1.15618,-1
puentes_4d.csv,-0.238393,-0.277326,0.422453,0.185615,1
puentes_4d.csv,0.175595,-0.344258,0.160053,-0.124686,1
puentes_4d.csv,2.65694,2.73076,2.81057,2.849,1
puentes_4d.csv,0.0545922,0.171853,-0.251734,0.0577346,1
puentes_4d.csv,-0.44292,0.171189,0.202651,-0.123153,1
puentes_4d.csv,-0.181686,3.79769,5.64211,-1.52292,-1
puentes_4d.csv,-0.231813,0.238459,0.0942816,-0.39788,1
puentes_4d.csv,-0.437139,-0.929339,2.86872,1.05022,-1
puentes_4d.csv,-0.0876012,-0.0350795,-0.0307173,-0.681785,1
puentes_4d.csv,-0.56235,-0.404667,0.327203,0.207523,1
puentes_4d.csv,3.86482,4.18288,4.35212,4.26154,1
puentes_4d.csv,-0.140746,-0.274499,0.0586461,0.0206795,1
puentes_4d.csv,-0.511655,1.16859,-1.9255,-0.725398,-1
puentes_4d.csv,2.75882,2.68215,2.72863,2.806,1
puentes_4d.csv,0.83317,0.910766,0.80834,0.875512,1
puentes_4d.csv,4.06124,-1.05092,3.94284,-0.511078,-1
puentes_4d.csv,3.7424,3.93713,3.88153,3.63973,1
puentes_4d.csv,4.32982,3.91528,4.10215,4.09164,1
puentes_4d.csv,5.55672,-0.181793,3.38022,2.11517,-1
puentes_4d.csv,4.05091,4.45724,3.97053,4.32304,1
puentes_4d.csv,0.501983,0.524951,0.545568,0.46523,1
puentes_4d.csv,3.80749,4.19411,4.07541,4.24355,1
puentes_4d.csv,4.23507,3.71429,3.6035,4.37834,1
puentes_4d.csv,4.12632,3.51741,4.24902,3.60937,1
puentes_4d.csv,0.523114,-0.239419,0.00890497,0.320795,1
puentes_4d.csv,-0.287275,0.61694,-0.566548,-0.338499,1
puentes_4d.csv,1.61199,2.90125,2.31631,2.7086,1
puentes_4d.csv,1.02278,1.14346,1.00368,1.00679,1
puentes_4d.csv,3.93774,4.33349,4.06385,4.02069,1
puentes_4d.csv,4.32907,3.90083,4.02627,3.5742,1
puentes_4d.csv,5.75482,-0.932687,0.243378,3.69303,-1
puentes_4d.csv,0.123997,-0.305692,0.0262227,-0.0584645,1
puentes_4d.csv,3.60049,3.60739,3.51221,3.73152,1
puentes_4d.csv,-1.35039,2.42969,1.86346,4.17173,-1
puentes_4d.csv,-0.315684,0.0970784,0.541076,0.519589,1
puentes_4d.csv,0.287274,-0.705708,-0.0624157,0.255216,1
puentes_4d.csv,0.0875308,-0.537234,0.062395,-0.494639,1
puentes_4d.csv,0.379388,-0.426064,-0.259949,-0.200042,1
puentes_4d.csv,4.37006,3.61801,3.63342,3.6407,1
puentes_4d.csv,4.14567,4.32646,4.18869,4.25399,1
puentes_4d.csv,2.06537,0.180386,-1.67224,3.79434,-1
puentes_4d.csv,0.0241242,-0.0977375,-0.508036,-0.078946,1
puentes_4d.csv,3.67371,4.35584,4.11,4.31983,1
puentes_4d.csv,0.32686,-0.021157,0.320448,0.102977,1
puentes_4d.csv,4.13695,4.20163,4.44233,3.90481,1
puentes_4d.csv,3.03632,1.44275,2.14653,1.50139,-1
puentes_4d.csv,3.93519,4.19655,3.87733,3.92282,1
puentes_4d.csv,-0.34216,0.0257691,0.178212,-0.2323,1
puentes_4d.csv,-0.00420412,0.380927,-0.309097,-0.0275608,1
puentes_4d.csv,3.87889,4.20024,3.55275,4.01035,1
puentes_4d.csv,2.50717,2.51901,2.52931,2.57207,1
puentes_4d.csv,1.27584,1.28991,1.26185,1.3678,1
puentes_4d.csv,-0.340706,-0.197653,-0.0549995,0.136285,1
puentes_4d.csv,1.94723,2.06625,2.01423,2.13918,1
puentes_4d.csv,0.493898,0.33401,0.382378,0.501778,1
puentes_4d.csv,3.34651,4.42508,4.05569,3.57114,1
puentes_4d.csv,0.324275,0.764361,-0.0286236,-0.0545586,1
puentes_4d.csv,-0.039773,0.311149,-0.455498,-0.0543564,1
puentes_4d.csv,2.1587,2.21103,2.19772,2.34418,1
puentes_4d.csv,3.38819,4.19286,3.93936,4.13558,1
puentes_4d.csv,3.78227,4.21867,3.6466,4.14894,1
puentes_4d.csv,-0.288976,-0.0742864,-0.789431,0.377616,1
puentes_4d.csv,1.64924,1.59627,1.48004,1.47392,1
puentes_4d.csv,5.41684,-1.38259,-1.19822,-1.30369,-1
puentes_4d.csv,4.57944,3.82738,4.04962,4.01537,1
puentes_4d.csv,3.8616,4.13997,3.86676,3.98591,1
puentes_4d.csv,0.394403,4.17989,4.03081,3.52816,-1
puentes_4d.csv,-0.436083,0.234619,0.0411753,0.123633,1
puentes_4d.csv,-0.0463152,-0.386279,0.192856,-0.117421,1
puentes_4d.csv,0.855593,0.884651,0.693978,0.792347,1
puentes_4d.csv,4.06526,4.24661,3.93875,3.74566,1
puentes_4d.csv,4.17673,4.37944,3.86828,3.91666,1
puentes_4d.csv,4.02775,3.70277,4.21545,4.28394,1
puentes_4d.csv,1.01668,5.86742,4.48281,-0.290667,-1
puentes_4d.csv,3.96439,3.69493,3.5185,4.19128,1
puentes_4d.csv,0.48886,0.0197419,0.0388157,-0.378763,1
puentes_4d.csv,3.74743,3.70578,3.92308,3.66119,1
puentes_4d.csv,0.201977,-0.240081,-0.0358458,0.20736,1
puentes_4d.csv,-0.0827358,-0.165632,0.0362242,0.224465,1
puentes_4d.csv,-0.50404,-0.0192773,-0.319868,0.0350406,1
puentes_4d.csv,2.12651,2.05572,2.02111,2.07064,1
puentes_4d.csv,4.38755,3.5124,4.47293,4.10892,1
puentes_4d.csv,-0.858247,-1.25991,0.229235,2.63346,-1
puentes_4d.csv,-0.155495,5.78348,4.0046,3.6793,-1
puentes_4d.csv,4.2307,4.60825,1.96718,5.54647,-1
puentes_4d.csv,5.82186,-1.09651,3.75784,4.70697,-1
puentes_4d.csv,4.45694,4.60039,3.95649,4.095,1
puentes_4d.csv,0.174994,0.576768,0.658084,4.67539,-1
puentes_4d.csv,2.15671,2.24058,2.3698,2.18339,1
puentes_4d.csv,0.66109,0.626403,0.678054,0.604892,1
puentes_4d.csv,3.18864,3.27058,3.16916,3.22318,1
puentes_4d.csv,4.10089,4.01258,3.68997,3.9774,1
puentes_4d.csv,3.89463,3.79962,3.7793,3.84045,1
puentes_4d.csv,0.717426,0.787738,0.767533,0.755717,1
puentes_4d.csv,3.52229,4.10815,4.37225,4.18656,1
puentes_4d.csv,-0.222244,0.0218722,0.120926,0.441579,1
puentes_4d.csv,-0.582645,0.425619,0.0485131,0.211494,1
puentes_4d.csv,0.721423,0.649372,0.643889,0.678651,1
puentes_4d.csv,0.0497871,0.480572,0.0176062,0.319327,1
puentes_4d.csv,5.06097,5.53142,2.63453,-0.439968,-1
puentes_4d.csv,3.64059,3.55358,3.51395,4.08432,1
puentes_4d.csv,1.40086,1.76759,4.54883,-1.1749,-1
puentes_4d.csv,3.73837,3.98361,3.91175,3.98092,1
puentes_4d.csv,4.29616,3.86106,4.28024,4.5661,1
puentes_4d.csv,4.40871,3.85973,3.98624,3.91012,1
puentes_4d.csv,0.183982,-0.0469338,-0.0897992,0.378077,1
puentes_4d.csv,-0.516465,3.64399,1.52121,-1.25491,-1
puentes_4d.csv,-0.0993385,0.450774,-0.836434,-0.476162,1
puentes_4d.csv,-0.0937932,0.223168,0.0908734,-0.613987,1
puentes_4d.csv,1.96031,1.37941,-1.73906,5.85244,-1
puentes_4d.csv,-0.264352,-0.197825,-0.00887646,0.103698,1
puentes_4d.csv,-0.540687,-0.167647,-0.175995,-0.139972,1
puentes_4d.csv,3.34432,5.98821,0.0639903,-1.6734,-1
puentes_4d.csv,0.0598746,-0.0378353,0.0591057,-0.969317,1
puentes_4d.csv,-1.66816,-0.794235,4.9882,1.39304,-1
puentes_4d.csv,3.79302,3.70091,3.73726,3.64818,1
puentes_4d.csv,-1.19125,-0.332958,1.5289,2.10112,-1
puentes_4d.csv,-1.91575,2.05065,5.61821,3.70733,-1
puentes_4d.csv,3.63326,4.09914,2.26237,3.77686,-1
puentes_4d.csv,-0.747896,5.13152,4.77358,-0.736703,-1
puentes_4d.csv,1.51672,1.68783,1.67134,1.71323,1
puentes_4d.csv,4.08345,4.07089,3.83531,4.42392,1
puentes_4d.csv,4.16384,4.24377,3.91528,4.21808,1
puentes_4d.csv,0.816174,0.815256,0.759934,0.936786,1
puentes_4d.csv,2.56688,3.7737,3.35713,-1.12061,-1
puentes_4d.csv,0.0115341,-0.28455,0.484014,0.114276,1
puentes_4d.csv,-0.196053,0.200426,-0.0646231,0.0557936,1
puentes_4d.csv,2.51567,2.63539,2.63454,2.59343,1
puentes_4d.csv,-0.142006,0.313757,-0.180702,-0.113919,1
puentes_4d.csv,2.17731,3.55327,0.632242,-1.9883,-1
puentes_4d.csv,-0.00751804,-0.220879,-0.215246,-0.291767,1
puentes_4d.csv,-0.35949,0.0598572,0.140532,-0.249346,1
puentes_4d.csv,-0.0794959,-0.267959,0.557542,0.0175613,1
puentes_4d.csv,2.3386,2.29593,2.3692,2.49007,1
puentes_4d.csv,0.470218,0.159646,-0.0341713,-0.40389,1
puentes_4d.csv,-0.00738779,0.0102426,0.0538648,-0.558593,1
puentes_4d.csv,4.54614,3.76449,4.16426,3.62831,1
puentes_4d.csv,0.99316,0.519203,1.52198,4.78832,-1
puentes_4d.csv,3.24013,4.59294,0.956474,4.21937,-1
puentes_4d.csv,3.6544,3.43408,4.26951,4.27164,1
puentes_4d.csv,-0.2453,-0.403907,-0.112725,-0.413917,1
puentes_4d.csv,3.53768,3.23401,4.28111,4.53712,1
puentes_4d.csv,4.07697,5.91116,4.62828,-0.288229,-1
puentes_4d.csv,4.38673,4.22882,4.05457,4.24144,1
puentes_4d.csv,1.73383,-0.886864,1.38362,-0.5709,-1
puentes_4d.csv,2.20436,2.10169,2.12709,2.27073,1
puentes_4d.csv,2.42316,2.41566,2.45553,2.38217,1
puentes_4d.csv,1.35393,1.72792,2.04618,2.22497,1
puentes_4d.csv,0.89209,0.796735,0.728746,0.823164,1
puentes_4d.csv,3.40687,3.60794,3.42031,3.5916,1
puentes_4d.csv,2.41922,2.30319,2.38751,2.07891,1
puentes_4d.csv,0.173612,0.0113661,0.242843,0.19877,1
puentes_4d.csv,3.512,3.85932,4.21734,3.79402,1
puentes_4d.csv,4.0189,4.21043,3.78179,4.15077,1
puentes_4d.csv,4.09366,3.88223,4.08093,3.3784,1
puentes_4d.csv,1.58602,-0.435908,2.81479,3.56561,-1
puentes_4d.csv,4.13563,4.24766,4.07674,3.41415,1
puentes_4d.csv,3.81043,4.30579,3.64912,3.49428,1
puentes_4d.csv,-0.19724,0.218881,-0.33533,-0.181331,1
puentes_4d.csv,0.0643758,-0.120648,0.234732,-0.0469079,1
puentes_4d.csv,3.69437,3.81678,3.82902,4.3452,1
puentes_4d.csv,0.433553,0.252793,0.405023,0.268654,1
puentes_4d.csv,3.8467,4.80484,3.53805,3.90219,1
puentes_4d.csv,4.06609,3.82929,3.60445,3.94535,1
puentes_4d.csv,2.89018,4.79184,0.640124,0.933578,-1
puentes_4d.csv,3.73373,3.83295,4.49612,3.26,1
puentes_4d.csv,-0.950117,-0.214197,-0.333709,-0.376255,1
puentes_4d.csv,0.0304401,-0.126505,-0.207877,-0.233482,1
puentes_4d.csv,2.82165,2.92025,2.90273,2.99047,1
puentes_4d.csv,4.31733,4.04344,3.72021,3.94551,1
puentes_4d.csv,0.193591,-0.0127959,0.0667583,-0.0813106,1
puentes_4d.csv,0.487526,-0.108945,0.362259,0.262898,1
puentes_4d.csv,-0.625738,0.262657,-1.50572,0.666825,1
puentes_4d.csv,5.77832,-0.943688,4.78359,2.01451,-1
puentes_4d.csv,2.94645,2.87427,2.82151,2.79258,1
puentes_4d.csv,0.549872,-0.188916,-0.172885,0.241331,1
puentes_4d.csv,3.19665,0.294001,2.33641,5.0569,-1
puentes_4d.csv,1.82317,1.85694,2.00811,1.86741,1
puentes_4d.csv,1.37551,-1.60545,3.11928,3.12294,-1
puentes_4d.csv,-0.0447873,0.596029,-0.202641,-0.0887487,1
puentes_4d.csv,-1.75043,4.09734,0.00689576,2.03877,-1
puentes_4d.csv,2.83001,-1.41223,1.99364,1.69188,-1
puentes_4d.csv,-0.244873,5.39005,5.65945,2.31884,-1
puentes_4d.csv,0.119118,0.575858,-0.39842,0.164909,1
puentes_4d.csv,1.80508,1.8066,1.58422,1.72513,1
puentes_4d.csv,0.0646109,0.305665,-0.416171,0.367636,1
puentes_4d.csv,5.40285,-1.43621,-0.91512,3.82752,-1
puentes_4d.csv,-0.0597983,0.294302,-0.361682,-0.306201,1
puentes_4d.csv,-0.185091,-0.356066,0.123801,-0.189752,1
puentes_4d.csv,3.88236,4.00176,4.01317,3.8727,1
puentes_4d.csv,-0.840017,5.13808,4.03904,-0.769224,-1
puentes_4d.csv,3.0862,3.12988,3.06866,2.99815,1
puentes_4d.csv,0.295448,-0.13921,-0.021618,-0.0315805,1
puentes_4d.csv,0.0986587,-0.48951,-0.0317091,0.215554,1
puentes_4d.csv,0.0703781,-0.0601923,-0.0993036,-0.0726578,1
puentes_4d.csv,1.88211,2.09034,1.95369,2.08505,1
puentes_4d.csv,2.66644,4.79201,3.08263,2.07721,-1
puentes_4d.csv,3.01339,3.02839,2.91183,2.8699,1
puentes_4d.csv,3.56279,4.02396,3.77807,3.92592,1
puentes_4d.csv,0.492421,0.345707,-0.180543,-0.364699,1
puentes_4d.csv,-0.0510253,0.0554789,0.678536,0.337632,1
puentes_4d.csv,4.55267,2.37949,5.20913,2.93374,-1
puentes_4d.csv,2.37081,4.35671,4.38255,3.18199,1
puentes_4d.csv,3.80673,4.69521,4.65512,3.51131,1
puentes_4d.csv,-1.34768,1.27911,-0.0583038,2.77317,-1
puentes_4d.csv,-0.83203,-0.978362,1.38393,5.32819,-1
puentes_4d.csv,0.295942,0.298142,0.00612563,-0.174555,1
puentes_4d.csv,0.0399985,0.154144,-0.205446,-0.092087,1
puentes_4d.csv,1.11937,1.16765,1.08259,1.21394,1
puentes_4d.csv,4.16345,3.7048,4.42486,3.95747,1
puentes_4d.csv,4.47868,3.86663,4.37215,4.27218,1
puentes_4d.csv,0.315082,0.322146,0.239458,0.347738,1
puentes_4d.csv,3.61673,3.879,4.04019,4.28229,1
puentes_4d.csv,3.63325,3.75082,4.35864,4.07609,1
puentes_4d.csv,4.38259,4.18316,3.95887,4.18997,1
puentes_4d.csv,5.92366,3.54147,1.92755,1.28866,-1
puentes_4d.csv,0.181251,-0.403812,0.217841,0.299408,1
puentes_4d.csv,1.33107,3.70136,1.64955,2.39062,-1
puentes_4d.csv,0.0487996,-0.217552,0.146761,0.46981,1
puentes_4d.csv,2.08668,2.2176,2.09604,2.12143,1
puentes_4d.csv,3.66811,4.28018,3.96357,4.30335,1
puentes_4d.csv,3.93884,4.10482,4.16631,4.25595,1
puentes_4d.csv,0.28675,-0.263284,-0.577115,0.208736,1
puentes_4d.csv,1.53616,1.64289,1.44655,1.74045,1
puentes_4d.csv,4.7184,3.98218,3.90087,3.48376,1
puentes_4d.csv,-0.0175717,-0.401394,-1.49547,0.578364,1
puentes_4d.csv,4.49119,3.60222,3.84113,3.85505,1
puentes_4d.csv,4.27125,4.71662,4.17014,3.79732,1
puentes_4d.csv,-0.243381,0.0394264,-0.230899,0.076103,1
puentes_4d.csv,4.44094,2.77149,3.94836,-0.774801,-1
puentes_4d.csv,3.80098,3.863,3.59091,3.67095,1
puentes_4d.csv,2.82594,2.74853,2.73107,2.71429,1
puentes_4d.csv,5.96853,3.63513,1.65478,4.64796,-1
puentes_4d.csv,3.86747,3.27315,4.08334,3.88268,1
puentes_4d.csv,4.56217,4.48866,4.42401,3.99351,1
puentes_4d.csv,-0.77821,0.201449,3.91734,1.07802,-1
puentes_4d.csv,3.54671,3.52701,3.65333,3.61415,1
puentes_4d.csv,4.10606,3.66656,3.71683,4.20422,1
puentes_4d.csv,3.00854,1.16786,3.72893,4.63791,-1
puentes_4d.csv,0.0685113,0.189528,0.3041,0.0729635,1
puentes_4d.csv,3.87272,3.96918,4.20419,3.94137,1
puentes_4d.csv,4.33131,4.79648,3.96993,4.18308,1
puentes_4d.csv,2.73157,3.00463,2.87685,3.01214,1
puentes_4d.csv,-0.121782,-0.570019,-0.292905,-0.159599,1
puentes_4d.csv,3.85608,3.83348,4.35269,4.04514,1
puentes_4d.csv,5.79247,-0.253698,3.46618,0.364786,-1
puentes_4d.csv,3.78366,4.11675,4.24169,4.42232,1
puentes_4d.csv,3.88977,4.17258,4.13181,3.78155,1
puentes_4d.csv,2.24349,2.30244,2.23784,2.21045,1
puentes_4d.csv,4.21663,3.90186,3.60619,3.85799,1
puentes_4d.csv,-0.00473831,0.286889,-0.0607042,-0.137379,1
puentes_4d.csv,1.39768,1.37887,1.49868,1.33285,1
puentes_4d.csv,-0.423567,-0.563061,-0.305897,0.0503827,1
puentes_4d.csv,3.92724,3.9597,3.99123,4.07164,1
puentes_4d.csv,-0.155611,-0.0187196,-0.0308732,-0.0847885,1
puentes_4d.csv,-0.211416,0.254202,-0.0255616,-0.327807,1
puentes_4d.csv,0.641392,0.40833,0.644414,0.47182,1
puentes_4d.csv,3.69969,4.13289,3.86667,4.52686,1
puentes_4d.csv,2.54344,2.72359,2.83867,2.57913,1
puentes_4d.csv,0.518396,-0.279479,0.272709,0.0912187,1
puentes_4d.csv,3.86837,4.01404,3.48474,3.98195,1
puentes_4d.csv,-0.111534,0.0478236,-0.0883187,-0.258128,1
puentes_4d.csv,-0.424656,0.488883,0.31572,-0.0445216,1
puentes_4d.csv,2.49856,2.56561,2.28757,2.36511,1
puentes_4d.csv,3.58813,4.20624,3.92352,3.93924,1
puentes_4d.csv,3.50341,4.23234,3.68685,3.71933,1
puentes_4d.csv,4.03555,3.46405,3.67931,4.37541,1
puentes_4d.csv,3.7277,4.13292,4.12626,3.9398,1
puentes_4d.csv,1.65179,2.84767,0.150657,0.62807,-1
puentes_4d.csv,-0.119209,-0.126908,-0.162207,0.0693052,1
puentes_4d.csv,2.3509,2.56008,2.36643,2.37532,1
puentes_4d.csv,4.99372,2.21875,2.53821,-0.860297,-1
puentes_4d.csv,2.92448,3.04779,3.03856,2.98126,1
puentes_4d.csv,3.19813,3.15689,3.19816,3.1547,1
puentes_4d.csv,3.26542,3.39565,3.28698,3.24666,1
puentes_4d.csv,0.624667,0.598124,0.707152,0.708249,1
puentes_4d.csv,5.32466,5.65687,4.52194,1.70871,-1
puentes_4d.csv,2.23722,2.32731,2.25531,2.28695,1
puentes_4d.csv,5.61707,1.04271,2.32545,0.618057,-1
puentes_4d.csv,0.0719429,-0.260472,0.270602,0.209247,1
puentes_4d.csv,-0.112667,0.0454823,-0.519297,0.0472388,1
puentes_4d.csv,0.113007,-0.219346,-0.258368,-0.0422972,1
puentes_4d.csv,0.110976,0.105081,0.346809,0.0609725,1
puentes_4d.csv,5.47813,4.22875,-0.414641,-1.67704,-1
puentes_4d.csv,2.29746,2.26412,2.25177,2.2763,1
puentes_4d.csv,0.267275,0.167086,0.0350484,-0.0923323,1
puentes_4d.csv,4.05811,3.62686,4.50275,4.09461,1
puentes_4d.csv,0.15196,0.19323,-0.920096,-0.404783,1
puentes_4d.csv,4.25036,4.23979,3.97017,4.30106,1
puentes_4d.csv,3.76244,4.01152,3.5324,4.02938,1
puentes_4d.csv,0.0250612,0.0963214,-0.100757,-0.161065,1
puentes_4d.csv,4.41477,3.91956,4.42985,3.79726,1
puentes_4d.csv,3.73069,3.87997,3.71484,3.78451,1
puentes_4d.csv,-0.276385,0.28419,-0.15317,0.0844878,1
puentes_4d.csv,4.04381,3.44147,3.81098,3.9949,1
puentes_4d.csv,1.64288,1.69467,1.61207,1.78745,1
puentes_4d.csv,-1.38182,3.59696,0.546106,3.26375,-1
puentes_4d.csv,5.21511,5.01195,3.88767,3.64817,1
puentes_4d.csv,3.79228,3.77735,4.21131,4.00592,1
puentes_4d.csv,-1.10101,0.399829,0.106724,1.58103,-1
puentes_4d.csv,4.14034,3.99832,3.91408,3.95003,1
puentes_4d.csv,4.41877,2.59768,0.66523,-0.481809,-1
puentes_4d.csv,0.649681,3.78493,3.35599,4.10822,-1
puentes_4d.csv,-0.0582433,-0.0603648,0.195692,0.0261637,1
puentes_4d.csv,2.41753,2.33844,2.37734,2.38073,1
puentes_4d.csv,4.46045,3.55076,4.36695,4.02574,1
puentes_4d.csv,3.74341,3.68179,3.56692,3.53623,1
puentes_4d.csv,3.65453,4.10317,3.70348,4.31618,1
puentes_4d.csv,3.86782,3.95688,4.41588,3.66287,1
puentes_4d.csv,-0.0681151,0.665036,-0.750948,0.252796,1
puentes_4d.csv,0.329938,0.547613,0.391076,0.394875,1
puentes_4d.csv,3.51415,4.37303,4.2344,3.80237,1
puentes_4d.csv,1.45404,1.45189,1.41896,1.4517,1
puentes_4d.csv,2.95369,2.95124,2.91575,2.85861,1
puentes_4d.csv,0.422525,0.471387,0.428327,0.456122,1
puentes_4d.csv,-0.151795,-0.211841,0.240361,0.113732,1
puentes_4d.csv,0.664273,-0.266722,0.0797998,-0.214231,1
puentes_4d.csv,0.54679,0.56375,0.497554,0.590264,1
puentes_4d.csv,0.98877,0.994628,0.907504,0.834489,1
puentes_4d.csv,-0.398724,0.0834101,-0.32243,0.200495,1
puentes_4d.csv,3.6974,4.27545,4.5793,4.08551,1
puentes_4d.csv,0.200041,0.247531,0.317602,0.174169,1
puentes_4d.csv,-0.00536635,0.120901,-0.494135,-0.206892,1
puentes_4d.csv,-0.292031,-0.041213,0.284072,0.32762,1
puentes_4d.csv,0.0960943,-0.212749,-0.577518,0.252489,1
puentes_4d.csv,0.146106,0.257951,0.219531,0.0869384,1
puentes_4d.csv,0.744059,0.731472,-1.24158,2.90785,-1
puentes_4d.csv,-0.0447418,0.106512,0.260312,0.170952,1
puentes_4d.csv,4.31305,4.28214,4.24894,3.31759,1
puentes_4d.csv,3.75142,4.35583,3.77307,3.86634,1
puentes_4d.csv,2.19992,2.28264,0.768675,5.1968,-1
puentes_4d.csv,2.61549,1.9367,5.09954,2.55224,-1
puentes_4d.csv,3.85003,4.17629,3.72204,4.52109,1
puentes_4d.csv,3.39786,-1.32599,4.60503,2.68182,-1
puentes_4d.csv,-0.0732728,-0.876009,-0.0317702,0.199763,1
puentes_4d.csv,0.42519,0.242171,0.013647,-0.0699276,1
puentes_4d.csv,2.01701,1.99805,2.00075,1.8469,1
puentes_4d.csv,3.18452,3.20102,3.13495,3.25137,1
puentes_4d.csv,0.310163,-0.637373,0.166647,-0.267477,1
puentes_4d.csv,4.03069,3.62083,4.04329,4.05265,1
puentes_4d.csv,4.00884,3.95354,3.83569,4.91136,1
puentes_4d.csv,-0.411528,-0.233663,-1.47289,4.67675,-1
puentes_4d.csv,-0.280125,-0.141081,-0.198317,0.287251,1
puentes_4d.csv,0.283763,0.18392,0.202095,0.447737,1
puentes_4d.csv,-0.0900697,-0.189678,-0.061295,0.0641087,1
puentes_4d.csv,3.79579,3.90004,4.26247,4.216,1
puentes_4d.csv,1.39446,1.60129,0.41484,3.71323,-1
puentes_4d.csv,-0.858639,0.357958,4.17779,1.86787,-1
puentes_4d.csv,4.04967,4.37292,3.6128,3.58108,1
puentes_4d.csv,2.2462,2.38032,2.4551,2.19946,1
puentes_4d.csv,2.29392,1.08825,3.39952,-0.0333293,-1
puentes_4d.csv,0.199696,-0.269527,0.457099,-0.328508,1
puentes_4d.csv,4.3362,3.84907,4.13552,4.00961,1
puentes_4d.csv,0.706236,3.69971,-1.36731,0.353594,-1
puentes_4d.csv,1.06939,1.17737,4.52151,5.522,-1
puentes_4d.csv,-1.41553,-1.24116,-0.187782,4.87289,-1
puentes_4d.csv,-1.02122,0.123632,4.58949,2.60835,-1
puentes_4d.csv,3.38497,4.19193,4.42624,4.37399,1
puentes_4d.csv,0.148074,0.452612,-0.46463,0.310259,1
puentes_4d.csv,-0.971488,2.93827,-1.12745,4.43763,-1
puentes_4d.csv,-0.266157,-0.229494,-0.227149,-0.204079,1
puentes_4d.csv,-1.74593,-0.506614,2.5492,2.14662,-1
puentes_4d.csv,0.321965,0.37796,0.134014,0.269154,1
puentes_4d.csv,-0.0538187,-0.125367,0.195247,0.0415504,1
puentes_4d.csv,0.0543105,0.353359,-0.100503,0.309334,1
puentes_4d.csv,1.76538,1.70465,1.64269,1.7115,1
puentes_4d.csv,3.81585,3.53845,3.85264,4.5601,1
puentes_4d.csv,0.655294,0.0948585,0.219992,0.223871,1
puentes_4d.csv,3.88034,3.30941,3.38751,3.74936,1
puentes_4d.csv,3.91908,4.39163,4.30354,4.33184,1
puentes_4d.csv,3.4692,3.53928,3.42963,3.43958,1
puentes_4d.csv,0.333511,0.0542871,0.39984,0.296678,1
puentes_4d.csv,0.126038,0.249836,-0.122434,-0.274253,1
puentes_4d.csv,3.9911,3.77101,4.02516,4.16308,1
puentes_4d.csv,3.95027,4.47132,3.59131,3.54602,1
puentes_4d.csv,-0.230421,0.200476,0.362689,0.550668,1
puentes_4d.csv,3.76809,3.78626,3.79832,3.84352,1
puentes_4d.csv,-0.355034,0.0281944,-0.10018,-0.00386104,1
puentes_4d.csv,4.33038,3.96526,4.20502,4.56525,1
puentes_4d.csv,0.206041,0.17573,0.139731,-0.425368,1
puentes_4d.csv,3.9098,4.37542,4.17862,4.45964,1
puentes_4d.csv,5.42326,-1.81693,-1.28051,2.62309,-1
puentes_4d.csv,-0.716189,4.73144,2.61194,2.6876,-1
puentes_4d.csv,0.261017,-0.298443,0.0333406,-0.528947,1
puentes_4d.csv,0.514812,0.392458,-0.295507,0.151706,1
puentes_4d.csv,3.52979,4.32134,4.32684,4.05602,1
puentes_4d.csv,4.85222,1.82171,0.172345,1.9492,-1
puentes_4d.csv,3.81016,3.8176,3.77284,3.84309,1
puentes_4d.csv,4.0759,3.80492,4.06841,4.69914,1
puentes_4d.csv,2.8935,2.90147,2.79198,2.69254,1
puentes_4d.csv,0.201736,0.387134,0.229043,0.154875,1
puentes_4d.csv,0.457214,-0.0389766,0.227407,-0.179517,1
puentes_4d.csv,-0.127523,-0.532573,-0.355397,0.0437938,1
puentes_4d.csv,1.905,1.88605,1.76971,1.74092,1
puentes_4d.csv,-0.587009,0.608175,-0.347923,-0.565629,1
puentes_4d.csv,4.03606,4.1036,3.99762,3.93406,1
puentes_4d.csv,-1.5893,1.4617,1.35775,4.86292,-1
puentes_4d.csv,3.28613,4.25363,0.0620353,3.45223,-1
puentes_4d.csv,4.1271,3.53314,4.18981,4.3162,1
puentes_4d.csv,2.78579,2.66911,2.73225,2.6936,1
puentes_4d.csv,0.130763,-0.0956871,0.189146,-0.645748,1
puentes_4d.csv,-0.297739,3.71954,0.641969,1.58965,-1
puentes_4d.csv,4.2863,4.16767,4.3414,4.76215,1
puentes_4d.csv,1.23663,2.96847,4.13697,5.50713,-1
puentes_4d.csv,2.95107,2.87171,2.83854,3.13187,1
puentes_4d.csv,1.64432,1.72057,1.66446,1.65134,1
puentes_4d.csv,4.66911,4.61043,3.13624,5.78601,-1
puentes_4d.csv,3.59901,3.46028,-0.74137,1.71818,-1
puentes_4d.csv,0.320976,-0.272798,0.141079,-0.333429,1
puentes_4d.csv,3.63868,4.69213,3.87838,3.86857,1
puentes_4d.csv,-0.400769,-0.340926,0.0580767,0.206186,1
puentes_4d.csv,4.23949,4.78369,2.35861,1.16995,-1
puentes_4d.csv,-0.0253589,0.0837873,-0.105924,0.560943,1
puentes_4d.csv,-0.237628,0.202375,0.0479246,-0.498143,1
puentes_4d.csv,-0.554198,0.181173,-0.4137,-0.132976,1
puentes_4d.csv,5.15091,5.75724,3.47566,4.31768,-1
puentes_4d.csv,0.365342,1.19643,3.246,-0.890387,-1
puentes_4d.csv,-1.13073,-1.99236,4.33253,0.296435,-1
puentes_4d.csv,4.50834,4.04609,3.95703,4.31312,1
puentes_4d.csv,-0.176568,-0.0147266,-0.10251,0.151242,1
puentes_4d.csv,4.22548,-1.23871,4.85024,-0.554775,-1
puentes_4d.csv,4.47182,0.541552,2.47649,3.42844,-1
puentes_4d.csv,3.73463,3.76772,3.72977,3.85935,1
puentes_4d.csv,2.77399,2.61456,2.63767,2.53644,1
puentes_4d.csv,4.23531,4.45177,4.23198,3.95735,1
puentes_4d.csv,0.0070117,0.057063,-0.264525,0.252582,1
puentes_4d.csv,2.53586,2.65488,2.54245,2.44929,1
puentes_4d.csv,0.153481,-0.373823,0.141836,0.139687,1
puentes_4d.csv,-0.420897,-0.191308,-0.0979553,0.0312182,1
puentes_4d.csv,2.09626,4.31427,-0.622254,3.16824,-1
puentes_4d.csv,0.177013,0.226044,0.127183,-0.163577,1
puentes_4d.csv,4.28902,3.88644,4.42887,4.45968,1
puentes_4d.csv,3.68493,3.75274,3.43745,3.93911,1
puentes_4d.csv,3.34379,3.47399,3.33883,3.28222,1
puentes_4d.csv,5.80724,2.82098,-0.0456619,5.99272,-1
puentes_4d.csv,4.3811,1.01535,-1.82605,0.201178,-1
puentes_4d.csv,1.39493,5.89078,-1.14508,-0.778968,-1
puentes_4d.csv,3.7847,3.92925,3.80815,3.84517,1
puentes_4d.csv,0.255131,0.330493,0.496691,0.559567,1
puentes_4d.csv,4.46506,4.03908,3.97557,4.01276,1
puentes_4d.csv,-0.0598484,0.0940116,0.0543338,0.25993,1
puentes_4d.csv,-0.00267085,0.173338,-0.0509231,0.492655,1
puentes_4d.csv,-0.0296054,-0.0644949,-0.532131,-0.122254,1
puentes_4d.csv,0.644344,1.94159,-1.94983,-1.46669,-1
puentes_4d.csv,0.0060948,-0.0581892,0.040208,0.211342,1
puentes_4d.csv,-0.197868,0.225283,-0.731538,-0.392153,1
puentes_4d.csv,0.166965,-0.063624,0.136881,0.463363,1
puentes_4d.csv,0.0818204,0.127601,-0.0692712,1.07147,1
puentes_4d.csv,0.369562,-0.422181,-0.468309,-0.577676,1
puentes_4d.csv,-0.425025,0.0939276,-0.235716,-0.0211152,1
puentes_4d.csv,2.39463,2.44998,2.31456,2.56515,1
puentes_4d.csv,-0.24161,-0.518301,-0.11727,0.172142,1
puentes_4d.csv,0.434573,0.26766,-0.068828,-0.1349,1
puentes_4d.csv,0.447417,-0.191671,-0.133195,-0.130305,1
puentes_4d.csv,3.61389,4.00232,0.821552,0.893678,-1
puentes_4d.csv,-0.153103,-0.134331,0.281355,-0.106999,1
puentes_4d.csv,4.01395,3.69886,4.11422,3.73098,1
puentes_4d.csv,1.4945,1.66931,1.63326,1.68611,1
puentes_4d.csv,0.886146,0.96385,0.910907,0.79982,1
puentes_4d.csv,3.02684,4.01904,3.87315,3.41194,1
puentes_4d.csv,3.85862,4.32522,3.88623,3.89132,1
puentes_4d.csv,0.422511,-0.182613,-0.396181,-0.200886,1
puentes_4d.csv,0.202625,-0.0852829,0.711417,-0.0336286,1
puentes_4d.csv,0.339433,-0.0282497,0.099245,0.455589,1
puentes_4d.csv,-0.0672938,0.144562,0.304291,-0.512698,1
puentes_4d.csv,4.02586,3.44257,4.23581,4.42502,1
puentes_4d.csv,3.74151,4.12474,3.57606,3.93594,1
puentes_4d.csv,4.24409,4.13888,4.40961,4.51449,1
puentes_4d.csv,2.31506,2.18166,2.24556,2.12265,1
puentes_4d.csv,4.40898,3.82244,4.58134,4.35406,1
puentes_4d.csv,3.98721,3.87198,3.93169,4.63135,1
puentes_4d.csv,3.94835,3.98409,4.01828,3.94722,1
puentes_4d.csv,-0.12101,-0.0378089,-0.251255,-0.481789,1
puentes_4d.csv,-0.258967,0.192903,-0.432228,-0.313988,1
puentes_4d.csv,0.318229,1.19769,5.17486,4.05779,-1
puentes_4d.csv,4.34914,4.03581,3.99824,4.29689,1
puentes_4d.csv,-0.104016,-0.376031,0.297898,-0.32766,1
puentes_4d.csv,4.49281,-0.996146,0.118193,5.21561,-1
puentes_4d.csv,-0.371206,0.0372168,-0.480132,0.226161,1
puentes_4d.csv,4.40704,3.59066,3.4654,3.89576,1
puentes_4d.csv,0.180053,0.595375,0.318664,0.309114,1
puentes_4d.csv,0.533372,0.486001,0.482562,0.528985,1
puentes_4d.csv,3.56244,3.67922,3.90499,3.79475,1
puentes_4d.csv,-1.26764,4.04536,2.39419,-0.40192,-1
puentes_4d.csv,3.99796,4.39685,3.84395,3.89313,1
puentes_4d.csv,-0.03635,-0.602576,-0.276194,0.0504703,1
puentes_4d.csv,1.95397,1.92067,1.7066,1.88855,1
puentes_4d.csv,1.81441,1.86472,1.80157,1.69737,1
puentes_4d.csv,-0.164909,-0.0563712,-0.360581,-0.141236,1
puentes_4d.csv,0.348661,-0.329161,-0.63693,0.311918,1
puentes_4d.csv,3.71847,4.49712,4.15072,4.19144,1
puentes_4d.csv,4.14204,3.91944,4.30474,3.77952,1
puentes_4d.csv,5.88979,-0.678038,3.2768,1.02708,-1
puentes_4d.csv,4.70481,4.16975,3.57356,3.70159,1
puentes_4d.csv,1.61656,1.51126,1.31515,1.50171,1
puentes_4d.csv,4.08572,4.09998,4.15954,3.89357,1
puentes_4d.csv,3.84231,4.19799,4.07094,4.5818,1
puentes_4d.csv,0.589467,0.451502,-0.00955021,-0.0374525,1
puentes_4d.csv,4.65281,5.27047,1.55658,3.43398,-1
puentes_4d.csv,4.01677,3.3035,3.96304,3.80679,1
puentes_4d.csv,0.293621,0.671443,-0.388226,-0.311636,1
puentes_4d.csv,1.50896,1.56041,1.49788,1.58981,1
puentes_4d.csv,-0.207616,0.040491,0.829981,-0.0160828,1
puentes_4d.csv,2.72573,0.0145352,2.14008,-1.57701,-1
puentes_4d.csv,3.75519,3.41755,3.4912,4.66074,1
puentes_4d.csv,3.38817,3.4924,3.58988,3.60665,1
puentes_4d.csv,0.105504,-0.356078,-0.102362,-0.146934,1
puentes_4d.csv,0.0691496,0.577054,0.158697,-0.0404208,1
puentes_4d.csv,3.20697,3.8653,3.89233,4.03996,1
puentes_4d.csv,-0.227843,-0.381083,0.133947,0.127273,1
puentes_4d.csv,-0.121114,0.194569,-0.463033,0.172386,1
puentes_4d.csv,4.80235,5.47025,-1.17158,-1.97228,-1
puentes_4d.csv,0.866111,1.02533,0.762592,0.782576,1
puentes_4d.csv,1.27471,1.25798,1.23954,1.24445,1
puentes_4d.csv,0.177921,0.37189,0.298679,0.0473876,1
puentes_4d.csv,3.93781,3.97532,4.04281,4.5934,1
puentes_4d.csv,0.352632,0.296978,0.253742,0.440548,1
puentes_4d.csv,2.15074,2.07793,2.16596,2.14365,1
puentes_4d.csv,0.125401,0.38571,-0.0520775,0.357106,1
puentes_4d.csv,3.57159,4.17857,4.05642,4.32071,1
puentes_4d.csv,1.97261,1.95869,1.87708,2.07269,1
puentes_4d.csv,2.93741,3.91957,-1.44595,-0.983239,-1
puentes_4d.csv,0.143236,0.24423,-0.446875,-0.208368,1
puentes_4d.csv,3.79942,3.79709,3.82222,3.82008,1
puentes_4d.csv,-0.816819,3.97816,1.57784,-0.264855,-1
puentes_4d.csv,3.81177,4.09926,4.30003,3.88763,1
puentes_4d.csv,-1.32588,-0.847806,0.953257,-0.196311,1
puentes_4d.csv,0.177211,0.0345896,0.00889288,0.887588,1
puentes_4d.csv,-0.692425,1.4037,3.37627,4.6865,-1
puentes_4d.csv,0.0493441,0.224562,0.0536631,-0.0806554,1
puentes_4d.csv,1.46405,2.10275,3.08257,4.04322,-1
puentes_4d.csv,-0.136928,-0.223544,0.0373076,0.455092,1
puentes_4d.csv,1.96645,2.06139,2.0758,1.94631,1
puentes_4d.csv,-0.218626,0.146543,0.32896,0.274812,1
puentes_4d.csv,4.08431,4.11235,3.63913,3.90134,1
puentes_4d.csv,1.57308,1.67641,1.77653,1.77157,1
puentes_4d.csv,0.647451,-0.252264,0.00429153,-0.114716,1
puentes_4d.csv,0.343132,1.76972,-0.588039,4.21822,-1
puentes_4d.csv,-0.305869,-0.0322254,0.13568,0.0720009,1
puentes_4d.csv,-0.224648,0.170278,0.215445,-0.299814,1
puentes_4d.csv,-0.512898,-0.288542,-0.245193,-0.254304,1
puentes_4d.csv,3.75508,3.81976,3.97349,4.22871,1
puentes_4d.csv,3.96129,3.94507,3.7305,4.50751,1
puentes_4d.csv,0.236948,-0.302253,-0.391736,-0.264849,1
puentes_4d.csv,2.81572,2.31445,4.05948,2.77903,-1
puentes_4d.csv,0.222618,0.228568,0.206585,0.31288,1
puentes_4d.csv,4.30052,3.81923,4.37447,3.66149,1
puentes_4d.csv,1.20022,1.31519,1.28821,1.27431,1
puentes_4d.csv,2.58975,4.07176,-1.74059,-1.30687,-1
puentes_4d.csv,3.2778,3.29283,3.36843,3.50067,1
puentes_4d.csv,2.90222,-0.905753,2.82278,0.962034,-1
puentes_4d.csv,3.73773,4.03029,3.65152,4.11396,1
puentes_4d.csv,0.183324,0.218953,0.127792,0.115045,1
puentes_4d.csv,4.15782,4.11714,3.91851,4.44363,1
puentes_4d.csv,-0.220619,0.0559289,0.325393,0.357357,1
puentes_4d.csv,-0.850097,-0.160022,0.254378,0.414669,1
puentes_4d.csv,-0.45611,-0.134232,0.139046,0.117748,1
puentes_4d.csv,4.64675,3.4066,3.821,3.5437,1
puentes_4d.csv,1.62215,1.633,1.66652,1.53802,1
puentes_4d.csv,-0.579159,-1.43437,-0.88229,3.96088,-1
puentes_4d.csv,3.76945,4.25874,3.40956,4.61075,1
puentes_4d.csv,3.94201,4.14321,4.28455,4.2236,1
puentes_4d.csv,-0.670925,-0.328282,0.699619,0.103537,1
puentes_4d.csv,1.27961,1.27787,1.21864,1.04365,1
puentes_4d.csv,0.221238,3.46812,1.79287,-1.11252,-1
puentes_4d.csv,1.06551,1.06097,1.22608,1.13849,1
puentes_4d.csv,4.05792,4.46019,4.11509,3.74031,1
puentes_4d.csv,2.65489,4.89854,-0.476599,2.41141,-1
puentes_4d.csv,3.652,3.51324,3.81289,4.12471,1
puentes_4d.csv,-1.41789,0.378826,0.466172,4.3615,-1
puentes_4d.csv,4.11148,-1.02128,5.91115,-0.206048,-1
puentes_4d.csv,-0.0591709,-0.612629,-0.41977,0.317309,1
puentes_4d.csv,2.29408,-0.437288,2.01906,2.7951,-1
puentes_4d.csv,1.14318,1.26731,1.1002,1.10219,1
puentes_4d.csv,0.0621332,0.254036,0.138482,-0.328906,1
puentes_4d.csv,3.87858,4.01124,3.82314,4.05573,1
puentes_4d.csv,5.90388,3.90122,3.91646,-1.53252,-1
puentes_4d.csv,3.73344,3.97987,3.79215,3.96073,1
puentes_4d.csv,0.777259,-0.282492,-0.849649,2.28549,-1
puentes_4d.csv,4.15944,0.77391,4.58905,0.126547,-1
puentes_4d.csv,3.39597,3.99139,3.96906,3.47161,1
puentes_4d.csv,4.07829,2.41707,-0.894384,2.96239,-1
puentes_4d.csv,3.28648,3.35297,3.20821,3.2258,1
puentes_4d.csv,4.22449,5.15754,0.73148,4.72412,-1
puentes_4d.csv,-0.356432,2.23936,-0.517947,1.32791,-1
puentes_4d.csv,0.993041,1.0497,0.981657,1.1346,1
puentes_4d.csv,-0.472987,0.119498,-0.0334231,0.018238,1
puentes_4d.csv,4.21685,4.10504,3.83559,4.32618,1
puentes_4d.csv,3.85056,4.35425,4.01239,3.64467,1
puentes_4d.csv,4.27502,4.17354,4.58638,4.21011,1
puentes_4d.csv,0.995953,0.958679,0.509349,5.69484,-1
puentes_4d.csv,0.0677443,0.136094,0.419475,0.0864521,1
puentes_4d.csv,3.97148,4.01585,4.06507,4.00875,1
puentes_4d.csv,-0.486886,0.0488012,-0.156392,0.254255,1
puentes_4d.csv,-0.247498,-0.0770536,-0.315066,0.170364,1
puentes_4d.csv,-1.94445,3.35585,-1.32599,4.25394,-1
puentes_4d.csv,0.379262,0.346672,0.558876,0.38641,1
puentes_4d.csv,0.164121,0.449795,-0.475279,-0.078359,1
puentes_4d.csv,0.830023,0.914215,0.817104,0.899567,1
puentes_4d.csv,4.6121,4.28855,4.39261,3.88848,1
puentes_4d.csv,5.67008,1.55984,-0.322874,-1.7728,-1
puentes_4d.csv,3.6731,3.69775,3.9253,3.82972,1
puentes_4d.csv,-0.080788,-0.0332552,-0.102379,-0.0653839,1
puentes_4d.csv,3.97046,3.63511,3.89541,3.81063,1
puentes_4d.csv,1.99366,2.02949,2.14175,2.08093,1
puentes_4d.csv,2.69169,1.24265,-0.761622,1.23916,-1
puentes_4d.csv,3.84851,4.14537,3.91033,3.96883,1
puentes_4d.csv,5.64707,-1.93325,0.919749,5.04955,-1
puentes_4d.csv,4.62631,4.41499,4.21135,4.21586,1
puentes_4d.csv,1.409,1.44258,1.4285,1.30514,1
puentes_4d.csv,3.99438,4.12534,3.87133,3.81066,1
puentes_4d.csv,0.154383,-0.0160705,0.126856,0.0372179,1
puentes_4d.csv,4.31165,4.45594,4.24355,3.31555,1
puentes_4d.csv,1.40076,1.52109,1.45094,1.47165,1
puentes_4d.csv,4.74583,3.9519,4.31881,3.8268,1
puentes_4d.csv,4.02429,3.53767,3.86229,4.08745,1
puentes_4d.csv,0.365696,0.126054,-0.364015,-0.397946,1
puentes_4d.csv,5.03956,-0.31956,4.4778,5.23347,-1
puentes_4d.csv,0.365072,0.059034,-0.349204,0.273901,1
puentes_4d.csv,0.859567,3.75731,-1.35963,4.34039,-1
puentes_4d.csv,0.233389,-0.366884,-0.0561399,0.287471,1
puentes_4d.csv,4.08439,4.53163,4.18485,4.02133,1
puentes_4d.csv,3.71208,4.22584,3.69339,4.25062,1
puentes_4d.csv,4.14855,0.327807,3.78321,-1.07669,-1
puentes_4d.csv,3.99407,3.54146,4.51936,4.1867,1
puentes_4d.csv,0.78112,0.796279,0.668991,0.890126,1
puentes_4d.csv,0.0910631,-0.158314,-0.690577,-0.456272,1
puentes_4d.csv,3.3136,-1.25715,0.807689,4.52581,-1
puentes_4d.csv,1.47966,1.54931,1.56002,1.70373,1
puentes_4d.csv,0.229516,-0.248697,-0.197745,0.183337,1
puentes_4d.csv,0.341604,0.505944,0.347549,0.256641,1
puentes_4d.csv,4.0191,4.88961,5.60621,3.73514,-1
puentes_4d.csv,3.92047,4.22218,4.71702,3.61045,1
puentes_4d.csv,3.75475,4.2539,4.32266,3.76105,1
puentes_4d.csv,0.35238,0.0902539,0.587729,-0.325103,1
puentes_4d.csv,3.87996,4.0334,4.06998,4.07225,1
puentes_4d.csv,4.2119,4.12922,3.8997,3.99405,1
puentes_4d.csv,2.52027,5.5427,4.50145,1.93533,-1
puentes_4d.csv,3.71693,3.62902,3.96055,3.70071,1
puentes_4d.csv,0.000853775,0.206467,-0.263861,0.0850882,1
puentes_4d.csv,-1.22006,3.62858,1.5407,-0.0629829,-1
puentes_4d.csv,2.60736,2.88222,2.63211,2.63345,1
puentes_4d.csv,-1.29208,4.0114,-0.655011,4.22941,-1
puentes_4d.csv,4.6231,3.72384,4.21999,4.19083,1
puentes_4d.csv,0.243368,0.251614,0.209676,0.0437578,1
puentes_4d.csv,4.45355,-1.16307,-1.52053,3.69665,-1
puentes_4d.csv,1.20102,1.26387,1.08145,1.02681,1
puentes_4d.csv,4.78104,-1.09477,5.28118,-0.0166351,-1
puentes_4d.csv,3.61951,4.52472,3.74396,4.09288,1
puentes_4d.csv,-1.19452,4.82946,-0.994518,3.37309,-1
puentes_4d.csv,2.04872,2.1775,2.21269,2.10016,1
puentes_4d.csv,3.83189,3.73441,3.8567,3.88324,1
puentes_4d.csv,-1.92342,-1.71085,5.06467,-1.1106,-1
puentes_4d.csv,0.0274285,-0.150699,0.292093,0.299387,1
puentes_4d.csv,0.360755,-0.468947,0.488727,0.766768,1
puentes_4d.csv,4.23424,4.1685,4.43136,4.51026,1
puentes_4d.csv,4.23395,3.96788,4.14689,4.00751,1
puentes_4d.csv,3.7889,3.78195,3.7596,3.8014,1
puentes_4d.csv,2.47453,2.54358,2.32004,2.45895,1
puentes_4d.csv,3.91206,3.80688,4.01158,4.05953,1
puentes_4d.csv,-0.0371668,0.261724,0.0604003,-0.178809,1
puentes_4d.csv,-0.347525,0.037955,-0.408002,0.2322,1
puentes_4d.csv,1.5731,1.33936,1.42723,1.55373,1
puentes_4d.csv,0.595147,0.554815,0.599487,0.4837,1
puentes_4d.csv,-0.325689,0.299204,0.0848935,-0.451888,1
puentes_4d.csv,3.64186,4.37456,3.72921,3.8267,1
puentes_4d.csv,1.2059,1.18364,1.18446,1.18955,1
puentes_4d.csv,1.70595,1.80152,1.73567,1.81501,1
puentes_4d.csv,4.14254,3.95185,4.13226,4.58739,1
puentes_4d.csv,-0.381524,0.224139,-0.203948,-0.181504,1
puentes_4d.csv,-0.0944274,-0.325771,-0.219739,-0.363757,1
puentes_4d.csv,4.20082,4.16858,3.39172,4.03288,1
puentes_4d.csv,3.87322,3.75851,3.68824,3.95909,1
puentes_4d.csv,4.07903,3.82977,4.58223,3.88169,1
puentes_4d.csv,0.222816,0.374571,0.134723,0.0890242,1
puentes_4d.csv,2.28839,2.35226,2.33429,2.2029,1
puentes_4d.csv,-0.568655,2.07357,2.54967,2.39494,-1
puentes_4d.csv,-0.861618,-0.164534,0.432828,0.316316,1
puentes_4d.csv,5.59346,1.05818,-0.192454,-0.0541814,-1
puentes_4d.csv,4.27305,4.30424,4.34264,4.15143,1
puentes_4d.csv,0.165761,-0.0943003,0.421339,0.0016495,1
puentes_4d.csv,0.379781,-0.260022,-0.203666,-0.0284127,1
puentes_4d.csv,-0.15852,-0.14298,0.106397,0.516365,1
puentes_4d.csv,0.375646,0.337165,0.0561773,-0.0979955,1
puentes_4d.csv,4.0904,4.13267,4.15382,4.42607,1
puentes_4d.csv,3.76761,4.25668,3.65468,4.18168,1
puentes_4d.csv,4.04283,3.85227,4.34266,4.04065,1
puentes_4d.csv,4.12498,-0.420475,0.148153,4.84244,-1
puentes_4d.csv,0.685305,0.698727,0.535135,0.694154,1
puentes_4d.csv,3.84853,3.8436,4.42989,4.23784,1
puentes_4d.csv,0.399189,0.064919,0.376639,0.292316,1
puentes_4d.csv,3.15961,3.22388,3.22946,3.14691,1
puentes_4d.csv,4.21087,4.46794,4.3953,4.32262,1
puentes_4d.csv,-0.219735,0.377046,0.339493,-0.166021,1
puentes_4d.csv,-0.53146,-0.209963,0.278239,-0.0520907,1
puentes_4d.csv,0.552046,0.528209,0.3824,0.550903,1
puentes_4d.csv,3.71336,4.16605,4.50696,3.92128,1
puentes_4d.csv,3.92999,4.10748,4.30527,3.22458,1
puentes_4d.csv,4.66094,4.75165,1.3145,3.7976,-1
puentes_4d.csv,3.84974,4.10027,4.20822,3.62479,1
puentes_4d.csv,-0.109825,0.155883,0.617428,0.110526,1
puentes_4d.csv,0.615739,0.788572,0.81576,0.618457,1
puentes_4d.csv,4.03917,3.75794,3.47505,3.63264,1
puentes_4d.csv,-0.114087,0.0937781,0.396982,-0.000946452,1
puentes_4d.csv,-0.0144043,-0.333759,-0.0194235,0.126876,1
puentes_4d.csv,-0.293128,0.238487,-0.557269,0.158611,1
puentes_4d.csv,5.5804,0.552291,1.48911,-1.02842,-1
puentes_4d.csv,-0.261308,-0.171669,-0.579764,-0.0931699,1
puentes_4d.csv,4.24342,3.91713,4.24682,3.58687,1
puentes_4d.csv,-0.414105,0.509418,-0.206565,-0.325431,1
puentes_4d.csv,2.14053,2.13941,2.25616,2.26668,1
puentes_4d.csv,2.79444,5.89095,4.05987,-1.62222,-1
puentes_4d.csv,4.0291,4.18086,4.00513,3.72439,1
puentes_4d.csv,4.31805,4.06932,4.18252,3.7849,1
puentes_4d.csv,0.227878,5.21283,2.66117,0.464401,-1
puentes_4d.csv,3.69385,-0.510595,0.418259,4.33907,-1
puentes_4d.csv,0.646826,0.082512,-0.0523031,-0.214464,1
puentes_4d.csv,5.48235,2.47817,5.03221,3.03144,-1
puentes_4d.csv,2.10582,2.94248,3.62672,1.96488,-1
puentes_4d.csv,0.818706,0.896215,0.852832,0.795254,1
puentes_4d.csv,1.88685,1.82544,1.92772,2.05399,1
puentes_4d.csv,0.060198,-0.25596,-0.47287,-0.0382686,1
puentes_4d.csv,1.45522,4.95776,2.64955,3.71738,-1
puentes_4d.csv,0.0976656,-0.0809754,-0.262898,-0.427563,1
puentes_4d.csv,-0.142379,0.577874,-0.515484,0.163602,1
puentes_4d.csv,4.77209,5.19305,4.7664,5.71485,-1
puentes_4d.csv,-0.376164,-0.191325,0.272132,-0.428604,1
puentes_4d.csv,4.65162,3.81405,4.43327,3.52665,1
puentes_4d.csv,4.1249,3.95143,3.70651,4.52378,1
puentes_4d.csv,-0.466073,0.122588,-0.303493,0.2533,1
puentes_4d.csv,-0.0503632,0.392556,0.264425,0.266233,1
puentes_4d.csv,3.26974,3.37307,3.19815,3.30936,1
puentes_4d.csv,0.0697949,0.481979,0.0506167,0.0826026,1
puentes_4d.csv,0.0590891,0.134781,-0.0863518,0.0487627,1
puentes_4d.csv,0.0534823,0.4578,-0.0843645,0.0324926,1
puentes_4d.csv,1.04386,0.954096,1.01661,0.923703,1
puentes_4d.csv,3.409,3.61335,3.72423,3.59146,1
puentes_4d.csv,1.89171,2.03027,2.10032,2.0763,1
puentes_4d.csv,0.0781124,-0.310659,-0.395441,0.155614,1
puentes_4d.csv,3.60198,4.4658,3.98228,3.43199,1
puentes_4d.csv,0.0614581,0.0334882,0.135665,-0.183998,1
puentes_4d.csv,3.95568,4.17765,3.24023,3.98474,1
puentes_4d.csv,4.13499,4.02122,3.2946,3.96256,1
puentes_4d.csv,3.66376,3.98686,4.1539,4.15348,1
puentes_4d.csv,3.60374,3.62711,3.89881,3.89529,1
puentes_4d.csv,0.74274,0.873235,0.740273,0.755395,1
puentes_4d.csv,4.14015,3.85436,3.79377,3.56158,1
puentes_4d.csv,0.0201801,-0.324139,0.0685986,0.0968267,1
puentes_4d.csv,3.58885,3.73999,3.394,3.96233,1
puentes_4d.csv,-0.395413,-0.579531,-0.125892,0.190429,1
puentes_4d.csv,2.82893,2.80379,2.80486,2.78412,1
puentes_4d.csv,5.89327,-1.59614,1.96297,1.90343,-1
puentes_4d.csv,3.47327,3.31654,3.46641,3.27663,1
puentes_4d.csv,0.056713,-0.324546,0.271292,0.359996,1
puentes_4d.csv,4.21223,3.58371,5.70179,-1.60379,-1
puentes_4d.csv,3.96627,4.00467,4.18373,4.20716,1
puentes_4d.csv,4.02774,4.02598,4.05381,3.83919,1
puentes_4d.csv,4.06032,4.23825,4.2776,4.11088,1
puentes_4d.csv,3.48439,1.36226,1.0325,5.79094,-1
puentes_4d.csv,1.22793,2.26456,-0.612991,5.17958,-1
puentes_4d.csv,3.70613,3.8245,4.14662,4.81523,1
puentes_4d.csv,-0.192783,0.0899655,-0.00247695,-0.239802,1
puentes_4d.csv,4.0338,4.27211,4.23183,3.74187,1
puentes_4d.csv,0.176663,0.244597,0.247853,0.112879,1
puentes_4d.csv,3.94591,3.88571,3.9776,3.97345,1
puentes_4d.csv,3.86794,4.15399,4.26897,4.41914,1
puentes_4d.csv,0.111144,0.0840012,-0.321788,-0.115004,1
puentes_4d.csv,-0.715436,1.72015,-0.710399,1.18851,-1
puentes_4d.csv,0.164176,-0.21529,0.251381,0.22206,1
puentes_4d.csv,3.41778,4.36802,4.03087,3.93525,1
puentes_4d.csv,-1.50153,-1.24169,-0.409121,1.6646,-1
puentes_4d.csv,0.912219,1.17451,3.01572,-0.00487682,-1
puentes_4d.csv,-0.309574,-0.791377,0.480187,-0.237499,1
puentes_4d.csv,1.43621,1.53201,1.5816,1.56803,1
puentes_4d.csv,-0.24267,-0.183737,0.439637,-0.13947,1
puentes_4d.csv,3.39092,3.43593,3.55916,3.82222,1
puentes_4d.csv,2.30953,2.2976,2.33541,2.39403,1
puentes_4d.csv,0.176606,0.399957,0.767955,0.0104708,1
puentes_4d.csv,-0.439875,3.77559,1.06325,0.488658,-1
puentes_4d.csv,4.21773,4.05328,3.99305,4.05182,1
puentes_4d.csv,-0.439535,0.109034,0.558878,0.250518,1
puentes_4d.csv,1.76187,1.75795,1.72554,1.76629,1
puentes_4d.csv,2.91723,3.10217,3.05528,3.01982,1
puentes_4d.csv,2.66524,2.70535,2.8928,2.77389,1
puentes_4d.csv,3.54359,3.87216,3.81487,3.80629,1
puentes_4d.csv,4.34361,4.2082,3.79276,3.88384,1
puentes_4d.csv,0.360958,-0.0239127,0.0721894,-0.0467701,1
puentes_4d.csv,3.67685,4.45153,3.68001,4.38907,1
puentes_4d.csv,3.21629,3.31686,3.08003,3.3415,1
puentes_4d.csv,4.17158,3.93483,4.0163,4.0468,1
puentes_4d.csv,4.26226,4.27014,3.62251,4.32876,1
puentes_4d.csv,4.19997,3.82641,4.24673,4.42516,1
puentes_4d.csv,-1.02424,0.0458322,0.489965,-1.16458,1
puentes_4d.csv,1.14531,3.76918,4.80568,4.98362,-1
puentes_4d.csv,4.82586,3.39699,3.85468,3.86781,1
puentes_4d.csv,2.78314,2.71268,2.84085,2.74912,1
puentes_4d.csv,0.262224,0.122807,0.231554,-0.342886,1
puentes_4d.csv,3.98425,3.56468,4.00326,4.24703,1
puentes_4d.csv,2.05104,1.97849,2.09862,2.10709,1
puentes_4d.csv,0.398245,0.339713,-0.0294274,-0.330915,1
puentes_4d.csv,4.222,3.78765,3.78996,4.14572,1
puentes_4d.csv,4.26576,4.4395,3.50001,4.15809,1
puentes_4d.csv,4.11517,4.13661,3.7433,4.15878,1
puentes_4d.csv,-0.105809,0.0504846,-0.0244174,-0.244124,1
puentes_4d.csv,2.10351,2.83251,3.08816,-1.4961,-1
puentes_4d.csv,1.44597,-1.58906,1.17359,0.148638,-1
puentes_4d.csv,-0.879067,0.310579,0.168858,0.243844,1
puentes_4d.csv,3.84292,4.32175,4.23873,4.14346,1
puentes_4d.csv,0.690696,0.719401,0.606641,0.663321,1
puentes_4d.csv,1.01443,1.06403,1.06922,0.978387,1
puentes_4d.csv,0.351136,-0.165268,-0.119587,0.0331359,1
puentes_4d.csv,0.189436,-0.0525753,0.00357236,-0.425344,1
puentes_4d.csv,-0.193478,0.472695,0.225983,0.0853409,1
puentes_4d.csv,2.96165,2.90763,3.03709,2.96075,1
puentes_4d.csv,2.8296,4.17436,-1.03318,5.26493,-1
puentes_4d.csv,4.63586,4.42577,4.53399,4.50352,1
puentes_4d.csv,-0.643484,-0.805303,1.30875,2.96298,-1
puentes_4d.csv,0.165391,0.125877,0.544696,-0.0758251,1
puentes_4d.csv,-0.312049,0.51571,-0.0971579,-0.0564891,1
puentes_4d.csv,3.84762,4.54849,3.6456,4.0822,1
puentes_4d.csv,1.14539,1.21571,1.16344,0.996013,1
puentes_4d.csv,2.34796,2.08265,2.09599,2.22176,1
puentes_4d.csv,-1.01261,1.87124,-0.0569356,-0.744789,-1
puentes_4d.csv,0.376571,-0.206661,0.498286,0.242192,1
puentes_4d.csv,-0.196601,0.45347,0.144874,-0.091164,1
puentes_4d.csv,3.16511,3.83871,2.4612,1.77697,-1
puentes_4d.csv,0.457156,-0.204968,-0.55261,0.330458,1
puentes_4d.csv,4.64392,4.64213,3.80935,3.84782,1
puentes_4d.csv,4.00029,4.28681,4.53551,4.20315,1
puentes_4d.csv,0.343705,0.0980414,0.129867,0.0893289,1
puentes_4d.csv,-0.142903,-0.938004,-0.987619,5.58714,-1
puentes_4d.csv,1.32572,1.28743,1.22602,1.29216,1
puentes_4d.csv,4.13987,4.2713,4.27218,3.71731,1
puentes_4d.csv,2.40397,5.7728,2.12414,2.31975,-1
puentes_4d.csv,3.69598,4.43658,3.7666,4.18274,1
puentes_4d.csv,2.17496,2.1256,2.04491,1.98007,1
puentes_4d.csv,3.51902,3.72381,3.92684,4.18076,1
puentes_4d.csv,3.22231,1.15758,5.40025,-0.672313,-1
puentes_4d.csv,3.65782,3.462,3.50022,3.54176,1
puentes_4d.csv,-0.0824633,-0.424825,-0.200731,0.483658,1
puentes_4d.csv,2.17789,2.11702,2.23256,2.09198,1
puentes_4d.csv,4.39645,0.912113,-1.20451,2.60645,-1
puentes_4d.csv,0.0280286,0.114696,-0.577259,-0.0102218,1
puentes_4d.csv,0.33675,0.195574,-0.065006,0.114103,1
puentes_4d.csv,-0.0474175,-0.18328,-0.374747,0.105215,1
puentes_4d.csv,0.286981,-0.425618,-0.25963,-0.412406,1
puentes_4d.csv,-0.43713,0.415047,-0.0115135,-0.179337,1
puentes_4d.csv,0.161173,0.0335777,0.101335,-0.065218,1
puentes_4d.csv,1.6941,1.81477,1.64272,1.6226,1
puentes_4d.csv,4.48426,3.89249,4.33195,4.06215,1
puentes_4d.csv,-0.043204,0.394982,-0.211303,0.225183,1
puentes_4d.csv,3.98286,3.70621,4.32708,3.56888,1
puentes_4d.csv,-0.120385,2.17605,2.1142,5.84342,-1
puentes_4d.csv,0.42539,-0.219853,-0.256183,0.172755,1
puentes_4d.csv,2.50622,2.40119,2.36834,2.3923,1
puentes_4d.csv,2.59647,2.74752,2.76158,2.71984,1
puentes_4d.csv,3.96571,4.43365,3.98627,3.53144,1
puentes_4d.csv,5.51824,1.72839,3.2896,4.61867,-1
puentes_4d.csv,0.207378,0.250937,0.346085,0.264522,1
puentes_4d.csv,4.35758,4.24634,3.8025,4.02789,1
puentes_4d.csv,-0.481331,0.488736,0.262489,0.105681,1
puentes_4d.csv,0.279,0.335827,0.336117,0.304317,1
puentes_4d.csv,3.36658,3.43358,3.45947,3.30306,1
puentes_4d.csv,0.579255,-0.121753,-0.326553,0.170551,1
puentes_4d.csv,-0.838342,-0.311731,-0.650822,-0.0106816,1
puentes_4d.csv,-0.708859,0.0722811,0.186083,-0.0778025,1
puentes_4d.csv,0.294237,-0.144094,-0.627036,-0.415511,1
puentes_4d.csv,4.84336,1.71676,2.16867,5.5023,-1
puentes_4d.csv,-0.0740447,0.0206365,0.096773,-0.13025,1
puentes_4d.csv,0.111457,-0.0475816,-0.656126,0.0141007,1
puentes_4d.csv,-0.121574,-0.140829,-0.370626,0.233403,1
puentes_4d.csv,2.36244,2.31077,2.4596,2.42061,1
puentes_4d.csv,0.107906,-0.109307,-0.0608258,0.231614,1
puentes_4d.csv,0.0164603,-1.1744,-0.561146,2.1777,-1
puentes_4d.csv,0.0693684,0.322834,-1.07625,0.344661,1
puentes_4d.csv,4.12228,3.73578,3.39071,3.74774,1
puentes_4d.csv,3.69444,3.33214,4.19252,4.81308,1
puentes_4d.csv,0.267212,0.526466,0.448693,0.320818,1
puentes_4d.csv,-0.0660672,0.22325,-0.0291784,0.191214,1
puentes_4d.csv,4.13163,3.95456,3.84536,3.53027,1
puentes_4d.csv,2.61712,2.7115,2.67888,2.75094,1
puentes_4d.csv,2.77103,3.05374,0.474947,0.963509,-1
puentes_4d.csv,4.56946,4.15499,4.11562,3.89475,1
puentes_4d.csv,1.13374,1.13021,1.01122,1.03216,1
puentes_4d.csv,4.14146,3.6718,3.4503,3.76614,1
puentes_4d.csv,2.83598,2.7446,2.89289,2.91388,1
puentes_4d.csv,-0.401832,0.166607,0.0686162,0.139295,1
puentes_4d.csv,4.00666,3.79708,3.58399,4.1837,1
puentes_4d.csv,4.83986,4.20685,4.03374,4.2716,1
puentes_4d.csv,1.96634,-1.727,0.940309,2.22147,-1
puentes_4d.csv,-0.204735,-0.507616,0.222806,-0.024175,1
puentes_4d.csv,2.89155,2.91558,2.84,2.88949,1
puentes_4d.csv,3.80454,1.52661,-1.02512,1.56218,-1
puentes_4d.csv,1.22853,1.02564,1.13103,1.28912,1
puentes_4d.csv,2.4549,2.37969,2.43107,2.43937,1
puentes_4d.csv,1.35807,1.32981,1.37518,1.54964,1
puentes_4d.csv,-0.189186,-0.418313,0.273806,-0.382071,1
puentes_4d.csv,-0.0320023,0.0678785,-0.441893,0.0018088,1
puentes_4d.csv,0.912797,4.36094,4.75473,-1.56139,-1
puentes_4d.csv,0.142304,-0.169177,-0.299196,-0.330013,1
puentes_4d.csv,0.203719,-0.183758,-0.0141034,0.241254,1
puentes_4d.csv,-0.667469,-0.174645,1.96114,-0.652959,-1
puentes_4d.csv,3.96365,4.22605,3.98716,3.74686,1
puentes_4d.csv,0.293568,-0.0383024,0.2301,0.681932,1
puentes_4d.csv,3.0857,3.32922,3.07081,3.06673,1
puentes_4d.csv,-0.381066,-0.0344305,0.213837,0.0702213,1
puentes_4d.csv,0.12587,0.0620783,-0.67546,-0.176691,1
puentes_4d.csv,5.73868,-0.39912,-1.15901,5.88434,-1
puentes_4d.csv,0.958424,0.99822,0.945332,0.804656,1
puentes_4d.csv,4.06184,3.97652,4.02997,3.96357,1
puentes_4d.csv,0.29704,-0.106126,0.190783,0.0853809,1
puentes_4d.csv,4.21018,3.80957,4.08,3.62745,1
puentes_4d.csv,2.1785,2.21012,2.21014,2.09581,1
puentes_4d.csv,-9.32151e-05,-0.354543,0.0898904,0.435351,1
puentes_4d.csv,-0.126324,-0.349941,0.256966,-0.00521737,1
puentes_4d.csv,4.23143,4.13904,3.99231,4.13342,1
puentes_4d.csv,-0.317117,0.39608,-0.0030098,-0.253693,1
puentes_4d.csv,4.27956,4.42015,3.56412,3.85457,1
puentes_4d.csv,1.81858,1.93376,1.77808,1.89016,1
puentes_4d.csv,-0.227715,-0.232161,0.372785,2.8129,-1
puentes_4d.csv,4.30739,4.37352,3.78386,4.00866,1
puentes_4d.csv,4.83351,3.07691,2.45242,-1.63218,-1
puentes_4d.csv,3.3843,3.47149,3.53591,3.31832,1
puentes_4d.csv,0.4301,0.516475,0.588485,0.386498,1
puentes_4d.csv,0.0754393,-0.208439,0.266698,0.348321,1
puentes_4d.csv,1.92191,5.17364,2.34175,2.6352,-1
puentes_4d.csv,0.503421,0.355236,-0.213472,0.526294,1
puentes_4d.csv,0.299775,0.182552,0.410417,0.324541,1
puentes_4d.csv,3.70231,3.72561,3.96514,4.05309,1
puentes_4d.csv,-0.232656,0.217777,-0.320984,0.232753,1
puentes_4d.csv,3.61747,3.93341,3.98605,3.43707,1
puentes_4d.csv,2.369,2.32374,2.44677,2.34886,1
puentes_4d.csv,0.132175,0.0247786,0.288264,0.535307,1
puentes_4d.csv,-0.00189218,-0.0619987,-0.0259567,-0.274592,1
puentes_4d.csv,4.69256,-0.132333,1.52254,1.78171,-1
puentes_4d.csv,4.14921,4.15088,-1.83323,4.82913,-1
puentes_4d.csv,4.13898,4.25276,4.12947,4.04101,1
puentes_4d.csv,4.99387,1.05316,-1.18763,5.21057,-1
puentes_4d.csv,0.233167,0.0574314,0.315288,0.0600147,1
puentes_4d.csv,4.19969,4.41787,4.05148,4.00965,1
puentes_4d.csv,5.96442,3.27011,0.965971,1.06375,-1
puentes_4d.csv,-0.0693876,-0.283751,-0.0989987,-0.345883,1
puentes_4d.csv,0.679483,0.832122,0.632737,0.668737,1
puentes_4d.csv,3.83425,4.46855,3.82449,4.41612,1
puentes_4d.csv,-0.548262,1.70744,-1.94491,-0.191343,-1
puentes_4d.csv,4.12272,3.99172,4.23138,4.4999,1
puentes_4d.csv,4.43167,5.53895,-1.19464,-1.96574,-1
puentes_4d.csv,0.551061,-0.215521,0.340483,0.464917,1
puentes_4d.csv,1.8959,-1.95255,0.461621,2.00641,-1
puentes_4d.csv,3.79568,4.03456,3.99473,4.04879,1
puentes_4d.csv,3.70354,4.22299,3.78665,4.17324,1
puentes_4d.csv,-0.988306,1.32215,0.66919,-0.682721,-1
puentes_4d.csv,2.48508,2.55501,2.48593,2.62619,1
